univ_name,department,academic_cluster,category,category_id
中原大學,中原大學美國威大密爾瓦基分校電機與資訊工程雙學士學位學程,資訊學群,資訊工程學類,0101
中原大學,資訊工程學系,資訊學群,資訊工程學類,0101
中原大學,電機資訊學院學士班,資訊學群,資訊工程學類,0101
中原大學,電機資訊學院智慧運算與大數據學士班,資訊學群,資訊工程學類,0101
中國文化大學,資訊工程學系,資訊學群,資訊工程學類,0101
中華大學,資訊工程學系,資訊學群,資訊工程學類,0101
亞洲大學,人工智慧學系,資訊學群,資訊工程學類,0101
亞洲大學,資訊工程學系,資訊學群,資訊工程學類,0101
佛光大學,人工智慧技術與應用學士學位學程,資訊學群,資訊工程學類,0101
元智大學,資訊學院英語學士班,資訊學群,資訊工程學類,0101
元智大學,資訊工程學系,資訊學群,資訊工程學類,0101
元智大學,電機通訊學院英語學士班,資訊學群,資訊工程學類,0101
南華大學,資訊工程學系,資訊學群,資訊工程學類,0101
國立中央大學,資訊工程學系,資訊學群,資訊工程學類,0101
國立中央大學,資訊電機學院學士班,資訊學群,資訊工程學類,0101
國立中山大學,資訊工程學系,資訊學群,資訊工程學類,0101
國立中正大學,資訊工程學系,資訊學群,資訊工程學類,0101
國立中興大學,智慧創意工程學士學位學程,資訊學群,資訊工程學類,0101
國立中興大學,資訊工程學系,資訊學群,資訊工程學類,0101
國立中興大學,電機資訊學院學士班,資訊學群,資訊工程學類,0101
國立嘉義大學,資訊工程學系,資訊學群,資訊工程學類,0101
國立宜蘭大學,資訊工程學系,資訊學群,資訊工程學類,0101
國立屏東大學,智慧機器人學系,資訊學群,資訊工程學類,0101
國立屏東大學,資訊工程學系,資訊學群,資訊工程學類,0101
國立屏東大學,電腦科學與人工智慧學系,資訊學群,資訊工程學類,0101
國立屏東大學,電腦與通訊學系,資訊學群,資訊工程學類,0101
國立彰化師範大學,資訊工程學系,資訊學群,資訊工程學類,0101
國立成功大學,資訊工程學系,資訊學群,資訊工程學類,0101
國立政治大學,資訊科學系,資訊學群,資訊工程學類,0101
國立暨南國際大學,科技學院學士班,資訊學群,資訊工程學類,0101
國立暨南國際大學,資訊工程學系,資訊學群,資訊工程學類,0101
國立東華大學,資訊工程學系,資訊學群,資訊工程學類,0101
國立清華大學,資訊工程學系,資訊學群,資訊工程學類,0101
國立清華大學,電機資訊學院學士班,資訊學群,資訊工程學類,0101
國立聯合大學,資訊工程學系,資訊學群,資訊工程學類,0101
國立臺中教育大學,數位內容科技學系,資訊學群,資訊工程學類,0101
國立臺中教育大學,資訊工程學系,資訊學群,資訊工程學類,0101
國立臺北大學,資訊工程學系,資訊學群,資訊工程學類,0101
國立臺北教育大學,資訊科學系,資訊學群,資訊工程學類,0101
國立臺南大學,資訊工程學系,資訊學群,資訊工程學類,0101
國立臺東大學,綠能與資訊科技學系,資訊學群,資訊工程學類,0101
國立臺東大學,資訊工程學系,資訊學群,資訊工程學類,0101
國立臺灣大學,資訊工程學系,資訊學群,資訊工程學類,0101
國立臺灣師範大學,資訊工程學系,資訊學群,資訊工程學類,0101
國立臺灣海洋大學,資訊工程學系,資訊學群,資訊工程學類,0101
國立金門大學,資訊工程學系,資訊學群,資訊工程學類,0101
國立陽明交通大學,資訊工程學系,資訊學群,資訊工程學類,0101
國立高雄大學,資訊工程學系,資訊學群,資訊工程學類,0101
國立高雄師範大學,軟體工程與管理學系,資訊學群,資訊工程學類,0101
大同大學,資訊工程學系,資訊學群,資訊工程學類,0101
大葉大學,資訊工程學系,資訊學群,資訊工程學類,0101
實踐大學,資訊科技與通訊學系,資訊學群,資訊工程學類,0101
康寧大學,健康數位科技學系,資訊學群,資訊工程學類,0101
東海大學,資訊工程學系,資訊學群,資訊工程學類,0101
淡江大學,人工智慧學系,資訊學群,資訊工程學類,0101
淡江大學,資訊工程學系,資訊學群,資訊工程學類,0101
真理大學,資訊工程學系,資訊學群,資訊工程學類,0101
義守大學,資訊工程學系,資訊學群,資訊工程學類,0101
臺北市立大學,資訊科學系,資訊學群,資訊工程學類,0101
輔仁大學,人工智慧與資訊安全學士學位學程,資訊學群,資訊工程學類,0101
輔仁大學,資訊工程學系,資訊學群,資訊工程學類,0101
輔仁大學,醫學資訊與創新應用學士學位學程,資訊學群,資訊工程學類,0101
逢甲大學,人工智慧技術與應用學士學位學程,資訊學群,資訊工程學類,0101
逢甲大學,澳洲蒙納許大學資訊工程雙學士學位學程,資訊學群,資訊工程學類,0101
逢甲大學,美國加州舊金山州立大學資訊工程雙學士學位學程,資訊學群,資訊工程學類,0101
逢甲大學,美國普渡大學電機資訊雙學士學位學程,資訊學群,資訊工程學類,0101
逢甲大學,資訊工程學系,資訊學群,資訊工程學類,0101
逢甲大學,資訊電機學院學士班,資訊學群,資訊工程學類,0101
銘傳大學,人工智慧應用學系,資訊學群,資訊工程學類,0101
銘傳大學,資訊工程學系,資訊學群,資訊工程學類,0101
長庚大學,人工智慧學系,資訊學群,資訊工程學類,0101
長庚大學,資訊工程學系,資訊學群,資訊工程學類,0101
長榮大學,資訊工程學系,資訊學群,資訊工程學類,0101
開南大學,AI科技與創新設計學士學位學程,資訊學群,資訊工程學類,0101
靜宜大學,人工智慧應用學系,資訊學群,資訊工程學類,0101
靜宜大學,晶片設計學士學位學程,資訊學群,資訊工程學類,0101
靜宜大學,資料科學暨大數據分析與應用學系,資訊學群,資訊工程學類,0101
靜宜大學,資訊工程學系,資訊學群,資訊工程學類,0101
中國醫藥大學,醫療資訊學系,資訊學群,生物資訊學類,0102
中山醫學大學,醫學資訊學系,資訊學群,生物資訊學類,0102
慈濟大學,資訊工程學系,資訊學群,生物資訊學類,0102
世新大學,資訊傳播學系,資訊學群,資訊傳播學類,0103
中國文化大學,資訊傳播學系,資訊學群,資訊傳播學類,0103
亞洲大學,資訊傳播學系,資訊學群,資訊傳播學類,0103
元智大學,資訊傳播學系,資訊學群,資訊傳播學類,0103
淡江大學,資訊傳播學系,資訊學群,資訊傳播學類,0103
真理大學,人文與資訊學系,資訊學群,資訊傳播學類,0103
真理大學,運動資訊傳播學系,資訊學群,資訊傳播學類,0103
開南大學,資訊傳播學系,資訊學群,資訊傳播學類,0103
靜宜大學,智慧媒體與創新科技應用學士學位學程,資訊學群,資訊傳播學類,0103
世新大學,數位多媒體設計學系,資訊學群,數位媒體設計學類,0104
亞洲大學,數位媒體設計學系,資訊學群,數位媒體設計學類,0104
國立臺北教育大學,數位科技設計學系,資訊學群,數位媒體設計學類,0104
國立臺北藝術大學,動畫學系,資訊學群,數位媒體設計學類,0104
國立臺東大學,數位媒體與文教產業學系,資訊學群,數位媒體設計學類,0104
國立臺灣藝術大學,多媒體動畫藝術學系,資訊學群,數位媒體設計學類,0104
大同大學,數位媒體設計學系,資訊學群,數位媒體設計學類,0104
大葉大學,AI創新設計學士學位學程,資訊學群,數位媒體設計學類,0104
大葉大學,多媒體數位內容學士學位學程,資訊學群,數位媒體設計學類,0104
實踐大學,媒體傳達設計學系,資訊學群,數位媒體設計學類,0104
實踐大學,數位多媒體遊戲設計學系,資訊學群,數位媒體設計學類,0104
實踐大學,視覺特效學士學位學程,資訊學群,數位媒體設計學類,0104
實踐大學,電腦動畫學士學位學程,資訊學群,數位媒體設計學類,0104
明道大學(112學年度起停招、113年停辦)(專案輔導至112/5/31),數位設計學系,資訊學群,數位媒體設計學類,0104
臺灣首府大學(111學年度起停招、112年停辦)(專案輔導至113/5/31),資訊與多媒體設計學系,資訊學群,數位媒體設計學類,0104
華梵大學,攝影與VR設計學系,資訊學群,數位媒體設計學類,0104
銘傳大學,數位媒體設計學系,資訊學群,數位媒體設計學類,0104
長榮大學,互動設計學系,資訊學群,數位媒體設計學類,0104
長榮大學,數位內容設計學系,資訊學群,數位媒體設計學類,0104
長榮大學,數位媒體設計學系,資訊學群,數位媒體設計學類,0104
長榮大學,資訊暨設計學院學士班,資訊學群,數位媒體設計學類,0104
國立臺灣大學,圖書資訊學系,資訊學群,圖書資訊學類,0105
淡江大學,資訊與圖書館學系,資訊學群,圖書資訊學類,0105
輔仁大學,圖書資訊學系,資訊學群,圖書資訊學類,0105
國立嘉義大學,數位學習設計與管理學系,資訊學群,數位學習學類,0106
國立臺南大學,數位學習科技學系,資訊學群,數位學習學類,0106
淡江大學,教育科技學系,資訊學群,數位學習學類,0106
臺北市立大學,學習與媒材設計學系,資訊學群,數位學習學類,0106
世新大學,資訊管理學系,資訊學群,資訊管理學類,0107
中信金融管理學院,科技金融學系,資訊學群,資訊管理學類,0107
中原大學,資訊管理學系,資訊學群,資訊管理學類,0107
中國文化大學,資訊管理學系,資訊學群,資訊管理學類,0107
中華大學,中華大學美國舊金山州立大學資訊管理與決策科學學士學位學程,資訊學群,資訊管理學類,0107
中華大學,加州大學爾灣分校資訊管理與資料科學學士學位學程,資訊學群,資訊管理學類,0107
中華大學,應用外語暨智慧商務學士學位學程,資訊學群,資訊管理學類,0107
中華大學,資訊管理學系,資訊學群,資訊管理學類,0107
佛光大學,資訊應用學系,資訊學群,資訊管理學類,0107
元智大學,資訊學院英語學士班,資訊學群,資訊管理學類,0107
元智大學,資訊管理學系,資訊學群,資訊管理學類,0107
南華大學,資訊管理學系,資訊學群,資訊管理學類,0107
國立中央大學,資訊管理學系,資訊學群,資訊管理學類,0107
國立中山大學,資訊管理學系,資訊學群,資訊管理學類,0107
國立中正大學,資訊管理學系,資訊學群,資訊管理學類,0107
國立中興大學,資訊管理學系,資訊學群,資訊管理學類,0107
國立嘉義大學,資訊管理學系,資訊學群,資訊管理學類,0107
國立屏東大學,資訊管理學系,資訊學群,資訊管理學類,0107
國立彰化師範大學,資訊管理學系,資訊學群,資訊管理學類,0107
國立成功大學,工業與資訊管理學系,資訊學群,資訊管理學類,0107
國立政治大學,資訊管理學系,資訊學群,資訊管理學類,0107
國立暨南國際大學,資訊管理學系,資訊學群,資訊管理學類,0107
國立東華大學,資訊管理學系,資訊學群,資訊管理學類,0107
國立聯合大學,資訊管理學系,資訊學群,資訊管理學類,0107
國立臺東大學,資訊管理學系,資訊學群,資訊管理學類,0107
國立臺灣大學,資訊管理學系,資訊學群,資訊管理學類,0107
國立陽明交通大學,資訊管理與財務金融學系,資訊學群,資訊管理學類,0107
國立高雄大學,資訊管理學系,資訊學群,資訊管理學類,0107
大葉大學,會計與資訊管理學系,資訊學群,資訊管理學類,0107
實踐大學,東南亞智慧商務學士學位學程,資訊學群,資訊管理學類,0107
實踐大學,資訊科技與管理學系,資訊學群,資訊管理學類,0107
實踐大學,資訊管理學系,資訊學群,資訊管理學類,0107
慈濟大學,資訊科技與管理學系,資訊學群,資訊管理學類,0107
東吳大學,資料科學系,資訊學群,資訊管理學類,0107
東吳大學,資訊管理學系,資訊學群,資訊管理學類,0107
東海大學,資訊管理學系,資訊學群,資訊管理學類,0107
淡江大學,資訊管理學系,資訊學群,資訊管理學類,0107
義守大學,資訊管理學系,資訊學群,資訊管理學類,0107
華梵大學,智慧生活科技學系,資訊學群,資訊管理學類,0107
華梵大學,資訊管理學系,資訊學群,資訊管理學類,0107
輔仁大學,資訊管理學系,資訊學群,資訊管理學類,0107
銘傳大學,人工智慧應用暨管理學士學位學程,資訊學群,資訊管理學類,0107
銘傳大學,資訊科技應用與管理學士學位學程,資訊學群,資訊管理學類,0107
銘傳大學,資訊管理學系,資訊學群,資訊管理學類,0107
長庚大學,資訊管理學系,資訊學群,資訊管理學類,0107
開南大學,資訊管理學系,資訊學群,資訊管理學類,0107
靜宜大學,資訊管理學系,資訊學群,資訊管理學類,0107
中華大學,應用外語暨智慧商務學士學位學程,資訊學群,電子商務學類,0108
輔仁大學,國際溝通與科技創新學士學位學程,資訊學群,電子商務學類,0108
中原大學,中原大學美國威大密爾瓦基分校電機與資訊工程雙學士學位學程,工程學群,電機工程學類,0201
中原大學,資訊工程學系,工程學群,電機工程學類,0201
中原大學,電機工程學系,工程學群,電機工程學類,0201
中原大學,電機資訊學院學士班,工程學群,電機工程學類,0201
中國文化大學,資訊工程學系,工程學群,電機工程學類,0201
中國文化大學,電機工程學系,工程學群,電機工程學類,0201
中華大學,資訊工程學系,工程學群,電機工程學類,0201
中華大學,電機工程學系,工程學群,電機工程學類,0201
亞洲大學,資訊工程學系,工程學群,電機工程學類,0201
元智大學,資訊工程學系,工程學群,電機工程學類,0201
元智大學,電機工程學系,工程學群,電機工程學類,0201
元智大學,電機通訊學院英語學士班,工程學群,電機工程學類,0201
南華大學,資訊工程學系,工程學群,電機工程學類,0201
國立中央大學,資訊工程學系,工程學群,電機工程學類,0201
國立中央大學,電機工程學系,工程學群,電機工程學類,0201
國立中山大學,資訊工程學系,工程學群,電機工程學類,0201
國立中山大學,電機工程學系,工程學群,電機工程學類,0201
國立中正大學,資訊工程學系,工程學群,電機工程學類,0201
國立中正大學,電機工程學系,工程學群,電機工程學類,0201
國立中興大學,電機工程學系,工程學群,電機工程學類,0201
國立嘉義大學,資訊工程學系,工程學群,電機工程學類,0201
國立嘉義大學,電機工程學系,工程學群,電機工程學類,0201
國立宜蘭大學,資訊工程學系,工程學群,電機工程學類,0201
國立宜蘭大學,電機工程學系,工程學群,電機工程學類,0201
國立屏東大學,資訊工程學系,工程學群,電機工程學類,0201
國立彰化師範大學,資訊工程學系,工程學群,電機工程學類,0201
國立彰化師範大學,電機工程學系,工程學群,電機工程學類,0201
國立成功大學,資訊工程學系,工程學群,電機工程學類,0201
國立成功大學,電機工程學系,工程學群,電機工程學類,0201
國立暨南國際大學,資訊工程學系,工程學群,電機工程學類,0201
國立暨南國際大學,電機工程學系,工程學群,電機工程學類,0201
國立東華大學,資訊工程學系,工程學群,電機工程學類,0201
國立東華大學,電機工程學系,工程學群,電機工程學類,0201
國立清華大學,動力機械工程學系,工程學群,電機工程學類,0201
國立清華大學,資訊工程學系,工程學群,電機工程學類,0201
國立清華大學,電機工程學系,工程學群,電機工程學類,0201
國立清華大學,電機資訊學院學士班,工程學群,電機工程學類,0201
國立聯合大學,資訊工程學系,工程學群,電機工程學類,0201
國立聯合大學,電機工程學系,工程學群,電機工程學類,0201
國立臺中教育大學,資訊工程學系,工程學群,電機工程學類,0201
國立臺北大學,資訊工程學系,工程學群,電機工程學類,0201
國立臺北大學,電機工程學系,工程學群,電機工程學類,0201
國立臺南大學,資訊工程學系,工程學群,電機工程學類,0201
國立臺南大學,電機工程學系,工程學群,電機工程學類,0201
國立臺東大學,資訊工程學系,工程學群,電機工程學類,0201
國立臺灣大學,資訊工程學系,工程學群,電機工程學類,0201
國立臺灣大學,電機工程學系,工程學群,電機工程學類,0201
國立臺灣師範大學,資訊工程學系,工程學群,電機工程學類,0201
國立臺灣師範大學,電機工程學系,工程學群,電機工程學類,0201
國立臺灣海洋大學,資訊工程學系,工程學群,電機工程學類,0201
國立臺灣海洋大學,電機工程學系,工程學群,電機工程學類,0201
國立金門大學,資訊工程學系,工程學群,電機工程學類,0201
國立金門大學,電機工程學系,工程學群,電機工程學類,0201
國立陽明交通大學,百川學士學位學程,工程學群,電機工程學類,0201
國立陽明交通大學,資訊工程學系,工程學群,電機工程學類,0201
國立陽明交通大學,電機工程學系,工程學群,電機工程學類,0201
國立高雄大學,資訊工程學系,工程學群,電機工程學類,0201
國立高雄大學,電機工程學系,工程學群,電機工程學類,0201
國立高雄師範大學,電機工程學系,工程學群,電機工程學類,0201
大同大學,資訊工程學系,工程學群,電機工程學類,0201
大同大學,電機工程學系,工程學群,電機工程學類,0201
大葉大學,資訊工程學系,工程學群,電機工程學類,0201
大葉大學,電機工程學系,工程學群,電機工程學類,0201
東海大學,資訊工程學系,工程學群,電機工程學類,0201
東海大學,電機工程學系,工程學群,電機工程學類,0201
淡江大學,資訊工程學系,工程學群,電機工程學類,0201
淡江大學,電機工程學系,工程學群,電機工程學類,0201
真理大學,資訊工程學系,工程學群,電機工程學類,0201
義守大學,智慧科技英語學士學位學程,工程學群,電機工程學類,0201
義守大學,資訊工程學系,工程學群,電機工程學類,0201
義守大學,電機工程學系,工程學群,電機工程學類,0201
華梵大學,智慧生活科技學系,工程學群,電機工程學類,0201
輔仁大學,資訊工程學系,工程學群,電機工程學類,0201
輔仁大學,電機工程學系,工程學群,電機工程學類,0201
逢甲大學,澳洲昆士蘭大學電機工程雙學士學位學程,工程學群,電機工程學類,0201
逢甲大學,美國加州聖荷西州立大學電機工程雙學士學位學程,工程學群,電機工程學類,0201
逢甲大學,美國普渡大學電機資訊雙學士學位學程,工程學群,電機工程學類,0201
逢甲大學,自動控制工程學系,工程學群,電機工程學類,0201
逢甲大學,資訊工程學系,工程學群,電機工程學類,0201
逢甲大學,資訊電機學院學士班,工程學群,電機工程學類,0201
逢甲大學,電機工程學系,工程學群,電機工程學類,0201
銘傳大學,資訊工程學系,工程學群,電機工程學類,0201
銘傳大學,電機工程學系,工程學群,電機工程學類,0201
長庚大學,電機工程學系,工程學群,電機工程學類,0201
長榮大學,資訊工程學系,工程學群,電機工程學類,0201
靜宜大學,資訊工程學系,工程學群,電機工程學類,0201
中華大學,光電與材料工程學系,工程學群,光電學類,0202
元智大學,光電工程學系,工程學群,光電學類,0202
國立中央大學,光電科學與工程學系,工程學群,光電學類,0202
國立中央大學,理學院學士班,工程學群,光電學類,0202
國立中山大學,光電工程學系,工程學群,光電學類,0202
國立成功大學,光電科學與工程學系,工程學群,光電學類,0202
國立東華大學,光電工程學系,工程學群,光電學類,0202
國立聯合大學,光電工程學系,工程學群,光電學類,0202
國立臺灣師範大學,光電工程學士學位學程,工程學群,光電學類,0202
國立臺灣海洋大學,光電與材料科技學系,工程學群,光電學類,0202
國立陽明交通大學,光電工程學系,工程學群,光電學類,0202
國立陽明交通大學,百川學士學位學程,工程學群,光電學類,0202
逢甲大學,光電科學與工程學系,工程學群,光電學類,0202
中原大學,半導體產業學士學位學程,工程學群,電子工程學類,0203
中原大學,資訊工程學系,工程學群,電子工程學類,0203
中原大學,電子工程學系,工程學群,電子工程學類,0203
中原大學,電機工程學系,工程學群,電子工程學類,0203
中原大學,電機資訊學院學士班,工程學群,電子工程學類,0203
中國文化大學,資訊工程學系,工程學群,電子工程學類,0203
中國文化大學,電機工程學系,工程學群,電子工程學類,0203
中華大學,資訊工程學系,工程學群,電子工程學類,0203
中華大學,電機工程學系,工程學群,電子工程學類,0203
亞洲大學,半導體學士學位學程,工程學群,電子工程學類,0203
亞洲大學,資訊工程學系,工程學群,電子工程學類,0203
元智大學,資訊工程學系,工程學群,電子工程學類,0203
元智大學,電機工程學系,工程學群,電子工程學類,0203
南華大學,半導體應用學士學位學程,工程學群,電子工程學類,0203
南華大學,資訊工程學系,工程學群,電子工程學類,0203
國立中央大學,資訊工程學系,工程學群,電子工程學類,0203
國立中央大學,電機工程學系,工程學群,電子工程學類,0203
國立中山大學,資訊工程學系,工程學群,電子工程學類,0203
國立中山大學,電機工程學系,工程學群,電子工程學類,0203
國立中正大學,資訊工程學系,工程學群,電子工程學類,0203
國立中正大學,電機工程學系,工程學群,電子工程學類,0203
國立中興大學,智慧創意工程學士學位學程,工程學群,電子工程學類,0203
國立中興大學,電機工程學系,工程學群,電子工程學類,0203
國立嘉義大學,資訊工程學系,工程學群,電子工程學類,0203
國立嘉義大學,電機工程學系,工程學群,電子工程學類,0203
國立宜蘭大學,資訊工程學系,工程學群,電子工程學類,0203
國立宜蘭大學,電子工程學系,工程學群,電子工程學類,0203
國立宜蘭大學,電機工程學系,工程學群,電子工程學類,0203
國立屏東大學,資訊工程學系,工程學群,電子工程學類,0203
國立彰化師範大學,資訊工程學系,工程學群,電子工程學類,0203
國立彰化師範大學,電子工程學系,工程學群,電子工程學類,0203
國立彰化師範大學,電機工程學系,工程學群,電子工程學類,0203
國立成功大學,資訊工程學系,工程學群,電子工程學類,0203
國立成功大學,電機工程學系,工程學群,電子工程學類,0203
國立暨南國際大學,資訊工程學系,工程學群,電子工程學類,0203
國立暨南國際大學,電機工程學系,工程學群,電子工程學類,0203
國立東華大學,資訊工程學系,工程學群,電子工程學類,0203
國立東華大學,電機工程學系,工程學群,電子工程學類,0203
國立清華大學,資訊工程學系,工程學群,電子工程學類,0203
國立清華大學,電機工程學系,工程學群,電子工程學類,0203
國立清華大學,電機資訊學院學士班,工程學群,電子工程學類,0203
國立聯合大學,資訊工程學系,工程學群,電子工程學類,0203
國立聯合大學,電子工程學系,工程學群,電子工程學類,0203
國立聯合大學,電機工程學系,工程學群,電子工程學類,0203
國立臺中教育大學,資訊工程學系,工程學群,電子工程學類,0203
國立臺北大學,資訊工程學系,工程學群,電子工程學類,0203
國立臺北大學,電機工程學系,工程學群,電子工程學類,0203
國立臺南大學,資訊工程學系,工程學群,電子工程學類,0203
國立臺南大學,電機工程學系,工程學群,電子工程學類,0203
國立臺東大學,資訊工程學系,工程學群,電子工程學類,0203
國立臺灣大學,資訊工程學系,工程學群,電子工程學類,0203
國立臺灣大學,電機工程學系,工程學群,電子工程學類,0203
國立臺灣師範大學,資訊工程學系,工程學群,電子工程學類,0203
國立臺灣師範大學,電機工程學系,工程學群,電子工程學類,0203
國立臺灣海洋大學,資訊工程學系,工程學群,電子工程學類,0203
國立臺灣海洋大學,電機工程學系,工程學群,電子工程學類,0203
國立金門大學,資訊工程學系,工程學群,電子工程學類,0203
國立陽明交通大學,半導體工程學系,工程學群,電子工程學類,0203
國立陽明交通大學,資訊工程學系,工程學群,電子工程學類,0203
國立陽明交通大學,電子物理學系,工程學群,電子工程學類,0203
國立陽明交通大學,電機工程學系,工程學群,電子工程學類,0203
國立高雄大學,資訊工程學系,工程學群,電子工程學類,0203
國立高雄大學,電機工程學系,工程學群,電子工程學類,0203
國立高雄師範大學,電子工程學系,工程學群,電子工程學類,0203
大同大學,資訊工程學系,工程學群,電子工程學類,0203
大葉大學,半導體學士學位學程,工程學群,電子工程學類,0203
大葉大學,資訊工程學系,工程學群,電子工程學類,0203
大葉大學,電機工程學系,工程學群,電子工程學類,0203
東海大學,資訊工程學系,工程學群,電子工程學類,0203
東海大學,電機工程學系,工程學群,電子工程學類,0203
淡江大學,資訊工程學系,工程學群,電子工程學類,0203
淡江大學,電機工程學系,工程學群,電子工程學類,0203
真理大學,資訊工程學系,工程學群,電子工程學類,0203
義守大學,半導體學士學位學程,工程學群,電子工程學類,0203
義守大學,資訊工程學系,工程學群,電子工程學類,0203
義守大學,電子工程學系,工程學群,電子工程學類,0203
義守大學,電機工程學系,工程學群,電子工程學類,0203
華梵大學,電子工程學系,工程學群,電子工程學類,0203
輔仁大學,資訊工程學系,工程學群,電子工程學類,0203
輔仁大學,電機工程學系,工程學群,電子工程學類,0203
逢甲大學,資訊工程學系,工程學群,電子工程學類,0203
逢甲大學,資訊電機學院學士班,工程學群,電子工程學類,0203
逢甲大學,電子工程學系,工程學群,電子工程學類,0203
逢甲大學,電機工程學系,工程學群,電子工程學類,0203
銘傳大學,半導體應用學士學位學程,工程學群,電子工程學類,0203
銘傳大學,資訊工程學系,工程學群,電子工程學類,0203
長庚大學,電子工程學系,工程學群,電子工程學類,0203
長庚大學,電機工程學系,工程學群,電子工程學類,0203
長榮大學,資訊工程學系,工程學群,電子工程學類,0203
靜宜大學,晶片設計學士學位學程,工程學群,電子工程學類,0203
靜宜大學,資訊工程學系,工程學群,電子工程學類,0203
元智大學,通訊工程學系,工程學群,通訊工程學類,0204
元智大學,電機通訊學院英語學士班,工程學群,通訊工程學類,0204
國立中央大學,通訊工程學系,工程學群,通訊工程學類,0204
國立中正大學,通訊工程學系,工程學群,通訊工程學類,0204
國立屏東大學,電腦與通訊學系,工程學群,通訊工程學類,0204
國立臺北大學,通訊工程學系,工程學群,通訊工程學類,0204
國立臺灣海洋大學,通訊與導航工程學系,工程學群,通訊工程學類,0204
逢甲大學,資訊電機學院學士班,工程學群,通訊工程學類,0204
逢甲大學,通訊工程學系,工程學群,通訊工程學類,0204
國立成功大學,工程科學系,工程學群,工程科學學類,0205
國立成功大學,系統及船舶機電工程學系,工程學群,工程科學學類,0205
國立成功大學,能源工程國際學士學位學程,工程學群,工程科學學類,0205
國立成功大學,資源工程學系,工程學群,工程科學學類,0205
國立清華大學,原子科學院學士班,工程學群,工程科學學類,0205
國立清華大學,工程與系統科學系,工程學群,工程科學學類,0205
國立聯合大學,能源工程學系,工程學群,工程科學學類,0205
國立臺南大學,綠色能源科技學系,工程學群,工程科學學類,0205
國立臺灣大學,工程科學及海洋工程學系,工程學群,工程科學學類,0205
國立臺灣海洋大學,系統工程暨造船學系,工程學群,工程科學學類,0205
國立臺灣海洋大學,輪機工程學系,工程學群,工程科學學類,0205
大同大學,工程學院學士班,工程學群,工程科學學類,0205
中原大學,機械工程學系,工程學群,機械工程學類,0206
中原大學,電機工程學系,工程學群,機械工程學類,0206
中國文化大學,機械工程學系,工程學群,機械工程學類,0206
中國文化大學,電機工程學系,工程學群,機械工程學類,0206
中華大學,電機工程學系,工程學群,機械工程學類,0206
元智大學,工程學院英語學士班,工程學群,機械工程學類,0206
元智大學,機械工程學系,工程學群,機械工程學類,0206
元智大學,電機工程學系,工程學群,機械工程學類,0206
國立中央大學,機械工程學系,工程學群,機械工程學類,0206
國立中央大學,電機工程學系,工程學群,機械工程學類,0206
國立中山大學,機械與機電工程學系,工程學群,機械工程學類,0206
國立中山大學,電機工程學系,工程學群,機械工程學類,0206
國立中正大學,機械工程國際學士學位學程,工程學群,機械工程學類,0206
國立中正大學,機械工程學系,工程學群,機械工程學類,0206
國立中正大學,電機工程學系,工程學群,機械工程學類,0206
國立中興大學,智慧創意工程學士學位學程,工程學群,機械工程學類,0206
國立中興大學,機械工程學系,工程學群,機械工程學類,0206
國立中興大學,生物產業機電工程學系,工程學群,機械工程學類,0206
國立中興大學,電機工程學系,工程學群,機械工程學類,0206
國立嘉義大學,機械與能源工程學系,工程學群,機械工程學類,0206
國立嘉義大學,生物機電工程學系,工程學群,機械工程學類,0206
國立嘉義大學,電機工程學系,工程學群,機械工程學類,0206
國立宜蘭大學,機械與機電工程學系,工程學群,機械工程學類,0206
國立宜蘭大學,生物機電工程學系,工程學群,機械工程學類,0206
國立宜蘭大學,電機工程學系,工程學群,機械工程學類,0206
國立彰化師範大學,智慧車輛工程學系,工程學群,機械工程學類,0206
國立彰化師範大學,機電工程學系,工程學群,機械工程學類,0206
國立彰化師範大學,電機工程學系,工程學群,機械工程學類,0206
國立成功大學,機械工程學系,工程學群,機械工程學類,0206
國立成功大學,電機工程學系,工程學群,機械工程學類,0206
國立暨南國際大學,電機工程學系,工程學群,機械工程學類,0206
國立東華大學,電機工程學系,工程學群,機械工程學類,0206
國立清華大學,動力機械工程學系,工程學群,機械工程學類,0206
國立清華大學,工學院學士班,工程學群,機械工程學類,0206
國立清華大學,電機工程學系,工程學群,機械工程學類,0206
國立聯合大學,機械工程學系,工程學群,機械工程學類,0206
國立聯合大學,電機工程學系,工程學群,機械工程學類,0206
國立臺北大學,電機工程學系,工程學群,機械工程學類,0206
國立臺南大學,電機工程學系,工程學群,機械工程學類,0206
國立臺灣大學,機械工程學系,工程學群,機械工程學類,0206
國立臺灣大學,生物機電工程學系,工程學群,機械工程學類,0206
國立臺灣大學,電機工程學系,工程學群,機械工程學類,0206
國立臺灣師範大學,機電工程學系,工程學群,機械工程學類,0206
國立臺灣師範大學,車輛與能源工程學士學位學程,工程學群,機械工程學類,0206
國立臺灣師範大學,電機工程學系,工程學群,機械工程學類,0206
國立臺灣海洋大學,機械與機電工程學系,工程學群,機械工程學類,0206
國立臺灣海洋大學,電機工程學系,工程學群,機械工程學類,0206
國立陽明交通大學,機械工程學系,工程學群,機械工程學類,0206
國立陽明交通大學,百川學士學位學程,工程學群,機械工程學類,0206
國立陽明交通大學,電機工程學系,工程學群,機械工程學類,0206
國立高雄大學,電機工程學系,工程學群,機械工程學類,0206
大同大學,工程學院學士班,工程學群,機械工程學類,0206
大同大學,機械與材料工程學系,工程學群,機械工程學類,0206
大葉大學,機械與自動化工程學系,工程學群,機械工程學類,0206
大葉大學,電機工程學系,工程學群,機械工程學類,0206
東海大學,電機工程學系,工程學群,機械工程學類,0206
淡江大學,機械與機電工程學系,工程學群,機械工程學類,0206
淡江大學,電機工程學系,工程學群,機械工程學類,0206
義守大學,機械與自動化工程學系,工程學群,機械工程學類,0206
義守大學,電機工程學系,工程學群,機械工程學類,0206
華梵大學,機電工程學系,工程學群,機械工程學類,0206
輔仁大學,電機工程學系,工程學群,機械工程學類,0206
逢甲大學,機械與電腦輔助工程學系,工程學群,機械工程學類,0206
逢甲大學,精密系統設計學士學位學程,工程學群,機械工程學類,0206
逢甲大學,電機工程學系,工程學群,機械工程學類,0206
長庚大學,機械工程學系,工程學群,機械工程學類,0206
長庚大學,電機工程學系,工程學群,機械工程學類,0206
長榮大學,無人機應用學士學位學程,工程學群,機械工程學類,0206
國立成功大學,航空太空工程學系,工程學群,航空工程學類,0207
淡江大學,航空太空工程學系,工程學群,航空工程學類,0207
逢甲大學,航太與系統工程學系,工程學群,航空工程學類,0207
中原大學,土木工程學系,工程學群,土木工程學類,0208
中華大學,土木工程學系,工程學群,土木工程學類,0208
國立中央大學,土木工程學系,工程學群,土木工程學類,0208
國立中興大學,土木工程學系,工程學群,土木工程學類,0208
國立嘉義大學,土木與水資源工程學系,工程學群,土木工程學類,0208
國立宜蘭大學,土木工程學系,工程學群,土木工程學類,0208
國立成功大學,土木工程學系,工程學群,土木工程學類,0208
國立成功大學,測量及空間資訊學系,工程學群,土木工程學類,0208
國立暨南國際大學,土木工程學系,工程學群,土木工程學類,0208
國立聯合大學,土木與防災工程學系,工程學群,土木工程學類,0208
國立臺灣大學,土木工程學系,工程學群,土木工程學類,0208
國立臺灣海洋大學,河海工程學系,工程學群,土木工程學類,0208
國立金門大學,土木與工程管理學系,工程學群,土木工程學類,0208
國立陽明交通大學,土木工程學系,工程學群,土木工程學類,0208
國立高雄大學,土木與環境工程學系,工程學群,土木工程學類,0208
淡江大學,土木工程學系,工程學群,土木工程學類,0208
義守大學,土木工程學系,工程學群,土木工程學類,0208
逢甲大學,土木工程學系,工程學群,土木工程學類,0208
長榮大學,營建工程安全學士學位學程,工程學群,土木工程學類,0208
國立嘉義大學,土木與水資源工程學系,工程學群,水利/海洋工程學類,0209
國立成功大學,工程科學系,工程學群,水利/海洋工程學類,0209
國立成功大學,水利及海洋工程學系,工程學群,水利/海洋工程學類,0209
國立成功大學,系統及船舶機電工程學系,工程學群,水利/海洋工程學類,0209
國立臺灣海洋大學,河海工程學系,工程學群,水利/海洋工程學類,0209
國立臺灣海洋大學,海洋工程科技學士學位學程,工程學群,水利/海洋工程學類,0209
淡江大學,水資源及環境工程學系,工程學群,水利/海洋工程學類,0209
逢甲大學,水利工程與資源保育學系,工程學群,水利/海洋工程學類,0209
中原大學,化學工程學系,工程學群,化學工程學類,0210
中國文化大學,化學工程與材料工程學系,工程學群,化學工程學類,0210
中國文化大學,紡織科技創新與應用工程學系,工程學群,化學工程學類,0210
元智大學,化學工程與材料科學學系,工程學群,化學工程學類,0210
元智大學,工程學院英語學士班,工程學群,化學工程學類,0210
國立中央大學,化學工程與材料工程學系,工程學群,化學工程學類,0210
國立中正大學,化學工程學系,工程學群,化學工程學類,0210
國立中興大學,化學工程學系,工程學群,化學工程學類,0210
國立宜蘭大學,化學工程與材料工程學系,工程學群,化學工程學類,0210
國立成功大學,化學工程學系,工程學群,化學工程學類,0210
國立清華大學,化學工程學系,工程學群,化學工程學類,0210
國立清華大學,工學院學士班,工程學群,化學工程學類,0210
國立聯合大學,化學工程學系,工程學群,化學工程學類,0210
國立臺灣大學,化學工程學系,工程學群,化學工程學類,0210
國立高雄大學,化學工程及材料工程學系,工程學群,化學工程學類,0210
大同大學,化學工程與生物科技學系,工程學群,化學工程學類,0210
大同大學,工程學院學士班,工程學群,化學工程學類,0210
東海大學,化學工程與材料工程學系,工程學群,化學工程學類,0210
淡江大學,化學工程與材料工程學系,工程學群,化學工程學類,0210
義守大學,化學工程學系,工程學群,化學工程學類,0210
逢甲大學,化學工程學系,工程學群,化學工程學類,0210
長庚大學,化工與材料工程學系,工程學群,化學工程學類,0210
中華大學,光電與材料工程學系,工程學群,材料工程學類,0211
國立中山大學,材料與光電科學學系,工程學群,材料工程學類,0211
國立中興大學,智慧創意工程學士學位學程,工程學群,材料工程學類,0211
國立中興大學,材料科學與工程學系,工程學群,材料工程學類,0211
國立成功大學,材料科學及工程學系,工程學群,材料工程學類,0211
國立暨南國際大學,應用材料及光電工程學系,工程學群,材料工程學類,0211
國立東華大學,材料科學與工程學系,工程學群,材料工程學類,0211
國立清華大學,工學院學士班,工程學群,材料工程學類,0211
國立清華大學,材料科學工程學系,工程學群,材料工程學類,0211
國立聯合大學,材料科學工程學系,工程學群,材料工程學類,0211
國立臺南大學,材料科學系,工程學群,材料工程學類,0211
國立臺灣大學,材料科學與工程學系,工程學群,材料工程學類,0211
國立陽明交通大學,材料科學與工程學系,工程學群,材料工程學類,0211
大同大學,工程學院學士班,工程學群,材料工程學類,0211
大同大學,機械與材料工程學系,工程學群,材料工程學類,0211
明道大學(112學年度起停招、113年停辦)(專案輔導至112/5/31),智慧能源工程學系,工程學群,材料工程學類,0211
義守大學,材料科學與工程學系,工程學群,材料工程學類,0211
逢甲大學,材料科學與工程學系,工程學群,材料工程學類,0211
逢甲大學,纖維與複合材料學系,工程學群,材料工程學類,0211
中原大學,生物醫學工程學系,工程學群,生醫/醫學工程學類,0212
中國醫藥大學,生物醫學工程學系,工程學群,生醫/醫學工程學類,0212
亞洲大學,生物資訊與醫學工程學系,工程學群,生醫/醫學工程學類,0212
國立中山大學,生物醫學科技學系全英語學士班,工程學群,生醫/醫學工程學類,0212
國立成功大學,生物醫學工程學系,工程學群,生醫/醫學工程學類,0212
國立清華大學,生醫工程與環境科學系,工程學群,生醫/醫學工程學類,0212
國立臺灣大學,醫學工程學系,工程學群,生醫/醫學工程學類,0212
國立陽明交通大學,生物醫學工程學系,工程學群,生醫/醫學工程學類,0212
國立陽明交通大學,百川學士學位學程,工程學群,生醫/醫學工程學類,0212
大葉大學,醫學工程學系,工程學群,生醫/醫學工程學類,0212
慈濟大學,生物醫學暨工程學系,工程學群,生醫/醫學工程學類,0212
義守大學,生物醫學工程學系,工程學群,生醫/醫學工程學類,0212
臺北醫學大學,生物醫學工程學系,工程學群,生醫/醫學工程學類,0212
銘傳大學,生物醫學工程學系,工程學群,生醫/醫學工程學類,0212
長庚大學,生物醫學工程學系,工程學群,生醫/醫學工程學類,0212
中原大學,環境工程學系,工程學群,環境工程學類,0213
國立中興大學,環境工程學系,工程學群,環境工程學類,0213
國立宜蘭大學,環境工程學系,工程學群,環境工程學類,0213
國立成功大學,環境工程學系,工程學群,環境工程學類,0213
國立聯合大學,環境與安全衛生工程學系,工程學群,環境工程學類,0213
國立臺灣大學,生物環境系統工程學系,工程學群,環境工程學類,0213
國立高雄大學,土木與環境工程學系,工程學群,環境工程學類,0213
大葉大學,環境與安全工程學系,工程學群,環境工程學類,0213
東海大學,環境科學與工程學系,工程學群,環境工程學類,0213
逢甲大學,環境工程與科學學系,工程學群,環境工程學類,0213
長榮大學,綠能與環境資源學系,工程學群,環境工程學類,0213
靜宜大學,永續環境與智慧科技學士學位學程,工程學群,環境工程學類,0213
中原大學,建築學系,工程學群,建築學類,0214
中原大學,英國牛津布魯克斯大學建築及都市設計雙學士學位學程,工程學群,建築學類,0214
中國文化大學,建築及都市設計學系,工程學群,建築學類,0214
中華大學,建築與都市計畫學系,工程學群,建築學類,0214
佛光大學,建築環境設計學士學位學程,工程學群,建築學類,0214
南華大學,建築學系,工程學群,建築學類,0214
國立成功大學,建築學系,工程學群,建築學類,0214
國立聯合大學,建築學系,工程學群,建築學類,0214
國立金門大學,建築學系,工程學群,建築學類,0214
國立高雄大學,建築學系,工程學群,建築學類,0214
實踐大學,建築職人學士學位學程,工程學群,建築學類,0214
實踐大學,建築設計學系,工程學群,建築學類,0214
東海大學,建築學系,工程學群,建築學類,0214
淡江大學,建築學系,工程學群,建築學類,0214
華梵大學,建築學系,工程學群,建築學類,0214
逢甲大學,建築專業學院學士班,工程學群,建築學類,0214
銘傳大學,建築學系,工程學群,建築學類,0214
國立彰化師範大學,電機與機械科技學系,工程學群,科技教育學類,0215
國立臺灣師範大學,工業教育學系,工程學群,科技教育學類,0215
國立臺灣師範大學,科技應用與人力資源發展學系,工程學群,科技教育學類,0215
國立高雄師範大學,工業科技教育學系,工程學群,科技教育學類,0215
中原大學,工業與系統工程學系,工程學群,工業工程與管理學類,0216
中華大學,工業管理學系,工程學群,工業工程與管理學類,0216
元智大學,工業工程與管理學系,工程學群,工業工程與管理學類,0216
國立中央大學,工學院學士班,工程學群,工業工程與管理學類,0216
國立嘉義大學,科技管理學系,工程學群,工業工程與管理學類,0216
國立成功大學,工業與資訊管理學系,工程學群,工業工程與管理學類,0216
國立清華大學,工學院學士班,工程學群,工業工程與管理學類,0216
國立清華大學,工業工程與工程管理學系,工程學群,工業工程與管理學類,0216
國立清華大學,科技管理學院學士班,工程學群,工業工程與管理學類,0216
國立金門大學,工業工程與管理學系,工程學群,工業工程與管理學類,0216
國立陽明交通大學,工業工程與管理學系,工程學群,工業工程與管理學類,0216
大葉大學,工業工程與管理學系,工程學群,工業工程與管理學類,0216
東海大學,工業工程與經營資訊學系,工程學群,工業工程與管理學類,0216
華梵大學,工業工程與經營資訊學系,工程學群,工業工程與管理學類,0216
逢甲大學,工業工程與系統管理學系,工程學群,工業工程與管理學類,0216
長榮大學,創新應用管理學系,工程學群,工業工程與管理學類,0216
長榮大學,科技工程與管理學系,工程學群,工業工程與管理學類,0216
國立成功大學,交通管理科學系,工程學群,運輸物流管理學類,0217
國立臺灣海洋大學,商船學系,工程學群,運輸物流管理學類,0217
國立臺灣海洋大學,海洋經營管理學士學位學程,工程學群,運輸物流管理學類,0217
國立臺灣海洋大學,航運管理學系,工程學群,運輸物流管理學類,0217
國立臺灣海洋大學,運輸科學系,工程學群,運輸物流管理學類,0217
國立陽明交通大學,運輸與物流管理學系,工程學群,運輸物流管理學類,0217
淡江大學,運輸管理學系,工程學群,運輸物流管理學類,0217
真理大學,航空事業學系,工程學群,運輸物流管理學類,0217
逢甲大學,運輸與物流學系,工程學群,運輸物流管理學類,0217
長榮大學,航運管理學系,工程學群,運輸物流管理學類,0217
開南大學,交通運輸學系,工程學群,運輸物流管理學類,0217
開南大學,國際物流與運輸管理學系,工程學群,運輸物流管理學類,0217
開南大學,空運管理學系,工程學群,運輸物流管理學類,0217
中原大學,應用數學系,數理化學群,數學學類,0301
中國文化大學,應用數學系,數理化學群,數學學類,0301
國立中央大學,數學系,數理化學群,數學學類,0301
國立中央大學,理學院學士班,數理化學群,數學學類,0301
國立中山大學,應用數學系,數理化學群,數學學類,0301
國立中正大學,數學系,數理化學群,數學學類,0301
國立中興大學,應用數學系,數理化學群,數學學類,0301
國立嘉義大學,應用數學系,數理化學群,數學學類,0301
國立屏東大學,應用數學系,數理化學群,數學學類,0301
國立彰化師範大學,數學系,數理化學群,數學學類,0301
國立成功大學,數學系,數理化學群,數學學類,0301
國立政治大學,應用數學系,數理化學群,數學學類,0301
國立東華大學,應用數學系,數理化學群,數學學類,0301
國立清華大學,數學系,數理化學群,數學學類,0301
國立臺南大學,應用數學系,數理化學群,數學學類,0301
國立臺東大學,應用數學系,數理化學群,數學學類,0301
國立臺灣大學,數學系,數理化學群,數學學類,0301
國立臺灣師範大學,數學系,數理化學群,數學學類,0301
國立陽明交通大學,應用數學系,數理化學群,數學學類,0301
國立陽明交通大學,理學院科學學士學位學程,數理化學群,數學學類,0301
國立高雄大學,應用數學系,數理化學群,數學學類,0301
國立高雄師範大學,數學系,數理化學群,數學學類,0301
東吳大學,數學系,數理化學群,數學學類,0301
東海大學,智慧計算暨應用數學系,數理化學群,數學學類,0301
東海大學,永續科學與管理學士學位學程,數理化學群,數學學類,0301
淡江大學,應用數學與數據科學學系,數理化學群,數學學類,0301
臺北市立大學,數據科學與數學系,數理化學群,數學學類,0301
輔仁大學,數學系,數理化學群,數學學類,0301
逢甲大學,應用數學系,數理化學群,數學學類,0301
中原大學,化學系,數理化學群,化學學類,0302
中國文化大學,化學系,數理化學群,化學學類,0302
中山醫學大學,醫學應用化學系,數理化學群,化學學類,0302
國立中央大學,化學學系,數理化學群,化學學類,0302
國立中央大學,理學院學士班,數理化學群,化學學類,0302
國立中山大學,化學系,數理化學群,化學學類,0302
國立中正大學,化學暨生物化學系,數理化學群,化學學類,0302
國立中興大學,化學系,數理化學群,化學學類,0302
國立嘉義大學,應用化學系,數理化學群,化學學類,0302
國立屏東大學,應用化學系,數理化學群,化學學類,0302
國立彰化師範大學,化學系,數理化學群,化學學類,0302
國立成功大學,化學系,數理化學群,化學學類,0302
國立暨南國際大學,應用化學系,數理化學群,化學學類,0302
國立東華大學,化學系,數理化學群,化學學類,0302
國立清華大學,化學系,數理化學群,化學學類,0302
國立清華大學,原子科學院學士班,數理化學群,化學學類,0302
國立清華大學,理學院學士班,數理化學群,化學學類,0302
國立臺灣大學,化學系,數理化學群,化學學類,0302
國立臺灣師範大學,化學系,數理化學群,化學學類,0302
國立陽明交通大學,應用化學系,數理化學群,化學學類,0302
國立陽明交通大學,理學院科學學士學位學程,數理化學群,化學學類,0302
國立高雄大學,應用化學系,數理化學群,化學學類,0302
國立高雄師範大學,化學系,數理化學群,化學學類,0302
東吳大學,化學系,數理化學群,化學學類,0302
東海大學,化學系,數理化學群,化學學類,0302
東海大學,永續科學與管理學士學位學程,數理化學群,化學學類,0302
淡江大學,化學學系,數理化學群,化學學類,0302
淡江大學,理學院尖端材料科學學士學位學程,數理化學群,化學學類,0302
輔仁大學,化學系,數理化學群,化學學類,0302
靜宜大學,應用化學系,數理化學群,化學學類,0302
高雄醫學大學,醫藥暨應用化學系,數理化學群,化學學類,0302
中原大學,物理學系,數理化學群,物理學類,0303
中國文化大學,光電物理學系,數理化學群,物理學類,0303
國立中央大學,物理學系,數理化學群,物理學類,0303
國立中央大學,理學院學士班,數理化學群,物理學類,0303
國立中山大學,物理學系,數理化學群,物理學類,0303
國立中正大學,物理學系,數理化學群,物理學類,0303
國立中興大學,物理學系,數理化學群,物理學類,0303
國立嘉義大學,電子物理學系,數理化學群,物理學類,0303
國立屏東大學,應用物理系,數理化學群,物理學類,0303
國立彰化師範大學,物理學系,數理化學群,物理學類,0303
國立成功大學,物理學系,數理化學群,物理學類,0303
國立東華大學,物理學系,數理化學群,物理學類,0303
國立清華大學,物理學系,數理化學群,物理學類,0303
國立臺灣大學,物理學系,數理化學群,物理學類,0303
國立臺灣師範大學,物理學系,數理化學群,物理學類,0303
國立陽明交通大學,理學院科學學士學位學程,數理化學群,物理學類,0303
國立陽明交通大學,電子物理學系,數理化學群,物理學類,0303
國立高雄大學,應用物理學系,數理化學群,物理學類,0303
國立高雄師範大學,物理學系,數理化學群,物理學類,0303
東吳大學,物理學系,數理化學群,物理學類,0303
東海大學,應用物理學系,數理化學群,物理學類,0303
東海大學,永續科學與管理學士學位學程,數理化學群,物理學類,0303
淡江大學,物理學系,數理化學群,物理學類,0303
淡江大學,理學院尖端材料科學學士學位學程,數理化學群,物理學類,0303
輔仁大學,物理學系,數理化學群,物理學類,0303
國立嘉義大學,應用化學系,數理化學群,自然科學學類,0304
國立屏東大學,應用化學系,數理化學群,自然科學學類,0304
國立屏東大學,科學傳播學系,數理化學群,自然科學學類,0304
國立暨南國際大學,應用化學系,數理化學群,自然科學學類,0304
國立臺中教育大學,科學教育與應用學系,數理化學群,自然科學學類,0304
國立臺北教育大學,自然科學教育學系,數理化學群,自然科學學類,0304
國立臺東大學,應用科學系,數理化學群,自然科學學類,0304
國立陽明交通大學,應用化學系,數理化學群,自然科學學類,0304
國立高雄大學,應用化學系,數理化學群,自然科學學類,0304
東海大學,永續科學與管理學士學位學程,數理化學群,自然科學學類,0304
臺北市立大學,地球環境暨生物資源學系,數理化學群,自然科學學類,0304
臺北市立大學,應用物理暨化學系,數理化學群,自然科學學類,0304
靜宜大學,應用化學系,數理化學群,自然科學學類,0304
國立中興大學,土壤環境科學系,數理化學群,生化學類,0305
國立嘉義大學,生化科技學系,數理化學群,生化學類,0305
國立臺灣大學,生化科技學系,數理化學群,生化學類,0305
國立臺灣大學,農業化學系,數理化學群,生化學類,0305
國立臺中教育大學,數學教育學系,數理化學群,數學資訊教育學類,0306
國立臺北教育大學,數學暨資訊教育學系,數理化學群,數學資訊教育學類,0306
中原大學,電機資訊學院智慧運算與大數據學士班,數理化學群,統計學類,0307
國立屏東大學,商業大數據學系,數理化學群,統計學類,0307
國立成功大學,統計與資料科學學系,數理化學群,統計學類,0307
國立政治大學,統計學系,數理化學群,統計學類,0307
國立臺北大學,統計學系,數理化學群,統計學類,0307
東吳大學,資料科學系,數理化學群,統計學類,0307
東海大學,統計學系,數理化學群,統計學類,0307
淡江大學,統計與資料科學學系,數理化學群,統計學類,0307
輔仁大學,統計資訊學系,數理化學群,統計學類,0307
逢甲大學,統計學系,數理化學群,統計學類,0307
靜宜大學,資料科學暨大數據分析與應用學系,數理化學群,統計學類,0307
中國醫藥大學,中醫學系,醫藥衛生學群,醫學學類,0401
中國醫藥大學,醫學系,醫藥衛生學群,醫學學類,0401
中山醫學大學,醫學系,醫藥衛生學群,醫學學類,0401
國立成功大學,醫學系,醫藥衛生學群,醫學學類,0401
國立臺灣大學,醫學工程學系,醫藥衛生學群,醫學學類,0401
國立臺灣大學,醫學系,醫藥衛生學群,醫學學類,0401
國立陽明交通大學,中醫學系,醫藥衛生學群,醫學學類,0401
國立陽明交通大學,醫學系,醫藥衛生學群,醫學學類,0401
慈濟大學,醫學系,醫藥衛生學群,醫學學類,0401
義守大學,醫學系,醫藥衛生學群,醫學學類,0401
臺北醫學大學,醫學系,醫藥衛生學群,醫學學類,0401
輔仁大學,醫學系,醫藥衛生學群,醫學學類,0401
長庚大學,中醫學系,醫藥衛生學群,醫學學類,0401
長庚大學,醫學系,醫藥衛生學群,醫學學類,0401
馬偕醫學大學,醫學系,醫藥衛生學群,醫學學類,0401
高雄醫學大學,醫學系,醫藥衛生學群,醫學學類,0401
中國醫藥大學,公共衛生學院大一不分系,醫藥衛生學群,公共衛生學類,0402
中山醫學大學,公共衛生學系,醫藥衛生學群,公共衛生學類,0402
國立臺灣大學,公共衛生學系,醫藥衛生學群,公共衛生學類,0402
國立臺灣師範大學,健康促進與衛生教育學系,醫藥衛生學群,公共衛生學類,0402
慈濟大學,公共衛生學系,醫藥衛生學群,公共衛生學類,0402
臺北市立大學,衛生福利學系,醫藥衛生學群,公共衛生學類,0402
臺北醫學大學,公共衛生學系,醫藥衛生學群,公共衛生學類,0402
臺北醫學大學,口腔衛生學系,醫藥衛生學群,公共衛生學類,0402
輔仁大學,公共衛生學系,醫藥衛生學群,公共衛生學類,0402
高雄醫學大學,公共衛生學系,醫藥衛生學群,公共衛生學類,0402
高雄醫學大學,口腔衛生學系,醫藥衛生學群,公共衛生學類,0402
中國醫藥大學,牙醫學系,醫藥衛生學群,牙醫學類,0403
中山醫學大學,牙醫學系,醫藥衛生學群,牙醫學類,0403
國立成功大學,牙醫學系,醫藥衛生學群,牙醫學類,0403
國立臺灣大學,牙醫學系,醫藥衛生學群,牙醫學類,0403
國立陽明交通大學,牙醫學系,醫藥衛生學群,牙醫學類,0403
臺北醫學大學,口腔衛生學系,醫藥衛生學群,牙醫學類,0403
臺北醫學大學,牙醫學系,醫藥衛生學群,牙醫學類,0403
臺北醫學大學,牙體技術學系,醫藥衛生學群,牙醫學類,0403
高雄醫學大學,口腔衛生學系,醫藥衛生學群,牙醫學類,0403
高雄醫學大學,牙醫學系,醫藥衛生學群,牙醫學類,0403
中國醫藥大學,物理治療學系,醫藥衛生學群,物理治療學類,0404
中山醫學大學,物理治療學系,醫藥衛生學群,物理治療學類,0404
亞洲大學,物理治療學系,醫藥衛生學群,物理治療學類,0404
國立成功大學,物理治療學系,醫藥衛生學群,物理治療學類,0404
國立臺灣大學,物理治療學系,醫藥衛生學群,物理治療學類,0404
國立陽明交通大學,物理治療暨輔助科技學系,醫藥衛生學群,物理治療學類,0404
慈濟大學,物理治療學系,醫藥衛生學群,物理治療學類,0404
義守大學,物理治療學系,醫藥衛生學群,物理治療學類,0404
長庚大學,物理治療學系,醫藥衛生學群,物理治療學類,0404
高雄醫學大學,物理治療學系,醫藥衛生學群,物理治療學類,0404
中山醫學大學,職能治療學系,醫藥衛生學群,職能治療學類,0405
中山醫學大學,語言治療與聽力學系,醫藥衛生學群,職能治療學類,0405
亞洲大學,職能治療學系,醫藥衛生學群,職能治療學類,0405
亞洲大學,聽力暨語言治療學系,醫藥衛生學群,職能治療學類,0405
國立成功大學,職能治療學系,醫藥衛生學群,職能治療學類,0405
國立臺灣大學,職能治療學系,醫藥衛生學群,職能治療學類,0405
大葉大學,職能治療學系,醫藥衛生學群,職能治療學類,0405
義守大學,職能治療學系,醫藥衛生學群,職能治療學類,0405
輔仁大學,職能治療學系,醫藥衛生學群,職能治療學類,0405
長庚大學,職能治療學系,醫藥衛生學群,職能治療學類,0405
馬偕醫學大學,聽力暨語言治療學系,醫藥衛生學群,職能治療學類,0405
高雄醫學大學,職能治療學系,醫藥衛生學群,職能治療學類,0405
中國醫藥大學,護理學系,醫藥衛生學群,護理學類,0406
中山醫學大學,護理學系,醫藥衛生學群,護理學類,0406
亞洲大學,護理學系,醫藥衛生學群,護理學類,0406
元智大學,護理學系,醫藥衛生學群,護理學類,0406
國立中山大學,護理學系,醫藥衛生學群,護理學類,0406
國立成功大學,護理學系,醫藥衛生學群,護理學類,0406
國立暨南國際大學,護理學系,醫藥衛生學群,護理學類,0406
國立臺東大學,護理學系,醫藥衛生學群,護理學類,0406
國立臺灣大學,護理學系,醫藥衛生學群,護理學類,0406
國立金門大學,護理學系,醫藥衛生學群,護理學類,0406
國立陽明交通大學,護理學系,醫藥衛生學群,護理學類,0406
大葉大學,護理學系,醫藥衛生學群,護理學類,0406
慈濟大學,護理學系,醫藥衛生學群,護理學類,0406
義守大學,護理學系,醫藥衛生學群,護理學類,0406
臺北醫學大學,護理學系,醫藥衛生學群,護理學類,0406
輔仁大學,護理學系,醫藥衛生學群,護理學類,0406
長庚大學,護理學系,醫藥衛生學群,護理學類,0406
長榮大學,護理學系,醫藥衛生學群,護理學類,0406
馬偕醫學大學,護理學系,醫藥衛生學群,護理學類,0406
高雄醫學大學,護理學系,醫藥衛生學群,護理學類,0406
中國醫藥大學,醫學檢驗生物技術學系,醫藥衛生學群,醫學檢驗暨生物技術學類,0407
中山醫學大學,視光學系,醫藥衛生學群,醫學檢驗暨生物技術學類,0407
中山醫學大學,醫學檢驗暨生物技術學系,醫藥衛生學群,醫學檢驗暨生物技術學類,0407
亞洲大學,視光學系,醫藥衛生學群,醫學檢驗暨生物技術學類,0407
亞洲大學,醫學檢驗暨生物技術學系,醫藥衛生學群,醫學檢驗暨生物技術學類,0407
國立成功大學,醫學檢驗生物技術學系,醫藥衛生學群,醫學檢驗暨生物技術學類,0407
國立臺灣大學,醫學檢驗暨生物技術學系,醫藥衛生學群,醫學檢驗暨生物技術學類,0407
國立陽明交通大學,醫學生物技術暨檢驗學系,醫藥衛生學群,醫學檢驗暨生物技術學類,0407
大葉大學,視光學系,醫藥衛生學群,醫學檢驗暨生物技術學類,0407
慈濟大學,醫學檢驗生物技術學系,醫藥衛生學群,醫學檢驗暨生物技術學類,0407
義守大學,醫學檢驗技術學系,醫藥衛生學群,醫學檢驗暨生物技術學類,0407
臺北醫學大學,醫學檢驗暨生物技術學系,醫藥衛生學群,醫學檢驗暨生物技術學類,0407
長庚大學,醫學生物技術暨檢驗學系,醫藥衛生學群,醫學檢驗暨生物技術學類,0407
馬偕醫學大學,視光學系,醫藥衛生學群,醫學檢驗暨生物技術學類,0407
馬偕醫學大學,醫學檢驗暨再生醫學學系,醫藥衛生學群,醫學檢驗暨生物技術學類,0407
高雄醫學大學,醫學檢驗生物技術學系,醫藥衛生學群,醫學檢驗暨生物技術學類,0407
中國醫藥大學,生物醫學影像暨放射科學學系,醫藥衛生學群,醫學影像暨放射科學學類,0408
中山醫學大學,醫學影像暨放射科學系,醫藥衛生學群,醫學影像暨放射科學學類,0408
國立陽明交通大學,生物醫學影像暨放射科學系,醫藥衛生學群,醫學影像暨放射科學學類,0408
慈濟大學,醫學影像暨放射科學系,醫藥衛生學群,醫學影像暨放射科學學類,0408
義守大學,醫學影像暨放射科學系,醫藥衛生學群,醫學影像暨放射科學學類,0408
長庚大學,醫學影像暨放射科學系,醫藥衛生學群,醫學影像暨放射科學學類,0408
高雄醫學大學,醫學影像暨放射科學系,醫藥衛生學群,醫學影像暨放射科學學類,0408
中國醫藥大學,中國藥學暨中藥資源學系,醫藥衛生學群,藥學學類,0409
中國醫藥大學,藥學系,醫藥衛生學群,藥學學類,0409
國立嘉義大學,微生物免疫與生物藥學系,醫藥衛生學群,藥學學類,0409
國立成功大學,藥學系,醫藥衛生學群,藥學學類,0409
國立臺灣大學,藥學系,醫藥衛生學群,藥學學類,0409
國立陽明交通大學,藥學系,醫藥衛生學群,藥學學類,0409
慈濟大學,藥學系,醫藥衛生學群,藥學學類,0409
臺北醫學大學,藥學系,醫藥衛生學群,藥學學類,0409
高雄醫學大學,藥學系,醫藥衛生學群,藥學學類,0409
高雄醫學大學,醫藥暨應用化學系,醫藥衛生學群,藥學學類,0409
中國文化大學,保健營養學系,醫藥衛生學群,食品營養保健學類,0410
中國醫藥大學,營養學系,醫藥衛生學群,食品營養保健學類,0410
中山醫學大學,健康產業科技管理學系,醫藥衛生學群,食品營養保健學類,0410
中山醫學大學,營養學系,醫藥衛生學群,食品營養保健學類,0410
亞洲大學,食品營養與保健生技學系,醫藥衛生學群,食品營養保健學類,0410
國立臺灣師範大學,營養科學學士學位學程,醫藥衛生學群,食品營養保健學類,0410
大葉大學,藥用植物與食品保健學系,醫藥衛生學群,食品營養保健學類,0410
實踐大學,食品營養與保健生技學系,醫藥衛生學群,食品營養保健學類,0410
義守大學,營養學系,醫藥衛生學群,食品營養保健學類,0410
臺北醫學大學,保健營養學系,醫藥衛生學群,食品營養保健學類,0410
臺北醫學大學,食品安全學系,醫藥衛生學群,食品營養保健學類,0410
輔仁大學,營養科學系,醫藥衛生學群,食品營養保健學類,0410
長榮大學,保健營養學系,醫藥衛生學群,食品營養保健學類,0410
長榮大學,食品安全衛生與檢驗學士學位學程,醫藥衛生學群,食品營養保健學類,0410
開南大學,保健營養學系,醫藥衛生學群,食品營養保健學類,0410
靜宜大學,食品營養學系,醫藥衛生學群,食品營養保健學類,0410
臺北醫學大學,呼吸治療學系,醫藥衛生學群,呼吸治療學類,0411
輔仁大學,呼吸治療學系,醫藥衛生學群,呼吸治療學類,0411
長庚大學,呼吸治療學系,醫藥衛生學群,呼吸治療學類,0411
高雄醫學大學,呼吸治療學系,醫藥衛生學群,呼吸治療學類,0411
亞洲大學,長期照護學系,醫藥衛生學群,健康照護學類,0412
國立金門大學,長期照護學系,醫藥衛生學群,健康照護學類,0412
康寧大學,健康照護管理學系,醫藥衛生學群,健康照護學類,0412
康寧大學,長期照護學系,醫藥衛生學群,健康照護學類,0412
東海大學,高齡健康與運動科學學士學位學程,醫藥衛生學群,健康照護學類,0412
臺北醫學大學,高齡健康暨長期照護學系,醫藥衛生學群,健康照護學類,0412
長榮大學,醫學社會暨健康照護學士學位學程,醫藥衛生學群,健康照護學類,0412
開南大學,健康產業管理學系,醫藥衛生學群,健康照護學類,0412
開南大學,養生與健康行銷學系,醫藥衛生學群,健康照護學類,0412
中國醫藥大學,藥用化妝品學系,醫藥衛生學群,化妝品學類,0413
靜宜大學,化粧品科學系,醫藥衛生學群,化妝品學類,0413
高雄醫學大學,香粧品學系,醫藥衛生學群,化妝品學類,0413
中山醫學大學,職業安全衛生學系,醫藥衛生學群,職業安全與衛生學類,0414
長榮大學,營建工程安全學士學位學程,醫藥衛生學群,職業安全與衛生學類,0414
長榮大學,職業安全與衛生學系,醫藥衛生學群,職業安全與衛生學類,0414
國立中興大學,獸醫學系,醫藥衛生學群,獸醫學類,0415
國立嘉義大學,獸醫學系,醫藥衛生學群,獸醫學類,0415
國立臺灣大學,獸醫學系,醫藥衛生學群,獸醫學類,0415
中山醫學大學,醫療產業科技管理學系,醫藥衛生學群,醫務管理學類,0416
亞洲大學,健康產業管理學系,醫藥衛生學群,醫務管理學類,0416
慈濟大學,醫務暨健康管理學系,醫藥衛生學群,醫務管理學類,0416
義守大學,醫務管理學系,醫藥衛生學群,醫務管理學類,0416
臺北醫學大學,醫務管理學系,醫藥衛生學群,醫務管理學類,0416
銘傳大學,智慧醫療與永續管理學系,醫藥衛生學群,醫務管理學類,0416
長庚大學,醫務管理學系,醫藥衛生學群,醫務管理學類,0416
長榮大學,醫務管理學系,醫藥衛生學群,醫務管理學類,0416
高雄醫學大學,醫務管理暨醫療資訊學系,醫藥衛生學群,醫務管理學類,0416
中國醫藥大學,運動醫學系,醫藥衛生學群,運動保健學類,0417
國立臺灣體育運動大學,運動健康科學學系,醫藥衛生學群,運動保健學類,0417
國立體育大學,運動保健學系,醫藥衛生學群,運動保健學類,0417
臺北市立大學,運動健康科學系,醫藥衛生學群,運動保健學類,0417
高雄醫學大學,運動醫學系,醫藥衛生學群,運動保健學類,0417
中國醫藥大學,醫療資訊學系,生命科學學群,生物資訊學類,0501
中山醫學大學,醫學資訊學系,生命科學學群,生物資訊學類,0501
慈濟大學,資訊工程學系,生命科學學群,生物資訊學類,0501
中原大學,生物醫學工程學系,生命科學學群,生醫/醫學工程學類,0502
中國醫藥大學,生物醫學工程學系,生命科學學群,生醫/醫學工程學類,0502
亞洲大學,生物資訊與醫學工程學系,生命科學學群,生醫/醫學工程學類,0502
國立中央大學,生醫科學與工程學系,生命科學學群,生醫/醫學工程學類,0502
國立中山大學,生物醫學科技學系全英語學士班,生命科學學群,生醫/醫學工程學類,0502
國立成功大學,生物醫學工程學系,生命科學學群,生醫/醫學工程學類,0502
國立清華大學,生醫工程與環境科學系,生命科學學群,生醫/醫學工程學類,0502
國立陽明交通大學,生物醫學工程學系,生命科學學群,生醫/醫學工程學類,0502
慈濟大學,生物醫學暨工程學系,生命科學學群,生醫/醫學工程學類,0502
義守大學,生物醫學工程學系,生命科學學群,生醫/醫學工程學類,0502
臺北醫學大學,生物醫學工程學系,生命科學學群,生醫/醫學工程學類,0502
銘傳大學,生物醫學工程學系,生命科學學群,生醫/醫學工程學類,0502
長庚大學,生物醫學工程學系,生命科學學群,生醫/醫學工程學類,0502
國立中興大學,土壤環境科學系,生命科學學群,生化學類,0503
國立嘉義大學,生化科技學系,生命科學學群,生化學類,0503
國立臺灣大學,生化科技學系,生命科學學群,生化學類,0503
國立臺灣大學,農業化學系,生命科學學群,生化學類,0503
中原大學,生物醫學工程學系,生命科學學群,生命科學學類,0504
中國文化大學,生命科學系,生命科學學群,生命科學學類,0504
中國醫藥大學,生物醫學工程學系,生命科學學群,生命科學學類,0504
中山醫學大學,生物醫學科學學系,生命科學學群,生命科學學類,0504
亞洲大學,生物資訊與醫學工程學系,生命科學學群,生命科學學類,0504
國立中央大學,生命科學系,生命科學學群,生命科學學類,0504
國立中山大學,生物科學系,生命科學學群,生命科學學類,0504
國立中正大學,生物醫學科學系,生命科學學群,生命科學學類,0504
國立中興大學,生命科學系,生命科學學群,生命科學學類,0504
國立嘉義大學,微生物免疫與生物藥學系,生命科學學群,生命科學學類,0504
國立嘉義大學,水生生物科學系,生命科學學群,生命科學學類,0504
國立嘉義大學,生物資源學系,生命科學學群,生命科學學類,0504
國立彰化師範大學,生物學系,生命科學學群,生命科學學類,0504
國立成功大學,生命科學系,生命科學學群,生命科學學類,0504
國立成功大學,生物醫學工程學系,生命科學學群,生命科學學類,0504
國立東華大學,生化暨分子醫學科學系,生命科學學群,生命科學學類,0504
國立清華大學,生命科學暨醫學院學士班,生命科學學群,生命科學學類,0504
國立清華大學,生命科學系,生命科學學群,生命科學學類,0504
國立臺東大學,生命科學系,生命科學學群,生命科學學類,0504
國立臺灣大學,生命科學系,生命科學學群,生命科學學類,0504
國立臺灣師範大學,生命科學系,生命科學學群,生命科學學類,0504
國立臺灣海洋大學,生命科學暨生物科技學系,生命科學學群,生命科學學類,0504
國立陽明交通大學,生命科學系暨基因體科學研究所,生命科學學群,生命科學學類,0504
國立陽明交通大學,生物醫學工程學系,生命科學學群,生命科學學類,0504
國立高雄大學,生命科學系,生命科學學群,生命科學學類,0504
東吳大學,微生物學系,生命科學學群,生命科學學類,0504
東海大學,生命科學系,生命科學學群,生命科學學類,0504
義守大學,生物醫學工程學系,生命科學學群,生命科學學類,0504
臺北醫學大學,生物醫學工程學系,生命科學學群,生命科學學類,0504
輔仁大學,生命科學系,生命科學學群,生命科學學類,0504
銘傳大學,生物醫學工程學系,生命科學學群,生命科學學類,0504
長庚大學,生物醫學工程學系,生命科學學群,生命科學學類,0504
長庚大學,生物醫學系,生命科學學群,生命科學學類,0504
高雄醫學大學,生命科學院學士班,生命科學學群,生命科學學類,0504
高雄醫學大學,生物醫學暨環境生物學系,生命科學學群,生命科學學類,0504
中原大學,生物科技學系,生命科學學群,生物科技學類,0505
中國醫藥大學,生物科技學系,生命科學學群,生物科技學類,0505
南華大學,自然生物科技學系,生命科學學群,生物科技學類,0505
國立中山大學,生物醫學科技學系全英語學士班,生命科學學群,生物科技學類,0505
國立中興大學,生物科技學士學位學程,生命科學學群,生物科技學類,0505
國立嘉義大學,農業生物科技學系,生命科學學群,生物科技學類,0505
國立宜蘭大學,生物技術與動物科學系,生命科學學群,生物科技學類,0505
國立成功大學,生物科技與產業科學系,生命科學學群,生物科技學類,0505
國立清華大學,醫學科學系,生命科學學群,生物科技學類,0505
國立臺南大學,生物科技學系,生命科學學群,生物科技學類,0505
國立臺灣海洋大學,海洋生物科技學士學位學程,生命科學學群,生物科技學類,0505
國立陽明交通大學,生物科技學系,生命科學學群,生物科技學類,0505
國立高雄師範大學,生物科技系,生命科學學群,生物科技學類,0505
大同大學,化學工程與生物科技學系,生命科學學群,生物科技學類,0505
大葉大學,生物醫學系,生命科學學群,生物科技學類,0505
大葉大學,食品暨應用生物科技學系,生命科學學群,生物科技學類,0505
慈濟大學,分子生物暨人類遺傳學系,生命科學學群,生物科技學類,0505
義守大學,醫學科學與生物科技學系,生命科學學群,生物科技學類,0505
銘傳大學,生物科技學系,生命科學學群,生物科技學類,0505
長榮大學,生物科技學系,生命科學學群,生物科技學類,0505
高雄醫學大學,生物科技學系,生命科學學群,生物科技學類,0505
國立中興大學,昆蟲學系,生命科學學群,植物保護與昆蟲學類,0506
國立嘉義大學,植物醫學系,生命科學學群,植物保護與昆蟲學類,0506
國立臺灣大學,昆蟲學系,生命科學學群,植物保護與昆蟲學類,0506
國立臺南大學,生態暨環境資源學系,生命科學學群,生態學類,0507
靜宜大學,生態人文學系,生命科學學群,生態學類,0507
國立中興大學,食品暨應用生物科技學系,生命科學學群,食品生技學類,0508
國立嘉義大學,食品科學系,生命科學學群,食品生技學類,0508
國立宜蘭大學,食品科學系,生命科學學群,食品生技學類,0508
國立臺灣海洋大學,食品科學系,生命科學學群,食品生技學類,0508
國立金門大學,食品科學系,生命科學學群,食品生技學類,0508
東海大學,食品科學系,生命科學學群,食品生技學類,0508
輔仁大學,食品科學系,生命科學學群,食品生技學類,0508
國立中興大學,獸醫學系,生物資源學群,獸醫學類,0601
國立嘉義大學,獸醫學系,生物資源學群,獸醫學類,0601
國立臺灣大學,獸醫學系,生物資源學群,獸醫學類,0601
國立中興大學,昆蟲學系,生物資源學群,植物保護與昆蟲學類,0602
國立中興大學,植物病理學系,生物資源學群,植物保護與昆蟲學類,0602
國立嘉義大學,植物醫學系,生物資源學群,植物保護與昆蟲學類,0602
國立臺灣大學,昆蟲學系,生物資源學群,植物保護與昆蟲學類,0602
國立臺灣大學,植物病理與微生物學系,生物資源學群,植物保護與昆蟲學類,0602
國立臺南大學,生態暨環境資源學系,生物資源學群,生態學類,0603
靜宜大學,生態人文學系,生物資源學群,生態學類,0603
國立中興大學,農藝學系,生物資源學群,農藝學類,0604
國立嘉義大學,農藝學系,生物資源學群,農藝學類,0604
國立臺灣大學,農藝學系,生物資源學群,農藝學類,0604
中國文化大學,動物科學保健暨園藝科技學系,生物資源學群,動物科學學類,0605
中國文化大學,動物科學系(115學年度併入動物科學保健暨園藝科技學系),生物資源學群,動物科學學類,0605
國立中興大學,動物科學系,生物資源學群,動物科學學類,0605
國立嘉義大學,動物科學系,生物資源學群,動物科學學類,0605
國立宜蘭大學,生物技術與動物科學系,生物資源學群,動物科學學類,0605
國立臺灣大學,動物科學技術學系,生物資源學群,動物科學學類,0605
東海大學,畜產與生物科技學系,生物資源學群,動物科學學類,0605
中國文化大學,動物科學保健暨園藝科技學系,生物資源學群,園藝學類,0606
中國文化大學,園藝暨生物技術學系(115學年度併入動物科學保健暨園藝科技學系),生物資源學群,園藝學類,0606
國立中興大學,園藝學系,生物資源學群,園藝學類,0606
國立嘉義大學,園藝學系,生物資源學群,園藝學類,0606
國立宜蘭大學,園藝學系,生物資源學群,園藝學類,0606
國立臺灣大學,園藝暨景觀學系,生物資源學群,園藝學類,0606
明道大學(112學年度起停招、113年停辦)(專案輔導至112/5/31),智慧暨精緻農業學系,生物資源學群,園藝學類,0606
長榮大學,蘭花產業應用學士學位學程,生物資源學群,園藝學類,0606
中國文化大學,森林暨自然保育學系,生物資源學群,森林學類,0607
國立中興大學,森林學系,生物資源學群,森林學類,0607
國立嘉義大學,森林暨自然資源學系,生物資源學群,森林學類,0607
國立宜蘭大學,森林暨自然資源學系,生物資源學群,森林學類,0607
國立臺灣大學,森林環境暨資源學系,生物資源學群,森林學類,0607
國立中山大學,海洋生物科技暨資源學系,生物資源學群,海洋資源學類,0608
國立臺灣海洋大學,水產養殖學系,生物資源學群,海洋資源學類,0608
國立臺灣海洋大學,環境生物與漁業科學學系,生物資源學群,海洋資源學類,0608
國立中興大學,食品暨應用生物科技學系,生物資源學群,食品生技學類,0609
國立嘉義大學,食品科學系,生物資源學群,食品生技學類,0609
國立宜蘭大學,食品科學系,生物資源學群,食品生技學類,0609
國立臺灣海洋大學,食品科學系,生物資源學群,食品生技學類,0609
國立金門大學,食品科學系,生物資源學群,食品生技學類,0609
東海大學,食品科學系,生物資源學群,食品生技學類,0609
輔仁大學,食品科學系,生物資源學群,食品生技學類,0609
國立成功大學,能源工程國際學士學位學程,地球與環境學群,工程科學學類,0701
國立成功大學,資源工程學系,地球與環境學群,工程科學學類,0701
國立清華大學,原子科學院學士班,地球與環境學群,工程科學學類,0701
國立清華大學,工程與系統科學系,地球與環境學群,工程科學學類,0701
國立聯合大學,能源工程學系,地球與環境學群,工程科學學類,0701
國立臺灣大學,工程科學及海洋工程學系,地球與環境學群,工程科學學類,0701
中原大學,環境工程學系,地球與環境學群,環境工程學類,0702
國立中興大學,環境工程學系,地球與環境學群,環境工程學類,0702
國立宜蘭大學,環境工程學系,地球與環境學群,環境工程學類,0702
國立成功大學,環境工程學系,地球與環境學群,環境工程學類,0702
國立聯合大學,環境與安全衛生工程學系,地球與環境學群,環境工程學類,0702
國立臺灣大學,生物環境系統工程學系,地球與環境學群,環境工程學類,0702
國立高雄大學,土木與環境工程學系,地球與環境學群,環境工程學類,0702
大葉大學,環境與安全工程學系,地球與環境學群,環境工程學類,0702
東海大學,環境科學與工程學系,地球與環境學群,環境工程學類,0702
逢甲大學,環境工程與科學學系,地球與環境學群,環境工程學類,0702
長榮大學,綠能與環境資源學系,地球與環境學群,環境工程學類,0702
靜宜大學,永續環境與智慧科技學士學位學程,地球與環境學群,環境工程學類,0702
中國文化大學,大氣與地質科學系,地球與環境學群,地質地球與環境科學學類,0703
國立中央大學,地球科學學系,地球與環境學群,地質地球與環境科學學類,0703
國立中央大學,地球科學學院學士班,地球與環境學群,地質地球與環境科學學類,0703
國立中正大學,地球與環境科學系,地球與環境學群,地質地球與環境科學學類,0703
國立成功大學,地球科學系,地球與環境學群,地質地球與環境科學學類,0703
國立東華大學,自然資源與環境學系,地球與環境學群,地質地球與環境科學學類,0703
國立臺灣大學,地質科學系,地球與環境學群,地質地球與環境科學學類,0703
國立臺灣師範大學,地球科學系,地球與環境學群,地質地球與環境科學學類,0703
中國文化大學,地理學系,地球與環境學群,地理學類,0704
國立彰化師範大學,地理學系,地球與環境學群,地理學類,0704
國立臺灣大學,地理環境資源學系,地球與環境學群,地理學類,0704
國立臺灣師範大學,地理學系,地球與環境學群,地理學類,0704
國立高雄師範大學,地理學系,地球與環境學群,地理學類,0704
國立中山大學,海洋環境及工程學系,地球與環境學群,海洋科學學類,0705
國立中山大學,海洋科學系,地球與環境學群,海洋科學學類,0705
國立臺灣海洋大學,海洋環境資訊系,地球與環境學群,海洋科學學類,0705
中國文化大學,大氣與地質科學系,地球與環境學群,大氣科學學類,0706
國立中央大學,地球科學學系,地球與環境學群,大氣科學學類,0706
國立中央大學,地球科學學院學士班,地球與環境學群,大氣科學學類,0706
國立中央大學,大氣科學學系,地球與環境學群,大氣科學學類,0706
國立中央大學,太空科學與工程學系,地球與環境學群,大氣科學學類,0706
國立成功大學,地球科學系,地球與環境學群,大氣科學學類,0706
國立臺灣大學,大氣科學系,地球與環境學群,大氣科學學類,0706
國立臺灣師範大學,地球科學系,地球與環境學群,大氣科學學類,0706
國立中興大學,水土保持學系,地球與環境學群,綠環境與防災學類,0707
華梵大學,景觀與環境設計學系,地球與環境學群,綠環境與防災學類,0707
長榮大學,消防安全學士學位學程,地球與環境學群,綠環境與防災學類,0707
國立嘉義大學,應用歷史學系,地球與環境學群,史地學類,0708
國立臺北教育大學,社會與區域發展學系,地球與環境學群,史地學類,0708
國立臺南大學,文化與自然資源學系,地球與環境學群,史地學類,0708
臺北市立大學,歷史與地理學系,地球與環境學群,史地學類,0708
世新大學,數位多媒體設計學系,建築與設計學群,數位媒體設計學類,0801
亞洲大學,數位媒體設計學系,建築與設計學群,數位媒體設計學類,0801
國立臺北教育大學,數位科技設計學系,建築與設計學群,數位媒體設計學類,0801
國立臺北藝術大學,動畫學系,建築與設計學群,數位媒體設計學類,0801
國立臺東大學,數位媒體與文教產業學系,建築與設計學群,數位媒體設計學類,0801
國立臺灣藝術大學,多媒體動畫藝術學系,建築與設計學群,數位媒體設計學類,0801
大同大學,數位媒體設計學系,建築與設計學群,數位媒體設計學類,0801
大葉大學,AI創新設計學士學位學程,建築與設計學群,數位媒體設計學類,0801
大葉大學,多媒體數位內容學士學位學程,建築與設計學群,數位媒體設計學類,0801
實踐大學,媒體傳達設計學系,建築與設計學群,數位媒體設計學類,0801
實踐大學,數位多媒體遊戲設計學系,建築與設計學群,數位媒體設計學類,0801
實踐大學,視覺特效學士學位學程,建築與設計學群,數位媒體設計學類,0801
實踐大學,電腦動畫學士學位學程,建築與設計學群,數位媒體設計學類,0801
明道大學(112學年度起停招、113年停辦)(專案輔導至112/5/31),數位設計學系,建築與設計學群,數位媒體設計學類,0801
臺灣首府大學(111學年度起停招、112年停辦)(專案輔導至113/5/31),資訊與多媒體設計學系,建築與設計學群,數位媒體設計學類,0801
華梵大學,攝影與VR設計學系,建築與設計學群,數位媒體設計學類,0801
銘傳大學,數位媒體設計學系,建築與設計學群,數位媒體設計學類,0801
長榮大學,互動設計學系,建築與設計學群,數位媒體設計學類,0801
長榮大學,數位內容設計學系,建築與設計學群,數位媒體設計學類,0801
長榮大學,數位媒體設計學系,建築與設計學群,數位媒體設計學類,0801
長榮大學,資訊暨設計學院學士班,建築與設計學群,數位媒體設計學類,0801
中原大學,地景建築學系,建築與設計學群,建築學類,0802
中原大學,建築學系,建築與設計學群,建築學類,0802
中原大學,英國牛津布魯克斯大學建築及都市設計雙學士學位學程,建築與設計學群,建築學類,0802
中國文化大學,建築及都市設計學系,建築與設計學群,建築學類,0802
中華大學,建築與都市計畫學系,建築與設計學群,建築學類,0802
佛光大學,建築環境設計學士學位學程,建築與設計學群,建築學類,0802
南華大學,建築學系,建築與設計學群,建築學類,0802
國立成功大學,建築學系,建築與設計學群,建築學類,0802
國立聯合大學,建築學系,建築與設計學群,建築學類,0802
國立金門大學,建築學系,建築與設計學群,建築學類,0802
國立高雄大學,建築學系,建築與設計學群,建築學類,0802
實踐大學,建築職人學士學位學程,建築與設計學群,建築學類,0802
實踐大學,建築設計學系,建築與設計學群,建築學類,0802
東海大學,建築學系,建築與設計學群,建築學類,0802
淡江大學,建築學系,建築與設計學群,建築學類,0802
華梵大學,建築學系,建築與設計學群,建築學類,0802
逢甲大學,室內設計學士學位學程,建築與設計學群,建築學類,0802
逢甲大學,建築專業學院學士班,建築與設計學群,建築學類,0802
銘傳大學,建築學系,建築與設計學群,建築學類,0802
中國文化大學,都市計劃與開發管理學系,建築與設計學群,都市計畫學類,0803
國立成功大學,都市計劃學系,建築與設計學群,都市計畫學類,0803
國立金門大學,都市計畫與景觀學系,建築與設計學群,都市計畫學類,0803
臺北市立大學,城市發展學系,建築與設計學群,都市計畫學類,0803
逢甲大學,都市計畫與空間資訊學系,建築與設計學群,都市計畫學類,0803
銘傳大學,都市設計與永續發展學系,建築與設計學群,都市計畫學類,0803
中原大學,地景建築學系,建築與設計學群,景觀與空間設計學類,0804
中原大學,室內設計學系,建築與設計學群,景觀與空間設計學類,0804
中原大學,英國牛津布魯克斯大學建築及都市設計雙學士學位學程,建築與設計學群,景觀與空間設計學類,0804
中國文化大學,景觀學系,建築與設計學群,景觀與空間設計學類,0804
亞洲大學,室內設計學系,建築與設計學群,景觀與空間設計學類,0804
南華大學,產品與室內設計學系,建築與設計學群,景觀與空間設計學類,0804
國立中興大學,景觀與遊憩學士學位學程,建築與設計學群,景觀與空間設計學類,0804
國立嘉義大學,景觀學系,建築與設計學群,景觀與空間設計學類,0804
大葉大學,空間設計學系,建築與設計學群,景觀與空間設計學類,0804
明道大學(112學年度起停招、113年停辦)(專案輔導至112/5/31),景觀與環境設計學系,建築與設計學群,景觀與空間設計學類,0804
東海大學,景觀學系,建築與設計學群,景觀與空間設計學類,0804
華梵大學,景觀與環境設計學系,建築與設計學群,景觀與空間設計學類,0804
華梵大學,智慧生活設計學系,建築與設計學群,景觀與空間設計學類,0804
輔仁大學,景觀設計學系,建築與設計學群,景觀與空間設計學類,0804
逢甲大學,室內設計學士學位學程,建築與設計學群,景觀與空間設計學類,0804
佛光大學,產品與媒體設計學系,建築與設計學群,工業設計學類,0805
國立嘉義大學,木質材料與設計學系,建築與設計學群,工業設計學類,0805
國立成功大學,工業設計學系,建築與設計學群,工業設計學類,0805
國立聯合大學,工業設計學系,建築與設計學群,工業設計學類,0805
國立臺灣藝術大學,工藝設計學系,建築與設計學群,工業設計學類,0805
國立高雄師範大學,工業設計學系,建築與設計學群,工業設計學類,0805
大同大學,工業設計學系,建築與設計學群,工業設計學類,0805
大葉大學,綠色產品設計學士學位學程,建築與設計學群,工業設計學類,0805
實踐大學,工業產品設計學系,建築與設計學群,工業設計學類,0805
東海大學,工業設計學系,建築與設計學群,工業設計學類,0805
華梵大學,智慧生活設計學系,建築與設計學群,工業設計學類,0805
銘傳大學,商品設計學系,建築與設計學群,工業設計學類,0805
長庚大學,工業設計學系,建築與設計學群,工業設計學類,0805
國立臺灣藝術大學,古蹟藝術修護學系,建築與設計學群,工藝學類,0806
國立高雄大學,工藝與創意設計學系,建築與設計學群,工藝學類,0806
中原大學,商業設計學系,建築與設計學群,商業設計學類,0807
亞洲大學,創意商品設計學系,建築與設計學群,商業設計學類,0807
佛光大學,產品與媒體設計學系,建築與設計學群,商業設計學類,0807
國立臺灣師範大學,設計學系,建築與設計學群,商業設計學類,0807
國立臺灣藝術大學,視覺傳達設計學系,建築與設計學群,商業設計學類,0807
玄奘大學,視覺傳達設計學系,建築與設計學群,商業設計學類,0807
華梵大學,智慧生活設計學系,建築與設計學群,商業設計學類,0807
銘傳大學,商品設計學系,建築與設計學群,商業設計學類,0807
銘傳大學,商業設計學系,建築與設計學群,商業設計學類,0807
亞洲大學,時尚設計學系,建築與設計學群,時尚與服裝設計學類,0808
實踐大學,時尚設計學系,建築與設計學群,時尚與服裝設計學類,0808
實踐大學,服裝設計學系,建築與設計學群,時尚與服裝設計學類,0808
實踐大學,服飾設計與經營學系,建築與設計學群,時尚與服裝設計學類,0808
輔仁大學,織品服裝學系,建築與設計學群,時尚與服裝設計學類,0808
銘傳大學,時尚與創新管理學士學位學程,建築與設計學群,時尚與服裝設計學類,0808
元智大學,藝術與設計學系,建築與設計學群,藝術與設計學類,0809
南華大學,產品與室內設計學系,建築與設計學群,藝術與設計學類,0809
南華大學,視覺藝術與設計學系,建築與設計學群,藝術與設計學類,0809
國立嘉義大學,視覺藝術學系,建築與設計學群,藝術與設計學類,0809
國立屏東大學,視覺藝術學系,建築與設計學群,藝術與設計學類,0809
國立東華大學,藝術與設計學系,建築與設計學群,藝術與設計學類,0809
國立清華大學,藝術與設計學系,建築與設計學群,藝術與設計學類,0809
國立臺北教育大學,藝術與造形設計學系,建築與設計學群,藝術與設計學類,0809
國立臺南大學,視覺藝術與設計學系,建築與設計學群,藝術與設計學類,0809
國立臺南藝術大學,材質創作與設計系,建築與設計學群,藝術與設計學類,0809
國立臺東大學,美術產業學系,建築與設計學群,藝術與設計學類,0809
國立臺灣海洋大學,海洋文創設計產業學士學位學程,建築與設計學群,藝術與設計學類,0809
國立高雄師範大學,視覺設計學系,建築與設計學群,藝術與設計學類,0809
大葉大學,設計學系,建築與設計學群,藝術與設計學類,0809
大葉大學,造形藝術學系,建築與設計學群,藝術與設計學類,0809
玄奘大學,藝術與創意設計學系,建築與設計學群,藝術與設計學類,0809
玄奘大學,藝術設計學院學士班,建築與設計學群,藝術與設計學類,0809
義守大學,視覺藝術與設計學系,建築與設計學群,藝術與設計學類,0809
臺北市立大學,視覺藝術學系,建築與設計學群,藝術與設計學類,0809
逢甲大學,澳洲新南威爾斯大學設計雙學士學位學程,建築與設計學群,藝術與設計學類,0809
中國文化大學,美術學系,藝術學群,美術學類,0901
國立嘉義大學,視覺藝術學系,藝術學群,美術學類,0901
國立屏東大學,視覺藝術學系,藝術學群,美術學類,0901
國立彰化師範大學,美術學系,藝術學群,美術學類,0901
國立臺中教育大學,美術學系,藝術學群,美術學類,0901
國立臺北藝術大學,美術學系,藝術學群,美術學類,0901
國立臺灣師範大學,美術學系,藝術學群,美術學類,0901
國立臺灣藝術大學,書畫藝術學系,藝術學群,美術學類,0901
國立臺灣藝術大學,美術學系,藝術學群,美術學類,0901
國立高雄師範大學,美術學系,藝術學群,美術學類,0901
東海大學,美術學系,藝術學群,美術學類,0901
臺北市立大學,視覺藝術學系,藝術學群,美術學類,0901
華梵大學,佛教藝術學系,藝術學群,美術學類,0901
華梵大學,美術與文創學系,藝術學群,美術學類,0901
輔仁大學,應用美術學系,藝術學群,美術學類,0901
長榮大學,書畫藝術學系,藝術學群,美術學類,0901
長榮大學,美術學系,藝術學群,美術學類,0901
中國文化大學,音樂學系,藝術學群,音樂學類,0902
南華大學,民族音樂學系,藝術學群,音樂學類,0902
南華大學,音樂跨域設計與藝術管理學士學位學程,藝術學群,音樂學類,0902
國立中山大學,音樂學系,藝術學群,音樂學類,0902
國立嘉義大學,音樂學系,藝術學群,音樂學類,0902
國立屏東大學,音樂學系,藝術學群,音樂學類,0902
國立東華大學,音樂學系,藝術學群,音樂學類,0902
國立清華大學,音樂學系,藝術學群,音樂學類,0902
國立臺中教育大學,音樂學系,藝術學群,音樂學類,0902
國立臺北教育大學,音樂學系,藝術學群,音樂學類,0902
國立臺北藝術大學,傳統音樂學系,藝術學群,音樂學類,0902
國立臺北藝術大學,音樂學系,藝術學群,音樂學類,0902
國立臺北藝術大學,音樂與影像跨域學士學位學程,藝術學群,音樂學類,0902
國立臺南大學,音樂學系,藝術學群,音樂學類,0902
國立臺南藝術大學,中國音樂學系,藝術學群,音樂學類,0902
國立臺南藝術大學,應用音樂學系,藝術學群,音樂學類,0902
國立臺南藝術大學,音樂學系,藝術學群,音樂學類,0902
國立臺東大學,音樂學系,藝術學群,音樂學類,0902
國立臺灣師範大學,音樂學系,藝術學群,音樂學類,0902
國立臺灣藝術大學,中國音樂學系,藝術學群,音樂學類,0902
國立臺灣藝術大學,音樂學系,藝術學群,音樂學類,0902
國立高雄師範大學,音樂學系,藝術學群,音樂學類,0902
實踐大學,音樂學系,藝術學群,音樂學類,0902
東吳大學,音樂學系,藝術學群,音樂學類,0902
東海大學,音樂學系,藝術學群,音樂學類,0902
真理大學,音樂應用學系,藝術學群,音樂學類,0902
臺北市立大學,音樂學系,藝術學群,音樂學類,0902
輔仁大學,音樂學系,藝術學群,音樂學類,0902
中國文化大學,中國戲劇學系,藝術學群,表演藝術學類,0903
中國文化大學,戲劇學系,藝術學群,表演藝術學類,0903
國立中山大學,劇場藝術學系,藝術學群,表演藝術學類,0903
國立東華大學,原住民族樂舞與藝術學士學位學程,藝術學群,表演藝術學類,0903
國立臺北藝術大學,戲劇學系,藝術學群,表演藝術學類,0903
國立臺南大學,戲劇創作與應用學系,藝術學群,表演藝術學類,0903
國立臺灣大學,戲劇學系,藝術學群,表演藝術學類,0903
國立臺灣師範大學,表演藝術學系,藝術學群,表演藝術學類,0903
國立臺灣藝術大學,戲劇學系,藝術學群,表演藝術學類,0903
元智大學,藝術與設計學系,藝術學群,藝術與設計學類,0904
南華大學,視覺藝術與設計學系,藝術學群,藝術與設計學類,0904
南華大學,音樂跨域設計與藝術管理學士學位學程,藝術學群,藝術與設計學類,0904
國立嘉義大學,視覺藝術學系,藝術學群,藝術與設計學類,0904
國立屏東大學,視覺藝術學系,藝術學群,藝術與設計學類,0904
國立東華大學,藝術與設計學系,藝術學群,藝術與設計學類,0904
國立清華大學,藝術學院學士班,藝術學群,藝術與設計學類,0904
國立清華大學,藝術與設計學系,藝術學群,藝術與設計學類,0904
國立臺北教育大學,藝術與造形設計學系,藝術學群,藝術與設計學類,0904
國立臺北藝術大學,劇場設計學系,藝術學群,藝術與設計學類,0904
國立臺南大學,視覺藝術與設計學系,藝術學群,藝術與設計學類,0904
國立臺南藝術大學,材質創作與設計系,藝術學群,藝術與設計學類,0904
國立臺東大學,美術產業學系,藝術學群,藝術與設計學類,0904
國立臺灣海洋大學,海洋文創設計產業學士學位學程,藝術學群,藝術與設計學類,0904
國立臺灣藝術大學,雕塑學系,藝術學群,藝術與設計學類,0904
國立高雄師範大學,視覺設計學系,藝術學群,藝術與設計學類,0904
大葉大學,設計學系,藝術學群,藝術與設計學類,0904
大葉大學,造形藝術學系,藝術學群,藝術與設計學類,0904
玄奘大學,藝術與創意設計學系,藝術學群,藝術與設計學類,0904
玄奘大學,藝術設計學院學士班,藝術學群,藝術與設計學類,0904
義守大學,視覺藝術與設計學系,藝術學群,藝術與設計學類,0904
臺北市立大學,視覺藝術學系,藝術學群,藝術與設計學類,0904
逢甲大學,澳洲新南威爾斯大學設計雙學士學位學程,藝術學群,藝術與設計學類,0904
開南大學,電影與創意媒體學系,藝術學群,藝術與設計學類,0904
世新大學,社會心理學系,社會與心理學群,心理學類,1001
中原大學,心理學系,社會與心理學群,心理學類,1001
中山醫學大學,心理學系,社會與心理學群,心理學類,1001
亞洲大學,心理學系,社會與心理學群,心理學類,1001
佛光大學,心理學系,社會與心理學群,心理學類,1001
國立中正大學,心理學系,社會與心理學群,心理學類,1001
國立成功大學,心理學系,社會與心理學群,心理學類,1001
國立政治大學,心理學系,社會與心理學群,心理學類,1001
國立東華大學,諮商與臨床心理學系,社會與心理學群,心理學類,1001
國立臺灣大學,心理學系,社會與心理學群,心理學類,1001
東吳大學,心理學系,社會與心理學群,心理學類,1001
玄奘大學,應用心理學系,社會與心理學群,心理學類,1001
輔仁大學,心理學系,社會與心理學群,心理學類,1001
輔仁大學,臨床心理學系,社會與心理學群,心理學類,1001
銘傳大學,諮商臨床與工商心理學系,社會與心理學群,心理學類,1001
長榮大學,健康心理學系,社會與心理學群,心理學類,1001
高雄醫學大學,心理學系,社會與心理學群,心理學類,1001
元智大學,人文社會學院英語學士班,社會與心理學群,社會學學類,1002
元智大學,社會暨政策科學學系,社會與心理學群,社會學學類,1002
國立中央大學,客家語文暨社會科學學系,社會與心理學群,社會學學類,1002
國立中山大學,社會學系,社會與心理學群,社會學學類,1002
國立屏東大學,社會發展學系,社會與心理學群,社會學學類,1002
國立政治大學,社會學系,社會與心理學群,社會學學類,1002
國立東華大學,社會學系,社會與心理學群,社會學學類,1002
國立清華大學,人文社會學院學士班,社會與心理學群,社會學學類,1002
國立臺北大學,社會學系,社會與心理學群,社會學學類,1002
國立臺灣大學,社會學系,社會與心理學群,社會學學類,1002
東吳大學,社會學系,社會與心理學群,社會學學類,1002
東海大學,社會學系,社會與心理學群,社會學學類,1002
輔仁大學,社會學系,社會與心理學群,社會學學類,1002
中國文化大學,社會福利學系,社會與心理學群,社會工作學類,1003
中山醫學大學,醫學社會暨社會工作學系,社會與心理學群,社會工作學類,1003
亞洲大學,社會工作學系,社會與心理學群,社會工作學類,1003
佛光大學,社會工作學系,社會與心理學群,社會工作學類,1003
南華大學,生死學系,社會與心理學群,社會工作學類,1003
南華大學,社會工作學系,社會與心理學群,社會工作學類,1003
國立中正大學,社會福利學系,社會與心理學群,社會工作學類,1003
國立暨南國際大學,社會政策與社會工作學系,社會與心理學群,社會工作學類,1003
國立東華大學,民族發展與社會工作學系,社會與心理學群,社會工作學類,1003
國立臺北大學,社會工作學系,社會與心理學群,社會工作學類,1003
國立臺灣大學,社會工作學系,社會與心理學群,社會工作學類,1003
國立金門大學,社會工作學系,社會與心理學群,社會工作學類,1003
實踐大學,社會工作學系,社會與心理學群,社會工作學類,1003
慈濟大學,社會工作學系,社會與心理學群,社會工作學類,1003
東吳大學,社會工作學系,社會與心理學群,社會工作學類,1003
東海大學,社會工作學系,社會與心理學群,社會工作學類,1003
玄奘大學,社會工作學系,社會與心理學群,社會工作學類,1003
輔仁大學,社會工作學系,社會與心理學群,社會工作學類,1003
長榮大學,社會工作學系,社會與心理學群,社會工作學類,1003
靜宜大學,社會工作與兒童少年福利學系,社會與心理學群,社會工作學類,1003
高雄醫學大學,醫學社會學與社會工作學系,社會與心理學群,社會工作學類,1003
國立政治大學,民族學系,社會與心理學群,人類/民族學學類,1004
國立東華大學,族群關係與文化學系,社會與心理學群,人類/民族學學類,1004
國立東華大學,民族發展與社會工作學系,社會與心理學群,人類/民族學學類,1004
國立臺灣大學,人類學系,社會與心理學群,人類/民族學學類,1004
國立陽明交通大學,人文社會學系,社會與心理學群,人類/民族學學類,1004
慈濟大學,人類發展與心理學系,社會與心理學群,人類/民族學學類,1004
中國文化大學,家庭科學系,社會與心理學群,兒童與家庭學類,1005
國立臺灣師範大學,幼兒與家庭科學學系,社會與心理學群,兒童與家庭學類,1005
實踐大學,家庭研究與兒童發展學系,社會與心理學群,兒童與家庭學類,1005
慈濟大學,兒童發展與家庭教育學系,社會與心理學群,兒童與家庭學類,1005
輔仁大學,兒童與家庭學系,社會與心理學群,兒童與家庭學類,1005
靜宜大學,社會工作與兒童少年福利學系,社會與心理學群,兒童與家庭學類,1005
佛光大學,佛教學系,社會與心理學群,宗教學類,1006
南華大學,生死學系,社會與心理學群,宗教學類,1006
法鼓文理學院,佛教學系,社會與心理學群,宗教學類,1006
玄奘大學,宗教與文化學系,社會與心理學群,宗教學類,1006
真理大學,宗教文化與資訊管理學系,社會與心理學群,宗教學類,1006
輔仁大學,天主教研修學士學位學程,社會與心理學群,宗教學類,1006
輔仁大學,宗教學系,社會與心理學群,宗教學類,1006
長榮大學,神學系,社會與心理學群,宗教學類,1006
中國文化大學,心理輔導學系,社會與心理學群,輔導與諮商學類,1007
國立嘉義大學,輔導與諮商學系,社會與心理學群,輔導與諮商學類,1007
國立屏東大學,教育心理與輔導學系,社會與心理學群,輔導與諮商學類,1007
國立彰化師範大學,輔導與諮商學系,社會與心理學群,輔導與諮商學類,1007
國立暨南國際大學,諮商心理與人力資源發展學系,社會與心理學群,輔導與諮商學類,1007
國立清華大學,教育心理與諮商學系,社會與心理學群,輔導與諮商學類,1007
國立臺中教育大學,諮商與應用心理學系,社會與心理學群,輔導與諮商學類,1007
國立臺北教育大學,心理與諮商學系,社會與心理學群,輔導與諮商學類,1007
國立臺南大學,諮商與輔導學系,社會與心理學群,輔導與諮商學類,1007
國立臺灣師範大學,教育心理與輔導學系,社會與心理學群,輔導與諮商學類,1007
臺北市立大學,心理與諮商學系,社會與心理學群,輔導與諮商學類,1007
國立中正大學,犯罪防治學系,社會與心理學群,犯罪防治學類,1008
銘傳大學,犯罪防治學系,社會與心理學群,犯罪防治學類,1008
中國文化大學,勞動暨人力資源學系,社會與心理學群,勞工關係學類,1009
國立中正大學,勞工關係學系,社會與心理學群,勞工關係學類,1009
世新大學,資訊傳播學系,大眾傳播學群,資訊傳播學類,1101
中國文化大學,資訊傳播學系,大眾傳播學群,資訊傳播學類,1101
亞洲大學,資訊傳播學系,大眾傳播學群,資訊傳播學類,1101
元智大學,資訊傳播學系,大眾傳播學群,資訊傳播學類,1101
國立臺灣體育運動大學,運動資訊與傳播學系,大眾傳播學群,資訊傳播學類,1101
淡江大學,資訊傳播學系,大眾傳播學群,資訊傳播學類,1101
真理大學,人文與資訊學系,大眾傳播學群,資訊傳播學類,1101
真理大學,運動資訊傳播學系,大眾傳播學群,資訊傳播學類,1101
開南大學,資訊傳播學系,大眾傳播學群,資訊傳播學類,1101
靜宜大學,智慧媒體與創新科技應用學士學位學程,大眾傳播學群,資訊傳播學類,1101
世新大學,傳播管理學系,大眾傳播學群,大眾傳播學類,1102
世新大學,口語傳播暨社群媒體學系,大眾傳播學群,大眾傳播學類,1102
世新大學,圖文傳播學系,大眾傳播學群,大眾傳播學類,1102
中國文化大學,大眾傳播學系,大眾傳播學群,大眾傳播學類,1102
佛光大學,傳播學系,大眾傳播學群,大眾傳播學類,1102
南華大學,傳播學系,大眾傳播學群,大眾傳播學類,1102
國立中正大學,傳播學系,大眾傳播學群,大眾傳播學類,1102
國立屏東大學,科學傳播學系,大眾傳播學群,大眾傳播學類,1102
國立政治大學,傳播學院大一大二不分系,大眾傳播學群,大眾傳播學類,1102
國立東華大學,民族語言與傳播學系,大眾傳播學群,大眾傳播學類,1102
國立聯合大學,臺灣語文與傳播學系,大眾傳播學群,大眾傳播學類,1102
國立臺灣大學,生物產業傳播暨發展學系,大眾傳播學群,大眾傳播學類,1102
國立臺灣師範大學,圖文傳播學系,大眾傳播學群,大眾傳播學類,1102
國立臺灣藝術大學,圖文傳播藝術學系,大眾傳播學群,大眾傳播學類,1102
國立陽明交通大學,傳播與科技學系,大眾傳播學群,大眾傳播學類,1102
慈濟大學,傳播學系,大眾傳播學群,大眾傳播學類,1102
淡江大學,大眾傳播學系,大眾傳播學群,大眾傳播學類,1102
玄奘大學,大眾傳播學系,大眾傳播學群,大眾傳播學類,1102
義守大學,國際傳媒與娛樂管理英語學士學位學程,大眾傳播學群,大眾傳播學類,1102
義守大學,大眾傳播學系,大眾傳播學群,大眾傳播學類,1102
銘傳大學,傳播學院全媒體大一不分系,大眾傳播學群,大眾傳播學類,1102
銘傳大學,新媒體暨傳播管理學系,大眾傳播學群,大眾傳播學類,1102
銘傳大學,新聞與大眾傳播學士學位學程,大眾傳播學群,大眾傳播學類,1102
長榮大學,大眾傳播學系,大眾傳播學群,大眾傳播學類,1102
靜宜大學,大眾傳播學系,大眾傳播學群,大眾傳播學類,1102
世新大學,廣播電視電影學系,大眾傳播學群,廣播電視電影學類,1103
國立臺北藝術大學,電影創作學系,大眾傳播學群,廣播電視電影學類,1103
國立臺灣藝術大學,廣播電視學系,大眾傳播學群,廣播電視電影學類,1103
國立臺灣藝術大學,電影學系,大眾傳播學群,廣播電視電影學類,1103
義守大學,電影與電視學系,大眾傳播學群,廣播電視電影學類,1103
輔仁大學,影像傳播學系,大眾傳播學群,廣播電視電影學類,1103
銘傳大學,廣播電視學系,大眾傳播學群,廣播電視電影學類,1103
世新大學,新聞學系,大眾傳播學群,新聞學類,1104
中國文化大學,新聞學系,大眾傳播學群,新聞學類,1104
輔仁大學,新聞傳播學系,大眾傳播學群,新聞學類,1104
銘傳大學,影音新聞暨社群傳播學系,大眾傳播學群,新聞學類,1104
銘傳大學,新聞與大眾傳播學士學位學程,大眾傳播學群,新聞學類,1104
世新大學,公共關係暨廣告學系,大眾傳播學群,廣告學類,1105
中國文化大學,廣告學系,大眾傳播學群,廣告學類,1105
輔仁大學,廣告傳播學系,大眾傳播學群,廣告學類,1105
銘傳大學,廣告暨策略行銷學系,大眾傳播學群,廣告學類,1105
世新大學,英語暨傳播應用學系,外語學群,英語文學類,1201
中原大學,應用外國語文學系,外語學群,英語文學類,1201
中國文化大學,歐美語文學系,外語學群,英語文學類,1201
中山醫學大學,應用外國語言學系,外語學群,英語文學類,1201
佛光大學,語文學系,外語學群,英語文學類,1201
元智大學,應用外語學系,外語學群,英語文學類,1201
南華大學,外國語文學系,外語學群,英語文學類,1201
國立中央大學,英美語文學系,外語學群,英語文學類,1201
國立中山大學,外國語文學系,外語學群,英語文學類,1201
國立中正大學,外國語文學系,外語學群,英語文學類,1201
國立中興大學,外國語文學系,外語學群,英語文學類,1201
國立嘉義大學,外國語言學系,外語學群,英語文學類,1201
國立宜蘭大學,外國語文學系,外語學群,英語文學類,1201
國立屏東大學,應用英語學系,外語學群,英語文學類,1201
國立屏東大學,英語學系,外語學群,英語文學類,1201
國立彰化師範大學,英語學系,外語學群,英語文學類,1201
國立成功大學,外國語文學系,外語學群,英語文學類,1201
國立政治大學,英國語文學系,外語學群,英語文學類,1201
國立暨南國際大學,外國語文學系,外語學群,英語文學類,1201
國立東華大學,英美語文學系,外語學群,英語文學類,1201
國立清華大學,外國語文學系,外語學群,英語文學類,1201
國立臺中教育大學,英語學系,外語學群,英語文學類,1201
國立臺北大學,應用外語學系,外語學群,英語文學類,1201
國立臺南大學,英語學系,外語學群,英語文學類,1201
國立臺東大學,英美語文學系,外語學群,英語文學類,1201
國立臺灣大學,外國語文學系,外語學群,英語文學類,1201
國立臺灣師範大學,英語學系,外語學群,英語文學類,1201
國立金門大學,應用英語學系,外語學群,英語文學類,1201
國立陽明交通大學,外國語文學系,外語學群,英語文學類,1201
國立高雄大學,西洋語文學系,外語學群,英語文學類,1201
國立高雄師範大學,英語學系,外語學群,英語文學類,1201
大同大學,應用外語學系,外語學群,英語文學類,1201
實踐大學,應用外語學系,外語學群,英語文學類,1201
實踐大學,應用英語學系,外語學群,英語文學類,1201
康寧大學,應用外語學系,外語學群,英語文學類,1201
慈濟大學,外語暨新興科技應用學系,外語學群,英語文學類,1201
明道大學(112學年度起停招、113年停辦)(專案輔導至112/5/31),應用外語學系,外語學群,英語文學類,1201
東吳大學,英文學系,外語學群,英語文學類,1201
東海大學,外國語文學系,外語學群,英語文學類,1201
淡江大學,英文學系,外語學群,英語文學類,1201
華梵大學,外國語文學系,外語學群,英語文學類,1201
輔仁大學,國際溝通與科技創新學士學位學程,外語學群,英語文學類,1201
輔仁大學,英國語文學系,外語學群,英語文學類,1201
逢甲大學,外國語文學系,外語學群,英語文學類,1201
銘傳大學,應用英語學系,外語學群,英語文學類,1201
長榮大學,翻譯學系,外語學群,英語文學類,1201
開南大學,應用英語學系,外語學群,英語文學類,1201
靜宜大學,寰宇外語教育學士學位學程,外語學群,英語文學類,1201
靜宜大學,英國語文學系,外語學群,英語文學類,1201
中國文化大學,歐美語文學系,外語學群,歐語文學類,1202
國立中央大學,法國語文學系,外語學群,歐語文學類,1202
國立政治大學,歐洲語文學系,外語學群,歐語文學類,1202
大葉大學,歐洲文化與旅遊學士學位學程,外語學群,歐語文學類,1202
東吳大學,德國文化學系,外語學群,歐語文學類,1202
淡江大學,歐洲語文學系,外語學群,歐語文學類,1202
輔仁大學,國際溝通與科技創新學士學位學程,外語學群,歐語文學類,1202
輔仁大學,德語語文學系,外語學群,歐語文學類,1202
輔仁大學,法國語文學系,外語學群,歐語文學類,1202
輔仁大學,義大利語文學系,外語學群,歐語文學類,1202
輔仁大學,西班牙語文學系,外語學群,歐語文學類,1202
靜宜大學,西班牙語文學系,外語學群,歐語文學類,1202
世新大學,日本語文學系,外語學群,日語文學類,1203
中國文化大學,日本語文學系,外語學群,日語文學類,1203
中山醫學大學,應用外國語言學系,外語學群,日語文學類,1203
中華大學,應用日語學系,外語學群,日語文學類,1203
國立屏東大學,應用日語學系,外語學群,日語文學類,1203
國立政治大學,日本語文學系,外語學群,日語文學類,1203
國立臺灣大學,日本語文學系,外語學群,日語文學類,1203
國立高雄大學,東亞語文學系,外語學群,日語文學類,1203
大葉大學,應用日語學系,外語學群,日語文學類,1203
實踐大學,應用日文學系,外語學群,日語文學類,1203
明道大學(112學年度起停招、113年停辦)(專案輔導至112/5/31),應用外語學系,外語學群,日語文學類,1203
東吳大學,日本語文學系,外語學群,日語文學類,1203
東海大學,日本語言文化學系,外語學群,日語文學類,1203
淡江大學,日本語文學系,外語學群,日語文學類,1203
玄奘大學,應用日語學系,外語學群,日語文學類,1203
真理大學,應用日語學系,外語學群,日語文學類,1203
義守大學,應用日語學系,外語學群,日語文學類,1203
輔仁大學,國際溝通與科技創新學士學位學程,外語學群,日語文學類,1203
輔仁大學,日本語文學系,外語學群,日語文學類,1203
銘傳大學,應用日語學系,外語學群,日語文學類,1203
長榮大學,應用日語學系,外語學群,日語文學類,1203
開南大學,應用日語學系,外語學群,日語文學類,1203
靜宜大學,日本語文學系,外語學群,日語文學類,1203
中國文化大學,韓國語文學系,外語學群,東方語文學類,1204
國立政治大學,土耳其語文學系,外語學群,東方語文學類,1204
國立政治大學,斯拉夫語文學系,外語學群,東方語文學類,1204
國立政治大學,東南亞語文學系,外語學群,東方語文學類,1204
國立政治大學,阿拉伯語文學系,外語學群,東方語文學類,1204
國立政治大學,韓國語文學系,外語學群,東方語文學類,1204
國立高雄大學,東亞語文學系,外語學群,東方語文學類,1204
慈濟大學,東方語文學系,外語學群,東方語文學類,1204
國立嘉義大學,外國語言學系,外語學群,英語教育學類,1205
靜宜大學,寰宇外語教育學士學位學程,外語學群,英語教育學類,1205
國立臺灣大學,圖書資訊學系,文史哲學群,圖書資訊學類,1301
淡江大學,資訊與圖書館學系,文史哲學群,圖書資訊學類,1301
輔仁大學,圖書資訊學系,文史哲學群,圖書資訊學類,1301
佛光大學,佛教學系,文史哲學群,宗教學類,1302
南華大學,生死學系,文史哲學群,宗教學類,1302
法鼓文理學院,佛教學系,文史哲學群,宗教學類,1302
玄奘大學,宗教與文化學系,文史哲學群,宗教學類,1302
真理大學,宗教文化與資訊管理學系,文史哲學群,宗教學類,1302
輔仁大學,天主教研修學士學位學程,文史哲學群,宗教學類,1302
輔仁大學,宗教學系,文史哲學群,宗教學類,1302
長榮大學,神學系,文史哲學群,宗教學類,1302
國立中興大學,台灣人文創新學士學位學程,文史哲學群,文化與產業學類,1303
國立屏東大學,文化創意產業學系,文史哲學群,文化與產業學類,1303
國立東華大學,臺灣文化學系,文史哲學群,文化與產業學類,1303
國立東華大學,藝術創意產業學系,文史哲學群,文化與產業學類,1303
國立清華大學,環境與文化資源學系,文史哲學群,文化與產業學類,1303
國立聯合大學,文化創意與數位行銷學系,文史哲學群,文化與產業學類,1303
國立臺中教育大學,區域與社會發展學系,文史哲學群,文化與產業學類,1303
國立臺中教育大學,文化創意產業設計與營運學系,文史哲學群,文化與產業學類,1303
國立臺北教育大學,文化創意產業經營學系,文史哲學群,文化與產業學類,1303
輔仁大學,人文與社區創新學士學位學程,文史哲學群,文化與產業學類,1303
長榮大學,東南亞文化與產業學士學位學程,文史哲學群,文化與產業學類,1303
中國文化大學,中國文學系,文史哲學群,中國語文學類,1304
佛光大學,語文學系,文史哲學群,中國語文學類,1304
元智大學,中國語文學系,文史哲學群,中國語文學類,1304
南華大學,文學系,文史哲學群,中國語文學類,1304
國立中央大學,中國文學系,文史哲學群,中國語文學類,1304
國立中央大學,文學院學士班,文史哲學群,中國語文學類,1304
國立中山大學,中國文學系,文史哲學群,中國語文學類,1304
國立中正大學,中國文學系,文史哲學群,中國語文學類,1304
國立中興大學,中國文學系,文史哲學群,中國語文學類,1304
國立嘉義大學,中國文學系,文史哲學群,中國語文學類,1304
國立屏東大學,中國語文學系,文史哲學群,中國語文學類,1304
國立彰化師範大學,國文學系,文史哲學群,中國語文學類,1304
國立成功大學,中國文學系,文史哲學群,中國語文學類,1304
國立政治大學,中國文學系,文史哲學群,中國語文學類,1304
國立暨南國際大學,中國語文學系,文史哲學群,中國語文學類,1304
國立東華大學,中國語文學系,文史哲學群,中國語文學類,1304
國立東華大學,華文文學與創作學系,文史哲學群,中國語文學類,1304
國立清華大學,中國文學系,文史哲學群,中國語文學類,1304
國立聯合大學,華語文學系,文史哲學群,中國語文學類,1304
國立臺北大學,中國文學系,文史哲學群,中國語文學類,1304
國立臺北教育大學,語文與創作學系,文史哲學群,中國語文學類,1304
國立臺南大學,國語文學系,文史哲學群,中國語文學類,1304
國立臺東大學,華語文學系,文史哲學群,中國語文學類,1304
國立臺灣大學,中國文學系,文史哲學群,中國語文學類,1304
國立臺灣師範大學,國文學系,文史哲學群,中國語文學類,1304
國立金門大學,華語文學系,文史哲學群,中國語文學類,1304
國立高雄師範大學,國文學系,文史哲學群,中國語文學類,1304
實踐大學,應用中文學系,文史哲學群,中國語文學類,1304
明道大學(112學年度起停招、113年停辦)(專案輔導至112/5/31),中華文化與傳播學系,文史哲學群,中國語文學類,1304
東吳大學,中國文學系,文史哲學群,中國語文學類,1304
東海大學,中國文學系,文史哲學群,中國語文學類,1304
淡江大學,中國文學學系,文史哲學群,中國語文學類,1304
臺北市立大學,中國語文學系,文史哲學群,中國語文學類,1304
華梵大學,中國文學系,文史哲學群,中國語文學類,1304
輔仁大學,中國文學系,文史哲學群,中國語文學類,1304
逢甲大學,中國文學系,文史哲學群,中國語文學類,1304
靜宜大學,中國文學系,文史哲學群,中國語文學類,1304
中國文化大學,史學系(115學年度併入哲學與歷史學系),文史哲學群,歷史學類,1305
中國文化大學,哲學與歷史學系,文史哲學群,歷史學類,1305
佛光大學,歷史學系,文史哲學群,歷史學類,1305
國立中央大學,文學院學士班,文史哲學群,歷史學類,1305
國立中正大學,歷史學系,文史哲學群,歷史學類,1305
國立中興大學,歷史學系,文史哲學群,歷史學類,1305
國立成功大學,歷史學系,文史哲學群,歷史學類,1305
國立政治大學,歷史學系,文史哲學群,歷史學類,1305
國立暨南國際大學,歷史學系,文史哲學群,歷史學類,1305
國立東華大學,歷史學系,文史哲學群,歷史學類,1305
國立臺北大學,歷史學系,文史哲學群,歷史學類,1305
國立臺南藝術大學,藝術史與文化資產學系,文史哲學群,歷史學類,1305
國立臺灣大學,歷史學系,文史哲學群,歷史學類,1305
國立臺灣師範大學,歷史學系,文史哲學群,歷史學類,1305
東吳大學,歷史學系,文史哲學群,歷史學類,1305
東海大學,歷史學系,文史哲學群,歷史學類,1305
淡江大學,歷史學系,文史哲學群,歷史學類,1305
輔仁大學,歷史學系,文史哲學群,歷史學類,1305
中國文化大學,哲學系(115學年度併入哲學與歷史學系),文史哲學群,哲學學類,1306
中國文化大學,哲學與歷史學系,文史哲學群,哲學學類,1306
國立中央大學,文學院學士班,文史哲學群,哲學學類,1306
國立中正大學,哲學系,文史哲學群,哲學學類,1306
國立政治大學,哲學系,文史哲學群,哲學學類,1306
國立臺灣大學,哲學系,文史哲學群,哲學學類,1306
東吳大學,哲學系,文史哲學群,哲學學類,1306
東海大學,哲學系,文史哲學群,哲學學類,1306
華梵大學,哲學系,文史哲學群,哲學學類,1306
輔仁大學,哲學系,文史哲學群,哲學學類,1306
國立成功大學,台灣文學系,文史哲學群,臺灣語文學類,1307
國立聯合大學,臺灣語文與傳播學系,文史哲學群,臺灣語文學類,1307
國立臺中教育大學,台灣語文學系,文史哲學群,臺灣語文學類,1307
國立臺北教育大學,台灣語言與文化學系,文史哲學群,臺灣語文學類,1307
國立臺灣師範大學,臺灣語文學系,文史哲學群,臺灣語文學類,1307
靜宜大學,台灣文學系,文史哲學群,臺灣語文學類,1307
國立嘉義大學,應用歷史學系,文史哲學群,史地學類,1308
國立臺北教育大學,社會與區域發展學系,文史哲學群,史地學類,1308
國立臺南大學,文化與自然資源學系,文史哲學群,史地學類,1308
臺北市立大學,歷史與地理學系,文史哲學群,史地學類,1308
中原大學,應用華語文學系,文史哲學群,華語文教育學類,1309
國立聯合大學,華語文學系,文史哲學群,華語文教育學類,1309
國立臺北教育大學,語文與創作學系,文史哲學群,華語文教育學類,1309
國立臺東大學,華語文學系,文史哲學群,華語文教育學類,1309
國立臺灣師範大學,華語文教學系,文史哲學群,華語文教育學類,1309
國立金門大學,華語文學系,文史哲學群,華語文教育學類,1309
國立嘉義大學,數位學習設計與管理學系,教育學群,數位學習學類,1401
國立清華大學,教育與學習科技學系,教育學群,數位學習學類,1401
國立臺南大學,數位學習科技學系,教育學群,數位學習學類,1401
國立臺灣師範大學,學習科學學士學位學程,教育學群,數位學習學類,1401
淡江大學,教育科技學系,教育學群,數位學習學類,1401
臺北市立大學,學習與媒材設計學系,教育學群,數位學習學類,1401
國立彰化師範大學,電機與機械科技學系,教育學群,科技教育學類,1402
國立臺灣師範大學,工業教育學系,教育學群,科技教育學類,1402
國立臺灣師範大學,科技應用與人力資源發展學系,教育學群,科技教育學類,1402
國立高雄師範大學,工業科技教育學系,教育學群,科技教育學類,1402
國立臺中教育大學,數學教育學系,教育學群,數學資訊教育學類,1403
國立臺北教育大學,數學暨資訊教育學系,教育學群,數學資訊教育學類,1403
國立嘉義大學,輔導與諮商學系,教育學群,輔導與諮商學類,1404
國立屏東大學,教育心理與輔導學系,教育學群,輔導與諮商學類,1404
國立彰化師範大學,輔導與諮商學系,教育學群,輔導與諮商學類,1404
國立暨南國際大學,諮商心理與人力資源發展學系,教育學群,輔導與諮商學類,1404
國立清華大學,教育心理與諮商學系,教育學群,輔導與諮商學類,1404
國立臺中教育大學,諮商與應用心理學系,教育學群,輔導與諮商學類,1404
國立臺北教育大學,心理與諮商學系,教育學群,輔導與諮商學類,1404
國立臺南大學,諮商與輔導學系,教育學群,輔導與諮商學類,1404
國立臺灣師範大學,教育心理與輔導學系,教育學群,輔導與諮商學類,1404
臺北市立大學,心理與諮商學系,教育學群,輔導與諮商學類,1404
國立清華大學,英語教學系,教育學群,英語教育學類,1405
國立臺北教育大學,兒童英語教育學系,教育學群,英語教育學類,1405
臺北市立大學,英語教學系,教育學群,英語教育學類,1405
靜宜大學,寰宇外語教育學士學位學程,教育學群,英語教育學類,1405
中原大學,應用華語文學系,教育學群,華語文教育學類,1406
國立聯合大學,華語文學系,教育學群,華語文教育學類,1406
國立臺中教育大學,語文教育學系,教育學群,華語文教育學類,1406
國立臺北教育大學,語文與創作學系,教育學群,華語文教育學類,1406
國立臺東大學,華語文學系,教育學群,華語文教育學類,1406
國立臺灣師範大學,華語文教學系,教育學群,華語文教育學類,1406
國立金門大學,華語文學系,教育學群,華語文教育學類,1406
中國文化大學,教育與學習科技學系,教育學群,教育學類,1407
國立嘉義大學,教育學系,教育學群,教育學類,1407
國立屏東大學,教育學系,教育學群,教育學類,1407
國立政治大學,教育學系,教育學群,教育學類,1407
國立暨南國際大學,國際文教與比較教育學系,教育學群,教育學類,1407
國立暨南國際大學,教育學院學士班,教育學群,教育學類,1407
國立暨南國際大學,教育政策與行政學系,教育學群,教育學類,1407
國立東華大學,教育與潛能開發學系,教育學群,教育學類,1407
國立東華大學,教育行政與管理學系,教育學群,教育學類,1407
國立清華大學,竹師教育學院學士班,教育學群,教育學類,1407
國立臺中教育大學,教育學系,教育學群,教育學類,1407
國立臺北教育大學,教育學系,教育學群,教育學類,1407
國立臺北教育大學,教育經營與管理學系,教育學群,教育學類,1407
國立臺南大學,教育學系,教育學群,教育學類,1407
國立臺東大學,教育學系,教育學群,教育學類,1407
國立臺灣師範大學,教育學系,教育學群,教育學類,1407
國立臺灣師範大學,教育學院學士班,教育學群,教育學類,1407
國立高雄師範大學,教育學系,教育學群,教育學類,1407
臺北市立大學,教育學系,教育學群,教育學類,1407
輔仁大學,教育領導與科技發展學士學位學程,教育學群,教育學類,1407
中原大學,特殊教育學系,教育學群,特殊教育學類,1408
國立嘉義大學,特殊教育學系,教育學群,特殊教育學類,1408
國立屏東大學,特殊教育學系,教育學群,特殊教育學類,1408
國立彰化師範大學,特殊教育學系,教育學群,特殊教育學類,1408
國立東華大學,特殊教育學系,教育學群,特殊教育學類,1408
國立清華大學,特殊教育學系,教育學群,特殊教育學類,1408
國立臺中教育大學,特殊教育學系,教育學群,特殊教育學類,1408
國立臺北教育大學,特殊教育學系,教育學群,特殊教育學類,1408
國立臺南大學,特殊教育學系,教育學群,特殊教育學類,1408
國立臺東大學,特殊教育學系,教育學群,特殊教育學類,1408
國立臺灣師範大學,特殊教育學系,教育學群,特殊教育學類,1408
國立高雄師範大學,特殊教育學系,教育學群,特殊教育學類,1408
臺北市立大學,特殊教育學系,教育學群,特殊教育學類,1408
亞洲大學,幼兒教育學系,教育學群,幼兒教育學類,1409
南華大學,幼兒教育學系,教育學群,幼兒教育學類,1409
國立嘉義大學,幼兒教育學系,教育學群,幼兒教育學類,1409
國立屏東大學,幼兒教育學系,教育學群,幼兒教育學類,1409
國立東華大學,幼兒教育學系,教育學群,幼兒教育學類,1409
國立清華大學,幼兒教育學系,教育學群,幼兒教育學類,1409
國立臺中教育大學,幼兒教育學系,教育學群,幼兒教育學類,1409
國立臺北教育大學,幼兒與家庭教育學系,教育學群,幼兒教育學類,1409
國立臺南大學,幼兒教育學系,教育學群,幼兒教育學類,1409
國立臺東大學,幼兒教育學系,教育學群,幼兒教育學類,1409
康寧大學,嬰幼兒保育學系,教育學群,幼兒教育學類,1409
臺北市立大學,幼兒教育學系,教育學群,幼兒教育學類,1409
臺灣首府大學(111學年度起停招、112年停辦)(專案輔導至113/5/31),幼兒教育學系,教育學群,幼兒教育學類,1409
國立中正大學,成人及繼續教育學系,教育學群,成人教育學類,1410
國立臺灣師範大學,社會教育學系,教育學群,成人教育學類,1410
國立彰化師範大學,公共事務與公民教育學系,教育學群,社會科教育學類,1411
國立臺灣師範大學,公民教育與活動領導學系,教育學群,社會科教育學類,1411
淡江大學,教育與未來設計學系,教育學群,社會科教育學類,1411
世新大學,法律學系,法政學群,法律學類,1502
中國文化大學,法律學系,法政學群,法律學類,1502
國立中央大學,法律與政府學系,法政學群,法律學類,1502
國立中正大學,法律學系,法政學群,法律學類,1502
國立中興大學,法律學系,法政學群,法律學類,1502
國立成功大學,法律學系,法政學群,法律學類,1502
國立政治大學,法律學系,法政學群,法律學類,1502
國立東華大學,法律學系,法政學群,法律學類,1502
國立臺北大學,法律學系,法政學群,法律學類,1502
國立臺灣大學,法律學系,法政學群,法律學類,1502
國立臺灣海洋大學,海洋法政學士學位學程,法政學群,法律學類,1502
國立金門大學,海洋與邊境管理學系,法政學群,法律學類,1502
國立高雄大學,政治法律學系,法政學群,法律學類,1502
國立高雄大學,法律學系,法政學群,法律學類,1502
實踐大學,法律學系,法政學群,法律學類,1502
東吳大學,法律學系,法政學群,法律學類,1502
東海大學,法律學系,法政學群,法律學類,1502
玄奘大學,法律學系,法政學群,法律學類,1502
真理大學,法律學系,法政學群,法律學類,1502
輔仁大學,法律學系,法政學群,法律學類,1502
銘傳大學,法律學系,法政學群,法律學類,1502
開南大學,法律學系,法政學群,法律學類,1502
靜宜大學,法律學系,法政學群,法律學類,1502
中信金融管理學院,財經法律學系,法政學群,財經法律學類,1503
中原大學,財經法律學系,法政學群,財經法律學類,1503
亞洲大學,財經法律學系,法政學群,財經法律學類,1503
國立中正大學,財經法律學系,法政學群,財經法律學類,1503
國立高雄大學,財經法律學系,法政學群,財經法律學類,1503
真理大學,法律學系,法政學群,財經法律學類,1503
輔仁大學,財經法律學系,法政學群,財經法律學類,1503
銘傳大學,財金法律學系,法政學群,財經法律學類,1503
中國文化大學,政治學系(115學年度併入政治與經濟學系),法政學群,政治學類,1504
中國文化大學,政治與經濟學系,法政學群,政治學類,1504
佛光大學,公共行政與國際事務學系,法政學群,政治學類,1504
南華大學,國際事務與企業學系,法政學群,政治學類,1504
國立中山大學,政治經濟學系,法政學群,政治學類,1504
國立中正大學,政治學系,法政學群,政治學類,1504
國立成功大學,政治學系,法政學群,政治學類,1504
國立政治大學,外交學系,法政學群,政治學類,1504
國立政治大學,政治學系,法政學群,政治學類,1504
國立暨南國際大學,公共行政與政策學系,法政學群,政治學類,1504
國立暨南國際大學,東南亞學系,法政學群,政治學類,1504
國立臺北大學,公共行政暨政策學系,法政學群,政治學類,1504
國立臺灣大學,政治學系,法政學群,政治學類,1504
國立臺灣師範大學,東亞學系,法政學群,政治學類,1504
國立金門大學,國際暨大陸事務學系,法政學群,政治學類,1504
國立高雄大學,政治法律學系,法政學群,政治學類,1504
東吳大學,政治學系,法政學群,政治學類,1504
東海大學,政治學系,法政學群,政治學類,1504
淡江大學,全球政治經濟學系全英語學士班,法政學群,政治學類,1504
淡江大學,外交與國際關係學系全英語學士班,法政學群,政治學類,1504
銘傳大學,國際事務與外交學士學位學程,法政學群,政治學類,1504
世新大學,行政管理學系,法政學群,行政管理學類,1505
中國文化大學,行政管理學系,法政學群,行政管理學類,1505
佛光大學,公共行政與國際事務學系,法政學群,行政管理學類,1505
國立彰化師範大學,公共事務與公民教育學系,法政學群,行政管理學類,1505
國立政治大學,公共行政學系,法政學群,行政管理學類,1505
國立暨南國際大學,公共行政與政策學系,法政學群,行政管理學類,1505
國立東華大學,公共行政學系,法政學群,行政管理學類,1505
國立臺北大學,公共行政暨政策學系,法政學群,行政管理學類,1505
國立臺南大學,行政管理學系,法政學群,行政管理學類,1505
國立臺東大學,公共與文化事務學系,法政學群,行政管理學類,1505
國立金門大學,海洋與邊境管理學系,法政學群,行政管理學類,1505
東海大學,行政管理暨政策學系,法政學群,行政管理學類,1505
淡江大學,公共行政暨法律學系,法政學群,行政管理學類,1505
臺北市立大學,公共事務學系,法政學群,行政管理學類,1505
銘傳大學,公共事務與行政管理學系,法政學群,行政管理學類,1505
中國文化大學,土地資源學系,法政學群,地政與土地資產管理學類,1506
國立屏東大學,不動產經營學系,法政學群,地政與土地資產管理學類,1506
國立政治大學,地政學系,法政學群,地政與土地資產管理學類,1506
國立臺北大學,不動產與城鄉環境學系,法政學群,地政與土地資產管理學類,1506
逢甲大學,土地管理學系,法政學群,地政與土地資產管理學類,1506
長榮大學,土地管理與開發學系,法政學群,地政與土地資產管理學類,1506
世新大學,資訊管理學系,管理學群,資訊管理學類,1601
中信金融管理學院,科技金融學系,管理學群,資訊管理學類,1601
中原大學,商學院不分系,管理學群,資訊管理學類,1601
中原大學,資訊管理學系,管理學群,資訊管理學類,1601
中國文化大學,資訊管理學系,管理學群,資訊管理學類,1601
中華大學,中華大學美國舊金山州立大學資訊管理與決策科學學士學位學程,管理學群,資訊管理學類,1601
中華大學,加州大學爾灣分校資訊管理與資料科學學士學位學程,管理學群,資訊管理學類,1601
中華大學,應用外語暨智慧商務學士學位學程,管理學群,資訊管理學類,1601
中華大學,資訊管理學系,管理學群,資訊管理學類,1601
佛光大學,資訊應用學系,管理學群,資訊管理學類,1601
元智大學,資訊管理學系,管理學群,資訊管理學類,1601
南華大學,資訊管理學系,管理學群,資訊管理學類,1601
國立中央大學,資訊管理學系,管理學群,資訊管理學類,1601
國立中山大學,資訊管理學系,管理學群,資訊管理學類,1601
國立中正大學,資訊管理學系,管理學群,資訊管理學類,1601
國立中興大學,資訊管理學系,管理學群,資訊管理學類,1601
國立嘉義大學,資訊管理學系,管理學群,資訊管理學類,1601
國立屏東大學,資訊管理學系,管理學群,資訊管理學類,1601
國立彰化師範大學,資訊管理學系,管理學群,資訊管理學類,1601
國立成功大學,工業與資訊管理學系,管理學群,資訊管理學類,1601
國立政治大學,資訊管理學系,管理學群,資訊管理學類,1601
國立暨南國際大學,資訊管理學系,管理學群,資訊管理學類,1601
國立東華大學,資訊管理學系,管理學群,資訊管理學類,1601
國立聯合大學,資訊管理學系,管理學群,資訊管理學類,1601
國立臺東大學,資訊管理學系,管理學群,資訊管理學類,1601
國立臺灣大學,資訊管理學系,管理學群,資訊管理學類,1601
國立陽明交通大學,資訊管理與財務金融學系,管理學群,資訊管理學類,1601
國立高雄大學,資訊管理學系,管理學群,資訊管理學類,1601
大同大學,事業與資訊經營學系,管理學群,資訊管理學類,1601
大葉大學,會計與資訊管理學系,管理學群,資訊管理學類,1601
實踐大學,東南亞智慧商務學士學位學程,管理學群,資訊管理學類,1601
實踐大學,資訊科技與管理學系,管理學群,資訊管理學類,1601
實踐大學,資訊管理學系,管理學群,資訊管理學類,1601
慈濟大學,資訊科技與管理學系,管理學群,資訊管理學類,1601
東吳大學,資訊管理學系,管理學群,資訊管理學類,1601
東海大學,資訊管理學系,管理學群,資訊管理學類,1601
淡江大學,資訊管理學系,管理學群,資訊管理學類,1601
義守大學,資訊管理學系,管理學群,資訊管理學類,1601
華梵大學,智慧生活科技學系,管理學群,資訊管理學類,1601
華梵大學,資訊管理學系,管理學群,資訊管理學類,1601
輔仁大學,資訊管理學系,管理學群,資訊管理學類,1601
逢甲大學,美國加州聖荷西州立大學商學大數據分析雙學士學位學程,管理學群,資訊管理學類,1601
銘傳大學,人工智慧應用暨管理學士學位學程,管理學群,資訊管理學類,1601
銘傳大學,資訊科技應用與管理學士學位學程,管理學群,資訊管理學類,1601
銘傳大學,資訊管理學系,管理學群,資訊管理學類,1601
長庚大學,資訊管理學系,管理學群,資訊管理學類,1601
開南大學,資訊管理學系,管理學群,資訊管理學類,1601
靜宜大學,資訊管理學系,管理學群,資訊管理學類,1601
中華大學,應用外語暨智慧商務學士學位學程,管理學群,電子商務學類,1602
輔仁大學,國際溝通與科技創新學士學位學程,管理學群,電子商務學類,1602
中原大學,工業與系統工程學系,管理學群,工業工程與管理學類,1603
中華大學,工業管理學系,管理學群,工業工程與管理學類,1603
元智大學,工業工程與管理學系,管理學群,工業工程與管理學類,1603
國立嘉義大學,科技管理學系,管理學群,工業工程與管理學類,1603
國立成功大學,工業與資訊管理學系,管理學群,工業工程與管理學類,1603
國立清華大學,工業工程與工程管理學系,管理學群,工業工程與管理學類,1603
國立清華大學,科技管理學院學士班,管理學群,工業工程與管理學類,1603
國立金門大學,工業工程與管理學系,管理學群,工業工程與管理學類,1603
國立陽明交通大學,工業工程與管理學系,管理學群,工業工程與管理學類,1603
大葉大學,工業工程與管理學系,管理學群,工業工程與管理學類,1603
東海大學,工業工程與經營資訊學系,管理學群,工業工程與管理學類,1603
華梵大學,工業工程與經營資訊學系,管理學群,工業工程與管理學類,1603
逢甲大學,工業工程與系統管理學系,管理學群,工業工程與管理學類,1603
長榮大學,創新應用管理學系,管理學群,工業工程與管理學類,1603
長榮大學,科技工程與管理學系,管理學群,工業工程與管理學類,1603
中山醫學大學,醫療產業科技管理學系,管理學群,醫務管理學類,1604
亞洲大學,健康產業管理學系,管理學群,醫務管理學類,1604
慈濟大學,醫務暨健康管理學系,管理學群,醫務管理學類,1604
義守大學,醫務管理學系,管理學群,醫務管理學類,1604
臺北醫學大學,醫務管理學系,管理學群,醫務管理學類,1604
銘傳大學,智慧醫療與永續管理學系,管理學群,醫務管理學類,1604
長庚大學,醫務管理學系,管理學群,醫務管理學類,1604
長榮大學,醫務管理學系,管理學群,醫務管理學類,1604
高雄醫學大學,醫務管理暨醫療資訊學系,管理學群,醫務管理學類,1604
南華大學,文化創意事業管理學系(115學年度起併入企業管理學系),管理學群,文化與產業學類,1605
南華大學,音樂跨域設計與藝術管理學士學位學程,管理學群,文化與產業學類,1605
國立屏東大學,文化創意產業學系,管理學群,文化與產業學類,1605
國立東華大學,藝術創意產業學系,管理學群,文化與產業學類,1605
國立聯合大學,文化創意與數位行銷學系,管理學群,文化與產業學類,1605
國立臺中教育大學,區域與社會發展學系,管理學群,文化與產業學類,1605
國立臺中教育大學,文化創意產業設計與營運學系,管理學群,文化與產業學類,1605
國立臺北教育大學,文化創意產業經營學系,管理學群,文化與產業學類,1605
大葉大學,文創產業國際人才學士學位學程,管理學群,文化與產業學類,1605
長榮大學,東南亞文化與產業學士學位學程,管理學群,文化與產業學類,1605
世新大學,行政管理學系,管理學群,行政管理學類,1607
中國文化大學,行政管理學系,管理學群,行政管理學類,1607
佛光大學,公共行政與國際事務學系,管理學群,行政管理學類,1607
國立彰化師範大學,公共事務與公民教育學系,管理學群,行政管理學類,1607
國立政治大學,公共行政學系,管理學群,行政管理學類,1607
國立暨南國際大學,公共行政與政策學系,管理學群,行政管理學類,1607
國立東華大學,公共行政學系,管理學群,行政管理學類,1607
國立臺北大學,公共行政暨政策學系,管理學群,行政管理學類,1607
國立臺南大學,行政管理學系,管理學群,行政管理學類,1607
國立臺東大學,公共與文化事務學系,管理學群,行政管理學類,1607
國立金門大學,海洋與邊境管理學系,管理學群,行政管理學類,1607
東海大學,行政管理暨政策學系,管理學群,行政管理學類,1607
淡江大學,公共行政暨法律學系,管理學群,行政管理學類,1607
臺北市立大學,公共事務學系,管理學群,行政管理學類,1607
銘傳大學,公共事務與行政管理學系,管理學群,行政管理學類,1607
世新大學,企業管理學系,管理學群,企業管理學類,1608
世新大學,傳播管理學系,管理學群,企業管理學類,1608
中信金融管理學院,企業管理學系,管理學群,企業管理學類,1608
中原大學,中原大學美國天普大學商學管理雙學士學位學程,管理學群,企業管理學類,1608
中原大學,企業管理學系,管理學群,企業管理學類,1608
中原大學,商學院不分系,管理學群,企業管理學類,1608
中華大學,企業管理學系,管理學群,企業管理學類,1608
中華大學,西英格蘭大學企業管理雙學士學位學程,管理學群,企業管理學類,1608
亞洲大學,經營管理學系,管理學群,企業管理學類,1608
元智大學,管理學院學士班,管理學群,企業管理學類,1608
南華大學,企業管理學系,管理學群,企業管理學類,1608
國立中央大學,企業管理學系,管理學群,企業管理學類,1608
國立中山大學,企業管理學系,管理學群,企業管理學類,1608
國立中正大學,企業管理學系,管理學群,企業管理學類,1608
國立中興大學,企業管理學系,管理學群,企業管理學類,1608
國立中興大學,國際農企業學士學位學程,管理學群,企業管理學類,1608
國立嘉義大學,企業管理學系,管理學群,企業管理學類,1608
國立屏東大學,企業管理學系,管理學群,企業管理學類,1608
國立屏東大學,商業大數據學系,管理學群,企業管理學類,1608
國立彰化師範大學,企業管理學系,管理學群,企業管理學類,1608
國立成功大學,企業管理學系,管理學群,企業管理學類,1608
國立政治大學,企業管理學系,管理學群,企業管理學類,1608
國立暨南國際大學,管理學院學士班,管理學群,企業管理學類,1608
國立東華大學,企業管理學系,管理學群,企業管理學類,1608
國立東華大學,管理學院管理科學與財金國際學士學位學程,管理學群,企業管理學類,1608
國立聯合大學,經營管理學系,管理學群,企業管理學類,1608
國立臺北大學,企業管理學系,管理學群,企業管理學類,1608
國立臺南大學,經營與管理學系,管理學群,企業管理學類,1608
國立臺灣大學,工商管理學系,管理學群,企業管理學類,1608
國立臺灣師範大學,企業管理學系,管理學群,企業管理學類,1608
國立金門大學,企業管理學系,管理學群,企業管理學類,1608
國立陽明交通大學,管理科學系,管理學群,企業管理學類,1608
國立高雄大學,亞太工商管理學系,管理學群,企業管理學類,1608
國立高雄師範大學,事業經營學系,管理學群,企業管理學類,1608
大葉大學,人力資源暨公共關係學系,管理學群,企業管理學類,1608
大葉大學,企業管理學系,管理學群,企業管理學類,1608
實踐大學,企業管理學系,管理學群,企業管理學類,1608
慈濟大學,國際服務產業管理學士學位學程(115學年度起併入經營管理學系),管理學群,企業管理學類,1608
明道大學(112學年度起停招、113年停辦)(專案輔導至112/5/31),企業管理學系,管理學群,企業管理學類,1608
東吳大學,企業管理學系,管理學群,企業管理學類,1608
東海大學,企業管理學系,管理學群,企業管理學類,1608
淡江大學,企業管理學系,管理學群,企業管理學類,1608
淡江大學,管理科學學系,管理學群,企業管理學類,1608
真理大學,企業管理學系,管理學群,企業管理學類,1608
義守大學,企業管理學系,管理學群,企業管理學類,1608
臺北市立大學,行銷與管理學系,管理學群,企業管理學類,1608
臺灣首府大學(111學年度起停招、112年停辦)(專案輔導至113/5/31),企業管理學系,管理學群,企業管理學類,1608
輔仁大學,企業管理學系,管理學群,企業管理學類,1608
輔仁大學,跨領域全英語學士學位學程,管理學群,企業管理學類,1608
逢甲大學,企業管理學系,管理學群,企業管理學類,1608
逢甲大學,合作經濟暨社會事業經營學系,管理學群,企業管理學類,1608
逢甲大學,澳洲墨爾本皇家理工大學商學與創新雙學士學位學程,管理學群,企業管理學類,1608
逢甲大學,澳洲昆士蘭大學商學雙學士學位學程,管理學群,企業管理學類,1608
銘傳大學,企業管理學系,管理學群,企業管理學類,1608
長庚大學,工商管理學系,管理學群,企業管理學類,1608
長榮大學,企業管理學系,管理學群,企業管理學類,1608
開南大學,企業與創業管理學系,管理學群,企業管理學類,1608
靜宜大學,寰宇管理學士學位學程,管理學群,企業管理學類,1608
中國文化大學,行銷學士學位學程,管理學群,行銷經營學類,1609
國立中興大學,行銷學系,管理學群,行銷經營學類,1609
國立嘉義大學,行銷與觀光管理學系,管理學群,行銷經營學類,1609
國立屏東大學,行銷與流通管理學系,管理學群,行銷經營學類,1609
國立東華大學,管理學院數位行銷與服務創新國際學士班,管理學群,行銷經營學類,1609
國立高雄師範大學,事業經營學系,管理學群,行銷經營學類,1609
實踐大學,行銷管理學系,管理學群,行銷經營學類,1609
慈濟大學,經營管理學系,管理學群,行銷經營學類,1609
臺北市立大學,行銷與管理學系,管理學群,行銷經營學類,1609
逢甲大學,行銷學系,管理學群,行銷經營學類,1609
銘傳大學,時尚與創新管理學士學位學程,管理學群,行銷經營學類,1609
開南大學,行銷學系,管理學群,行銷經營學類,1609
靜宜大學,行銷與數位經營管理學系,管理學群,行銷經營學類,1609
國立成功大學,交通管理科學系,管理學群,運輸物流管理學類,1610
國立臺灣海洋大學,商船學系,管理學群,運輸物流管理學類,1610
國立臺灣海洋大學,海洋經營管理學士學位學程,管理學群,運輸物流管理學類,1610
國立臺灣海洋大學,航運管理學系,管理學群,運輸物流管理學類,1610
國立臺灣海洋大學,運輸科學系,管理學群,運輸物流管理學類,1610
國立陽明交通大學,運輸與物流管理學系,管理學群,運輸物流管理學類,1610
淡江大學,運輸管理學系,管理學群,運輸物流管理學類,1610
真理大學,航空事業學系,管理學群,運輸物流管理學類,1610
逢甲大學,運輸與物流學系,管理學群,運輸物流管理學類,1610
長榮大學,航運管理學系,管理學群,運輸物流管理學類,1610
開南大學,交通運輸學系,管理學群,運輸物流管理學類,1610
開南大學,國際物流與運輸管理學系,管理學群,運輸物流管理學類,1610
開南大學,空運管理學系,管理學群,運輸物流管理學類,1610
中國文化大學,土地資源學系,管理學群,地政與土地資產管理學類,1611
國立屏東大學,不動產經營學系,管理學群,地政與土地資產管理學類,1611
國立政治大學,地政學系,管理學群,地政與土地資產管理學類,1611
國立臺北大學,不動產與城鄉環境學系,管理學群,地政與土地資產管理學類,1611
逢甲大學,土地管理學系,管理學群,地政與土地資產管理學類,1611
長榮大學,土地管理與開發學系,管理學群,地政與土地資產管理學類,1611
世新大學,觀光學系,管理學群,觀光事業學類,1612
中國文化大學,觀光事業學系,管理學群,觀光事業學類,1612
中華大學,國際觀光與酒店管理雙學士學位學程,管理學群,觀光事業學類,1612
中華大學,觀光學院學士班,管理學群,觀光事業學類,1612
南華大學,旅遊管理學系,管理學群,觀光事業學類,1612
國立嘉義大學,行銷與觀光管理學系,管理學群,觀光事業學類,1612
國立暨南國際大學,觀光休閒與餐旅管理學系,管理學群,觀光事業學類,1612
國立東華大學,觀光暨休閒遊憩學系,管理學群,觀光事業學類,1612
國立聯合大學,文化觀光產業學系,管理學群,觀光事業學類,1612
國立臺灣海洋大學,海洋觀光管理學士學位學程,管理學群,觀光事業學類,1612
國立金門大學,觀光管理學系,管理學群,觀光事業學類,1612
大葉大學,觀光休閒學系,管理學群,觀光事業學類,1612
實踐大學,觀光管理學系,管理學群,觀光事業學類,1612
淡江大學,國際觀光管理學系全英語學士班,管理學群,觀光事業學類,1612
真理大學,觀光事業學系,管理學群,觀光事業學類,1612
義守大學,智慧觀光餐旅管理英語學士學位學程,管理學群,觀光事業學類,1612
義守大學,觀光智慧服務與科技學系,管理學群,觀光事業學類,1612
臺灣首府大學(111學年度起停招、112年停辦)(專案輔導至113/5/31),觀光事業管理學系,管理學群,觀光事業學類,1612
銘傳大學,觀光事業學系,管理學群,觀光事業學類,1612
長榮大學,觀光與餐飲管理學系,管理學群,觀光事業學類,1612
開南大學,觀光與餐飲旅館學系,管理學群,觀光事業學類,1612
靜宜大學,觀光事業學系,管理學群,觀光事業學類,1612
中信金融管理學院,運動產業管理學士學位學程,管理學群,運動管理學類,1613
佛光大學,運動與健康促進管理學士學位學程,管理學群,運動管理學類,1613
國立臺北大學,休閒運動管理學系,管理學群,運動管理學類,1613
國立臺東大學,身心整合與運動休閒產業學系,管理學群,運動管理學類,1613
國立臺灣大學,國際體育運動事務學士學位學程,管理學群,運動管理學類,1613
國立臺灣體育運動大學,休閒運動學系,管理學群,運動管理學類,1613
國立臺灣體育運動大學,運動事業管理學系,管理學群,運動管理學類,1613
國立金門大學,運動與休閒學系,管理學群,運動管理學類,1613
國立體育大學,體育推廣學系,管理學群,運動管理學類,1613
國立高雄大學,運動健康與休閒學系,管理學群,運動管理學類,1613
大葉大學,運動健康管理學系,管理學群,運動管理學類,1613
真理大學,運動管理學系,管理學群,運動管理學類,1613
臺北市立大學,休閒運動管理學系,管理學群,運動管理學類,1613
開南大學,休閒與運動管理學系,管理學群,運動管理學類,1613
中華大學,國際觀光與酒店管理雙學士學位學程,管理學群,餐旅管理學類,1614
中華大學,觀光學院學士班,管理學群,餐旅管理學類,1614
佛光大學,健康與創意蔬食產業學系,管理學群,餐旅管理學類,1614
南華大學,旅遊管理學系,管理學群,餐旅管理學類,1614
大葉大學,烘焙暨飲料調製學士學位學程,管理學群,餐旅管理學類,1614
大葉大學,餐旅管理學系,管理學群,餐旅管理學類,1614
實踐大學,智慧服務管理英語學士學位學程,管理學群,餐旅管理學類,1614
實踐大學,餐飲管理學系,管理學群,餐旅管理學類,1614
明道大學(112學年度起停招、113年停辦)(專案輔導至112/5/31),餐旅管理學系,管理學群,餐旅管理學類,1614
東海大學,餐旅管理學系,管理學群,餐旅管理學類,1614
玄奘大學,餐旅管理學系,管理學群,餐旅管理學類,1614
義守大學,廚藝暨美食學學系,管理學群,餐旅管理學類,1614
義守大學,智慧觀光餐旅管理英語學士學位學程,管理學群,餐旅管理學類,1614
義守大學,餐旅管理學系,管理學群,餐旅管理學類,1614
臺灣首府大學(111學年度起停招、112年停辦)(專案輔導至113/5/31),烘焙管理學系,管理學群,餐旅管理學類,1614
臺灣首府大學(111學年度起停招、112年停辦)(專案輔導至113/5/31),飯店管理學系,管理學群,餐旅管理學類,1614
臺灣首府大學(111學年度起停招、112年停辦)(專案輔導至113/5/31),餐旅管理學系,管理學群,餐旅管理學類,1614
輔仁大學,餐旅管理學系,管理學群,餐旅管理學類,1614
銘傳大學,餐旅管理學系,管理學群,餐旅管理學類,1614
長榮大學,觀光與餐飲管理學系,管理學群,餐旅管理學類,1614
開南大學,觀光與餐飲旅館學系,管理學群,餐旅管理學類,1614
中華大學,觀光學院學士班,管理學群,休閒管理學類,1615
國立宜蘭大學,休閒產業與健康促進學系,管理學群,休閒管理學類,1615
國立屏東大學,休閒事業經營學系,管理學群,休閒管理學類,1615
國立暨南國際大學,觀光休閒與餐旅管理學系,管理學群,休閒管理學類,1615
國立東華大學,觀光暨休閒遊憩學系,管理學群,休閒管理學類,1615
國立臺北大學,休閒運動管理學系,管理學群,休閒管理學類,1615
國立臺東大學,文化資源與休閒產業學系,管理學群,休閒管理學類,1615
國立臺東大學,身心整合與運動休閒產業學系,管理學群,休閒管理學類,1615
國立臺灣體育運動大學,休閒運動學系,管理學群,休閒管理學類,1615
國立金門大學,運動與休閒學系,管理學群,休閒管理學類,1615
國立體育大學,休閒產業經營學系,管理學群,休閒管理學類,1615
國立高雄大學,運動健康與休閒學系,管理學群,休閒管理學類,1615
大葉大學,婚禮企劃暨節慶管理學士學位學程,管理學群,休閒管理學類,1615
大葉大學,觀光休閒學系,管理學群,休閒管理學類,1615
實踐大學,休閒產業管理學系,管理學群,休閒管理學類,1615
康寧大學,休閒管理學系,管理學群,休閒管理學類,1615
明道大學(112學年度起停招、113年停辦)(專案輔導至112/5/31),休閒保健學系,管理學群,休閒管理學類,1615
臺北市立大學,休閒運動管理學系,管理學群,休閒管理學類,1615
臺灣首府大學(111學年度起停招、112年停辦)(專案輔導至113/5/31),休閒管理學系,管理學群,休閒管理學類,1615
臺灣首府大學(111學年度起停招、112年停辦)(專案輔導至113/5/31),休閒資訊管理學系,管理學群,休閒管理學類,1615
銘傳大學,休閒遊憩管理學系,管理學群,休閒管理學類,1615
長榮大學,國際會展管理學士學位學程,管理學群,休閒管理學類,1615
開南大學,休閒與運動管理學系,管理學群,休閒管理學類,1615
國立成功大學,統計與資料科學學系,財經學群,統計學類,1701
國立政治大學,統計學系,財經學群,統計學類,1701
國立臺北大學,統計學系,財經學群,統計學類,1701
東海大學,統計學系,財經學群,統計學類,1701
淡江大學,統計與資料科學學系,財經學群,統計學類,1701
輔仁大學,統計資訊學系,財經學群,統計學類,1701
逢甲大學,統計學系,財經學群,統計學類,1701
逢甲大學,美國加州聖荷西州立大學商學大數據分析雙學士學位學程,財經學群,統計學類,1701
中原大學,商學院不分系,財經學群,會計學類,1702
中原大學,會計學系,財經學群,會計學類,1702
中國文化大學,會計學系,財經學群,會計學類,1702
亞洲大學,會計與資訊學系,財經學群,會計學類,1702
元智大學,管理學院學士班,財經學群,會計學類,1702
國立中正大學,會計與資訊科技學系,財經學群,會計學類,1702
國立中興大學,會計學系,財經學群,會計學類,1702
國立屏東大學,會計學系,財經學群,會計學類,1702
國立彰化師範大學,會計學系,財經學群,會計學類,1702
國立成功大學,會計學系,財經學群,會計學類,1702
國立政治大學,會計學系,財經學群,會計學類,1702
國立東華大學,會計學系,財經學群,會計學類,1702
國立東華大學,管理學院會計與資訊管理國際學士班,財經學群,會計學類,1702
國立臺北大學,會計學系,財經學群,會計學類,1702
國立臺灣大學,會計學系,財經學群,會計學類,1702
實踐大學,會計學系,財經學群,會計學類,1702
實踐大學,會計暨稅務學系,財經學群,會計學類,1702
東吳大學,會計學系,財經學群,會計學類,1702
東海大學,會計學系,財經學群,會計學類,1702
淡江大學,會計學系,財經學群,會計學類,1702
義守大學,會計學系,財經學群,會計學類,1702
輔仁大學,會計學系,財經學群,會計學類,1702
逢甲大學,會計學系,財經學群,會計學類,1702
銘傳大學,會計學系,財經學群,會計學類,1702
長榮大學,會計資訊學系,財經學群,會計學類,1702
開南大學,會計學系,財經學群,會計學類,1702
靜宜大學,會計學系,財經學群,會計學類,1702
世新大學,財務金融學系,財經學群,財務金融學類,1703
中信金融管理學院,科技金融學系,財經學群,財務金融學類,1703
中信金融管理學院,財務金融學系,財經學群,財務金融學類,1703
中信金融管理學院,金融管理學院學士班,財經學群,財務金融學類,1703
中原大學,商學院不分系,財經學群,財務金融學類,1703
中原大學,財務金融學系,財經學群,財務金融學類,1703
中國文化大學,財務金融學系,財經學群,財務金融學類,1703
亞洲大學,財務金融學系,財經學群,財務金融學類,1703
元智大學,管理學院學士班,財經學群,財務金融學類,1703
南華大學,財務金融學系,財經學群,財務金融學類,1703
國立中央大學,財務金融學系,財經學群,財務金融學類,1703
國立中山大學,財務管理學系,財經學群,財務金融學類,1703
國立中正大學,財務金融學系,財經學群,財務金融學類,1703
國立中興大學,財務金融學系,財經學群,財務金融學類,1703
國立嘉義大學,財務金融學系,財經學群,財務金融學類,1703
國立屏東大學,財務金融學系,財經學群,財務金融學類,1703
國立彰化師範大學,財務金融技術學系,財經學群,財務金融學類,1703
國立政治大學,財務管理學系,財經學群,財務金融學類,1703
國立政治大學,金融學系,財經學群,財務金融學類,1703
國立暨南國際大學,財務金融學系,財經學群,財務金融學類,1703
國立東華大學,財務金融學系,財經學群,財務金融學類,1703
國立清華大學,計量財務金融學系,財經學群,財務金融學類,1703
國立聯合大學,財務金融學系,財經學群,財務金融學類,1703
國立臺北大學,金融與合作經營學系,財經學群,財務金融學類,1703
國立臺灣大學,財務金融學系,財經學群,財務金融學類,1703
國立陽明交通大學,資訊管理與財務金融學系,財經學群,財務金融學類,1703
國立高雄大學,財務金融學系,財經學群,財務金融學類,1703
大葉大學,財務金融學系,財經學群,財務金融學類,1703
實踐大學,財務金融學系,財經學群,財務金融學類,1703
實踐大學,金融管理學系,財經學群,財務金融學類,1703
東吳大學,財務工程與精算數學系,財經學群,財務金融學類,1703
東海大學,財務金融學系,財經學群,財務金融學類,1703
淡江大學,財務金融學系,財經學群,財務金融學類,1703
真理大學,財務金融學系,財經學群,財務金融學類,1703
義守大學,財務與商業分析英語學士學位學程,財經學群,財務金融學類,1703
義守大學,財務金融管理學系,財經學群,財務金融學類,1703
輔仁大學,金融與國際企業學系,財經學群,財務金融學類,1703
逢甲大學,澳洲昆士蘭大學商學雙學士學位學程,財經學群,財務金融學類,1703
逢甲大學,財務工程與精算學士學位學程,財經學群,財務金融學類,1703
逢甲大學,財務金融學系,財經學群,財務金融學類,1703
逢甲大學,金融學院學士班,財經學群,財務金融學類,1703
銘傳大學,財務金融學系,財經學群,財務金融學類,1703
銘傳大學,金融科技應用學系,財經學群,財務金融學類,1703
長庚大學,數位金融科技學系,財經學群,財務金融學類,1703
長榮大學,國際財務與商務管理學士學位學程,財經學群,財務金融學類,1703
長榮大學,財務金融學系,財經學群,財務金融學類,1703
靜宜大學,財務工程學系,財經學群,財務金融學類,1703
靜宜大學,財務金融學系,財經學群,財務金融學類,1703
中原大學,商學院不分系,財經學群,國際企業學類,1704
中原大學,國際經營與貿易學系,財經學群,國際企業學類,1704
中國文化大學,全球商務學士學位學程,財經學群,國際企業學類,1704
中國文化大學,國際企業管理學系,財經學群,國際企業學類,1704
中國文化大學,國際貿易學系,財經學群,國際企業學類,1704
元智大學,管理學院學士班,財經學群,國際企業學類,1704
南華大學,管理學院國際企業學士學位學程,財經學群,國際企業學類,1704
國立中山大學,國際經營管理全英語學士學位學程,財經學群,國際企業學類,1704
國立屏東大學,國際經營與貿易學系,財經學群,國際企業學類,1704
國立政治大學,國際經營與貿易學系,財經學群,國際企業學類,1704
國立暨南國際大學,國際企業學系,財經學群,國際企業學類,1704
國立東華大學,國際企業學系,財經學群,國際企業學類,1704
國立臺中教育大學,國際企業學系,財經學群,國際企業學類,1704
國立臺灣大學,國際企業學系,財經學群,國際企業學類,1704
大葉大學,國際企業管理學系,財經學群,國際企業學類,1704
實踐大學,國際企業管理學系,財經學群,國際企業學類,1704
實踐大學,國際企業英語學士學位學程,財經學群,國際企業學類,1704
實踐大學,國際經營與貿易學系,財經學群,國際企業學類,1704
實踐大學,國際貿易學系,財經學群,國際企業學類,1704
東吳大學,國際經營與貿易學系,財經學群,國際企業學類,1704
東海大學,國際學院國際經營管理學位學程,財經學群,國際企業學類,1704
東海大學,國際經營與貿易學系,財經學群,國際企業學類,1704
淡江大學,國際企業學系,財經學群,國際企業學類,1704
真理大學,國際經營與貿易學系,財經學群,國際企業學類,1704
義守大學,國際企業經營英語學士學位學程,財經學群,國際企業學類,1704
義守大學,國際商務學系,財經學群,國際企業學類,1704
輔仁大學,金融與國際企業學系,財經學群,國際企業學類,1704
逢甲大學,國際企業管理全英語學士學位學程,財經學群,國際企業學類,1704
逢甲大學,國際經營與貿易學系,財經學群,國際企業學類,1704
逢甲大學,澳洲昆士蘭大學商學雙學士學位學程,財經學群,國際企業學類,1704
銘傳大學,國際企業學系,財經學群,國際企業學類,1704
銘傳大學,國際企業與貿易學士學位學程,財經學群,國際企業學類,1704
長榮大學,國際企業學系,財經學群,國際企業學類,1704
開南大學,商學院國際榮譽學士學位學程,財經學群,國際企業學類,1704
開南大學,國際企業學系,財經學群,國際企業學類,1704
靜宜大學,國際企業學系,財經學群,國際企業學類,1704
國立政治大學,財政學系,財經學群,財稅學類,1705
國立臺北大學,財政學系,財經學群,財稅學類,1705
逢甲大學,財稅學系,財經學群,財稅學類,1705
國立政治大學,風險管理與保險學系,財經學群,保險學類,1706
實踐大學,風險管理與保險學系,財經學群,保險學類,1706
淡江大學,風險管理與保險學系,財經學群,保險學類,1706
真理大學,統計資訊與精算學系,財經學群,保險學類,1706
逢甲大學,風險管理與保險學系,財經學群,保險學類,1706
銘傳大學,資訊應用與金融保險學系,財經學群,保險學類,1706
世新大學,經濟學系,財經學群,經濟學類,1707
中國文化大學,政治與經濟學系,財經學群,經濟學類,1707
中國文化大學,經濟學系(115學年度併入政治與經濟學系),財經學群,經濟學類,1707
佛光大學,應用經濟學系,財經學群,經濟學類,1707
國立中央大學,經濟學系,財經學群,經濟學類,1707
國立中山大學,政治經濟學系,財經學群,經濟學類,1707
國立中正大學,經濟學系,財經學群,經濟學類,1707
國立中興大學,應用經濟學系,財經學群,經濟學類,1707
國立嘉義大學,應用經濟學系,財經學群,經濟學類,1707
國立宜蘭大學,應用經濟與管理學系,財經學群,經濟學類,1707
國立成功大學,經濟學系,財經學群,經濟學類,1707
國立政治大學,經濟學系,財經學群,經濟學類,1707
國立暨南國際大學,經濟學系,財經學群,經濟學類,1707
國立東華大學,經濟學系,財經學群,經濟學類,1707
國立清華大學,經濟學系,財經學群,經濟學類,1707
國立臺北大學,經濟學系,財經學群,經濟學類,1707
國立臺灣大學,經濟學系,財經學群,經濟學類,1707
國立臺灣大學,農業經濟學系,財經學群,經濟學類,1707
國立高雄大學,應用經濟學系,財經學群,經濟學類,1707
東吳大學,經濟學系,財經學群,經濟學類,1707
東海大學,經濟學系,財經學群,經濟學類,1707
淡江大學,全球政治經濟學系全英語學士班,財經學群,經濟學類,1707
淡江大學,經濟學系,財經學群,經濟學類,1707
真理大學,經濟學系,財經學群,經濟學類,1707
輔仁大學,經濟學系,財經學群,經濟學類,1707
逢甲大學,澳洲昆士蘭大學商學雙學士學位學程,財經學群,經濟學類,1707
逢甲大學,經濟學系,財經學群,經濟學類,1707
銘傳大學,金融學系,財經學群,經濟學類,1707
中國醫藥大學,運動醫學系,遊憩與運動學群,運動保健學類,1801
佛光大學,運動與健康促進管理學士學位學程,遊憩與運動學群,運動保健學類,1801
國立臺灣體育運動大學,運動健康科學學系,遊憩與運動學群,運動保健學類,1801
國立體育大學,運動保健學系,遊憩與運動學群,運動保健學類,1801
臺北市立大學,運動健康科學系,遊憩與運動學群,運動保健學類,1801
高雄醫學大學,運動醫學系,遊憩與運動學群,運動保健學類,1801
中國文化大學,體育學系,遊憩與運動學群,體育學類,1802
中國文化大學,體育運動健康學院不分系學士班,遊憩與運動學群,體育學類,1802
南華大學,運動與健康促進學士學位學程,遊憩與運動學群,體育學類,1802
國立中正大學,運動競技學系,遊憩與運動學群,體育學類,1802
國立嘉義大學,體育與健康休閒學系,遊憩與運動學群,體育學類,1802
國立屏東大學,體育學系,遊憩與運動學群,體育學類,1802
國立彰化師範大學,運動學系,遊憩與運動學群,體育學類,1802
國立東華大學,體育與運動科學系,遊憩與運動學群,體育學類,1802
國立清華大學,運動科學系,遊憩與運動學群,體育學類,1802
國立臺中教育大學,體育學系,遊憩與運動學群,體育學類,1802
國立臺北教育大學,體育學系,遊憩與運動學群,體育學類,1802
國立臺南大學,體育學系,遊憩與運動學群,體育學類,1802
國立臺東大學,競技與運動科學學系,遊憩與運動學群,體育學類,1802
國立臺東大學,體育學系,遊憩與運動學群,體育學類,1802
國立臺灣師範大學,運動競技學系,遊憩與運動學群,體育學類,1802
國立臺灣師範大學,體育與運動科學系,遊憩與運動學群,體育學類,1802
國立臺灣體育運動大學,技擊運動學系,遊憩與運動學群,體育學類,1802
國立臺灣體育運動大學,球類運動學系,遊憩與運動學群,體育學類,1802
國立臺灣體育運動大學,競技運動學系,遊憩與運動學群,體育學類,1802
國立臺灣體育運動大學,體育學系,遊憩與運動學群,體育學類,1802
國立體育大學,技擊運動技術學系,遊憩與運動學群,體育學類,1802
國立體育大學,球類運動技術學系,遊憩與運動學群,體育學類,1802
國立體育大學,適應體育學系,遊憩與運動學群,體育學類,1802
國立體育大學,陸上運動技術學系,遊憩與運動學群,體育學類,1802
國立體育大學,體育推廣學系,遊憩與運動學群,體育學類,1802
國立高雄大學,運動競技學系,遊憩與運動學群,體育學類,1802
國立高雄師範大學,體育學系,遊憩與運動學群,體育學類,1802
臺北市立大學,技擊運動學系,遊憩與運動學群,體育學類,1802
臺北市立大學,水上運動學系,遊憩與運動學群,體育學類,1802
臺北市立大學,球類運動學系,遊憩與運動學群,體育學類,1802
臺北市立大學,運動藝術學系,遊憩與運動學群,體育學類,1802
臺北市立大學,陸上運動學系,遊憩與運動學群,體育學類,1802
臺北市立大學,體育學系,遊憩與運動學群,體育學類,1802
輔仁大學,體育學系,遊憩與運動學群,體育學類,1802
長榮大學,運動競技學系,遊憩與運動學群,體育學類,1802
中國文化大學,舞蹈學系,遊憩與運動學群,舞蹈學類,1803
國立臺北藝術大學,舞蹈學系,遊憩與運動學群,舞蹈學類,1803
國立臺灣藝術大學,舞蹈學系,遊憩與運動學群,舞蹈學類,1803
臺北市立大學,舞蹈學系,遊憩與運動學群,舞蹈學類,1803
世新大學,觀光學系,遊憩與運動學群,觀光事業學類,1804
中國文化大學,觀光事業學系,遊憩與運動學群,觀光事業學類,1804
中華大學,國際觀光與酒店管理雙學士學位學程,遊憩與運動學群,觀光事業學類,1804
中華大學,觀光學院學士班,遊憩與運動學群,觀光事業學類,1804
南華大學,旅遊管理學系,遊憩與運動學群,觀光事業學類,1804
國立嘉義大學,行銷與觀光管理學系,遊憩與運動學群,觀光事業學類,1804
國立暨南國際大學,觀光休閒與餐旅管理學系,遊憩與運動學群,觀光事業學類,1804
國立東華大學,觀光暨休閒遊憩學系,遊憩與運動學群,觀光事業學類,1804
國立聯合大學,文化觀光產業學系,遊憩與運動學群,觀光事業學類,1804
國立臺灣海洋大學,海洋觀光管理學士學位學程,遊憩與運動學群,觀光事業學類,1804
國立金門大學,觀光管理學系,遊憩與運動學群,觀光事業學類,1804
大葉大學,觀光休閒學系,遊憩與運動學群,觀光事業學類,1804
實踐大學,觀光管理學系,遊憩與運動學群,觀光事業學類,1804
淡江大學,國際觀光管理學系全英語學士班,遊憩與運動學群,觀光事業學類,1804
真理大學,觀光事業學系,遊憩與運動學群,觀光事業學類,1804
義守大學,智慧觀光餐旅管理英語學士學位學程,遊憩與運動學群,觀光事業學類,1804
義守大學,觀光智慧服務與科技學系,遊憩與運動學群,觀光事業學類,1804
臺灣首府大學(111學年度起停招、112年停辦)(專案輔導至113/5/31),觀光事業管理學系,遊憩與運動學群,觀光事業學類,1804
銘傳大學,觀光事業學系,遊憩與運動學群,觀光事業學類,1804
長榮大學,觀光與餐飲管理學系,遊憩與運動學群,觀光事業學類,1804
開南大學,觀光與餐飲旅館學系,遊憩與運動學群,觀光事業學類,1804
靜宜大學,觀光事業學系,遊憩與運動學群,觀光事業學類,1804
中信金融管理學院,運動產業管理學士學位學程,遊憩與運動學群,運動管理學類,1805
佛光大學,運動與健康促進管理學士學位學程,遊憩與運動學群,運動管理學類,1805
國立臺北大學,休閒運動管理學系,遊憩與運動學群,運動管理學類,1805
國立臺東大學,身心整合與運動休閒產業學系,遊憩與運動學群,運動管理學類,1805
國立臺灣大學,國際體育運動事務學士學位學程,遊憩與運動學群,運動管理學類,1805
國立臺灣體育運動大學,休閒運動學系,遊憩與運動學群,運動管理學類,1805
國立臺灣體育運動大學,運動事業管理學系,遊憩與運動學群,運動管理學類,1805
國立金門大學,運動與休閒學系,遊憩與運動學群,運動管理學類,1805
國立體育大學,體育推廣學系,遊憩與運動學群,運動管理學類,1805
國立高雄大學,運動健康與休閒學系,遊憩與運動學群,運動管理學類,1805
大葉大學,運動健康管理學系,遊憩與運動學群,運動管理學類,1805
真理大學,運動管理學系,遊憩與運動學群,運動管理學類,1805
臺北市立大學,休閒運動管理學系,遊憩與運動學群,運動管理學類,1805
開南大學,休閒與運動管理學系,遊憩與運動學群,運動管理學類,1805
中華大學,國際觀光與酒店管理雙學士學位學程,遊憩與運動學群,餐旅管理學類,1806
中華大學,觀光學院學士班,遊憩與運動學群,餐旅管理學類,1806
佛光大學,健康與創意蔬食產業學系,遊憩與運動學群,餐旅管理學類,1806
南華大學,旅遊管理學系,遊憩與運動學群,餐旅管理學類,1806
大葉大學,烘焙暨飲料調製學士學位學程,遊憩與運動學群,餐旅管理學類,1806
大葉大學,餐旅管理學系,遊憩與運動學群,餐旅管理學類,1806
實踐大學,智慧服務管理英語學士學位學程,遊憩與運動學群,餐旅管理學類,1806
實踐大學,餐飲管理學系,遊憩與運動學群,餐旅管理學類,1806
明道大學(112學年度起停招、113年停辦)(專案輔導至112/5/31),餐旅管理學系,遊憩與運動學群,餐旅管理學類,1806
東海大學,餐旅管理學系,遊憩與運動學群,餐旅管理學類,1806
玄奘大學,餐旅管理學系,遊憩與運動學群,餐旅管理學類,1806
義守大學,廚藝暨美食學學系,遊憩與運動學群,餐旅管理學類,1806
義守大學,智慧觀光餐旅管理英語學士學位學程,遊憩與運動學群,餐旅管理學類,1806
義守大學,餐旅管理學系,遊憩與運動學群,餐旅管理學類,1806
臺灣首府大學(111學年度起停招、112年停辦)(專案輔導至113/5/31),烘焙管理學系,遊憩與運動學群,餐旅管理學類,1806
臺灣首府大學(111學年度起停招、112年停辦)(專案輔導至113/5/31),飯店管理學系,遊憩與運動學群,餐旅管理學類,1806
臺灣首府大學(111學年度起停招、112年停辦)(專案輔導至113/5/31),餐旅管理學系,遊憩與運動學群,餐旅管理學類,1806
輔仁大學,餐旅管理學系,遊憩與運動學群,餐旅管理學類,1806
銘傳大學,餐旅管理學系,遊憩與運動學群,餐旅管理學類,1806
長榮大學,觀光與餐飲管理學系,遊憩與運動學群,餐旅管理學類,1806
開南大學,觀光與餐飲旅館學系,遊憩與運動學群,餐旅管理學類,1806
中華大學,觀光學院學士班,遊憩與運動學群,休閒管理學類,1807
國立宜蘭大學,休閒產業與健康促進學系,遊憩與運動學群,休閒管理學類,1807
國立屏東大學,休閒事業經營學系,遊憩與運動學群,休閒管理學類,1807
國立暨南國際大學,觀光休閒與餐旅管理學系,遊憩與運動學群,休閒管理學類,1807
國立東華大學,觀光暨休閒遊憩學系,遊憩與運動學群,休閒管理學類,1807
國立臺北大學,休閒運動管理學系,遊憩與運動學群,休閒管理學類,1807
國立臺東大學,文化資源與休閒產業學系,遊憩與運動學群,休閒管理學類,1807
國立臺東大學,身心整合與運動休閒產業學系,遊憩與運動學群,休閒管理學類,1807
國立臺灣體育運動大學,休閒運動學系,遊憩與運動學群,休閒管理學類,1807
國立金門大學,運動與休閒學系,遊憩與運動學群,休閒管理學類,1807
國立體育大學,休閒產業經營學系,遊憩與運動學群,休閒管理學類,1807
國立高雄大學,運動健康與休閒學系,遊憩與運動學群,休閒管理學類,1807
大葉大學,婚禮企劃暨節慶管理學士學位學程,遊憩與運動學群,休閒管理學類,1807
大葉大學,觀光休閒學系,遊憩與運動學群,休閒管理學類,1807
實踐大學,休閒產業管理學系,遊憩與運動學群,休閒管理學類,1807
康寧大學,休閒管理學系,遊憩與運動學群,休閒管理學類,1807
明道大學(112學年度起停招、113年停辦)(專案輔導至112/5/31),休閒保健學系,遊憩與運動學群,休閒管理學類,1807
臺北市立大學,休閒運動管理學系,遊憩與運動學群,休閒管理學類,1807
臺灣首府大學(111學年度起停招、112年停辦)(專案輔導至113/5/31),休閒管理學系,遊憩與運動學群,休閒管理學類,1807
臺灣首府大學(111學年度起停招、112年停辦)(專案輔導至113/5/31),休閒資訊管理學系,遊憩與運動學群,休閒管理學類,1807
銘傳大學,休閒遊憩管理學系,遊憩與運動學群,休閒管理學類,1807
長榮大學,國際會展管理學士學位學程,遊憩與運動學群,休閒管理學類,1807
開南大學,休閒與運動管理學系,遊憩與運動學群,休閒管理學類,1807
國立中山大學,人文暨科技跨領域學系,不分系學群,不分系學類,1901
國立中正大學,紫荊不分系學士學位學程,不分系學群,不分系學類,1901
國立成功大學,全校不分系學士學位學程,不分系學群,不分系學類,1901
國立政治大學,創新國際學院學士班,不分系學群,不分系學類,1901
國立東華大學,縱谷跨域書院學士學位學程,不分系學群,不分系學類,1901
國立清華大學,清華學院學士班,不分系學群,不分系學類,1901
國立臺中教育大學,全校不分系學士學位學程,不分系學群,不分系學類,1901
國立臺東大學,全校不分系學士學位學程,不分系學群,不分系學類,1901
國立陽明交通大學,學士班大一大二不分系,不分系學群,不分系學類,1901
