dept_id,univ_id,univ_name,department,academic_cluster,category,category_id
008212,008,中原大學,中原大學美國威大密爾瓦基分校電機與資訊工程雙學士學位學程,資訊學群,資訊工程學類,0101
008192,008,中原大學,資訊工程學系,資訊學群,資訊工程學類,0101
008152,008,中原大學,電機資訊學院學士班,資訊學群,資訊工程學類,0101
008222,008,中原大學,電機資訊學院智慧運算與大數據學士班,資訊學群,資訊工程學類,0101
017182,017,中國文化大學,資訊工程學系,資訊學群,資訊工程學類,0101
134232,134,亞洲大學,人工智慧學系,資訊學群,資訊工程學類,0101
,134,亞洲大學,資訊工程學系,資訊學群,資訊工程學類,0101
130092,130,佛光大學,人工智慧技術與應用學士學位學程,資訊學群,資訊工程學類,0101
040192,040,元智大學,資訊學院英語學士班,資訊學群,資訊工程學類,0101
040162,040,元智大學,資訊工程學系,資訊學群,資訊工程學類,0101
040282,040,元智大學,電機通訊學院英語學士班,資訊學群,資訊工程學類,0101
059422,059,南華大學,資訊工程學系,資訊學群,資訊工程學類,0101
016242,016,國立中央大學,資訊工程學系,資訊學群,資訊工程學類,0101
016282,016,國立中央大學,資訊電機學院學士班,資訊學群,資訊工程學類,0101
027172,027,國立中山大學,資訊工程學系,資訊學群,資訊工程學類,0101
041152,041,國立中正大學,資訊工程學系,資訊學群,資訊工程學類,0101
003242,003,國立中興大學,智慧創意工程學士學位學程,資訊學群,資訊工程學類,0101
003262,003,國立中興大學,資訊工程學系,資訊學群,資訊工程學類,0101
003292,003,國立中興大學,電機資訊學院學士班,資訊學群,資訊工程學類,0101
100322,100,國立嘉義大學,資訊工程學系,資訊學群,資訊工程學類,0101
150162,150,國立宜蘭大學,資訊工程學系,資訊學群,資訊工程學類,0101
036322,036,國立屏東大學,智慧機器人學系,資訊學群,資訊工程學類,0101
036332,036,國立屏東大學,資訊工程學系,資訊學群,資訊工程學類,0101
036292,036,國立屏東大學,電腦科學與人工智慧學系,資訊學群,資訊工程學類,0101
036342,036,國立屏東大學,電腦與通訊學系,資訊學群,資訊工程學類,0101
023162,023,國立彰化師範大學,資訊工程學系,資訊學群,資訊工程學類,0101
004492,004,國立成功大學,資訊工程學系,資訊學群,資訊工程學類,0101
006412,006,國立政治大學,資訊科學系,資訊學群,資訊工程學類,0101
058282,058,國立暨南國際大學,科技學院學士班,資訊學群,資訊工程學類,0101
058212,058,國立暨南國際大學,資訊工程學系,資訊學群,資訊工程學類,0101
,034,國立東華大學,資訊工程學系,資訊學群,資訊工程學類,0101
,011,國立清華大學,資訊工程學系,資訊學群,資訊工程學類,0101
011402,011,國立清華大學,電機資訊學院學士班,資訊學群,資訊工程學類,0101
151152,151,國立聯合大學,資訊工程學系,資訊學群,資訊工程學類,0101
031182,031,國立臺中教育大學,數位內容科技學系,資訊學群,資訊工程學類,0101
031172,031,國立臺中教育大學,資訊工程學系,資訊學群,資訊工程學類,0101
099362,099,國立臺北大學,資訊工程學系,資訊學群,資訊工程學類,0101
032302,032,國立臺北教育大學,資訊科學系,資訊學群,資訊工程學類,0101
033162,033,國立臺南大學,資訊工程學系,資訊學群,資訊工程學類,0101
038172,038,國立臺東大學,綠能與資訊科技學系,資訊學群,資訊工程學類,0101
038122,038,國立臺東大學,資訊工程學系,資訊學群,資訊工程學類,0101
001582,001,國立臺灣大學,資訊工程學系,資訊學群,資訊工程學類,0101
002332,002,國立臺灣師範大學,資訊工程學系,資訊學群,資訊工程學類,0101
021222,021,國立臺灣海洋大學,資訊工程學系,資訊學群,資訊工程學類,0101
153122,153,國立金門大學,資訊工程學系,資訊學群,資訊工程學類,0101
,013,國立陽明交通大學,資訊工程學系,資訊學群,資訊工程學類,0101
101242,101,國立高雄大學,資訊工程學系,資訊學群,資訊工程學類,0101
022182,022,國立高雄師範大學,軟體工程與管理學系,資訊學群,資訊工程學類,0101
019052,019,大同大學,資訊工程學系,資訊學群,資訊工程學類,0101
,042,大葉大學,資訊工程學系,資訊學群,資訊工程學類,0101
,050,實踐大學,資訊科技與通訊學系,資訊學群,資訊工程學類,0101
,112,康寧大學,健康數位科技學系,資訊學群,資訊工程學類,0101
009172,009,東海大學,資訊工程學系,資訊學群,資訊工程學類,0101
014482,014,淡江大學,人工智慧學系,資訊學群,資訊工程學類,0101
,014,淡江大學,資訊工程學系,資訊學群,資訊工程學類,0101
,079,真理大學,資訊工程學系,資訊學群,資訊工程學類,0101
,045,義守大學,資訊工程學系,資訊學群,資訊工程學類,0101
035162,035,臺北市立大學,資訊科學系,資訊學群,資訊工程學類,0101
020332,020,輔仁大學,人工智慧與資訊安全學士學位學程,資訊學群,資訊工程學類,0101
020232,020,輔仁大學,資訊工程學系,資訊學群,資訊工程學類,0101
020302,020,輔仁大學,醫學資訊與創新應用學士學位學程,資訊學群,資訊工程學類,0101
015522,015,逢甲大學,人工智慧技術與應用學士學位學程,資訊學群,資訊工程學類,0101
015482,015,逢甲大學,澳洲蒙納許大學資訊工程雙學士學位學程,資訊學群,資訊工程學類,0101
015512,015,逢甲大學,美國加州舊金山州立大學資訊工程雙學士學位學程,資訊學群,資訊工程學類,0101
,015,逢甲大學,美國普渡大學電機資訊雙學士學位學程,資訊學群,資訊工程學類,0101
015252,015,逢甲大學,資訊工程學系,資訊學群,資訊工程學類,0101
015312,015,逢甲大學,資訊電機學院學士班,資訊學群,資訊工程學類,0101
,046,銘傳大學,人工智慧應用學系,資訊學群,資訊工程學類,0101
,046,銘傳大學,資訊工程學系,資訊學群,資訊工程學類,0101
030192,030,長庚大學,人工智慧學系,資訊學群,資訊工程學類,0101
030152,030,長庚大學,資訊工程學系,資訊學群,資訊工程學類,0101
051542,051,長榮大學,資訊工程學系,資訊學群,資訊工程學類,0101
110192,110,開南大學,AI科技與創新設計學士學位學程,資訊學群,資訊工程學類,0101
018292,018,靜宜大學,人工智慧應用學系,資訊學群,資訊工程學類,0101
018322,018,靜宜大學,晶片設計學士學位學程,資訊學群,資訊工程學類,0101
018342,018,靜宜大學,資料科學暨大數據分析與應用學系,資訊學群,資訊工程學類,0101
018252,018,靜宜大學,資訊工程學系,資訊學群,資訊工程學類,0101
012172,012,中國醫藥大學,醫療資訊學系,資訊學群,生物資訊學類,0102
026242,026,中山醫學大學,醫學資訊學系,資訊學群,生物資訊學類,0102
108102,108,慈濟大學,資訊工程學系,資訊學群,生物資訊學類,0102
047082,047,世新大學,資訊傳播學系,資訊學群,資訊傳播學類,0103
017452,017,中國文化大學,資訊傳播學系,資訊學群,資訊傳播學類,0103
134252,134,亞洲大學,資訊傳播學系,資訊學群,資訊傳播學類,0103
,040,元智大學,資訊傳播學系,資訊學群,資訊傳播學類,0103
014052,014,淡江大學,資訊傳播學系,資訊學群,資訊傳播學類,0103
079012,079,真理大學,人文與資訊學系,資訊學群,資訊傳播學類,0103
079202,079,真理大學,運動資訊傳播學系,資訊學群,資訊傳播學類,0103
110102,110,開南大學,資訊傳播學系,資訊學群,資訊傳播學類,0103
018372,018,靜宜大學,智慧媒體與創新科技應用學士學位學程,資訊學群,資訊傳播學類,0103
047092,047,世新大學,數位多媒體設計學系,資訊學群,數位媒體設計學類,0104
134352,134,亞洲大學,數位媒體設計學系,資訊學群,數位媒體設計學類,0104
032312,032,國立臺北教育大學,數位科技設計學系,資訊學群,數位媒體設計學類,0104
,028,國立臺北藝術大學,動畫學系,資訊學群,數位媒體設計學類,0104
,038,國立臺東大學,數位媒體與文教產業學系,資訊學群,數位媒體設計學類,0104
056202,056,國立臺灣藝術大學,多媒體動畫藝術學系,資訊學群,數位媒體設計學類,0104
019092,019,大同大學,數位媒體設計學系,資訊學群,數位媒體設計學類,0104
,042,大葉大學,AI創新設計學士學位學程,資訊學群,數位媒體設計學類,0104
,042,大葉大學,多媒體數位內容學士學位學程,資訊學群,數位媒體設計學類,0104
,050,實踐大學,媒體傳達設計學系,資訊學群,數位媒體設計學類,0104
,050,實踐大學,數位多媒體遊戲設計學系,資訊學群,數位媒體設計學類,0104
,050,實踐大學,視覺特效學士學位學程,資訊學群,數位媒體設計學類,0104
,050,實踐大學,電腦動畫學士學位學程,資訊學群,數位媒體設計學類,0104
,044,華梵大學,攝影與VR設計學系,資訊學群,數位媒體設計學類,0104
,046,銘傳大學,數位媒體設計學系,資訊學群,數位媒體設計學類,0104
,051,長榮大學,互動設計學系,資訊學群,數位媒體設計學類,0104
,051,長榮大學,數位內容設計學系,資訊學群,數位媒體設計學類,0104
,051,長榮大學,數位媒體設計學系,資訊學群,數位媒體設計學類,0104
,051,長榮大學,資訊暨設計學院學士班,資訊學群,數位媒體設計學類,0104
001062,001,國立臺灣大學,圖書資訊學系,資訊學群,圖書資訊學類,0105
014032,014,淡江大學,資訊與圖書館學系,資訊學群,圖書資訊學類,0105
020102,020,輔仁大學,圖書資訊學系,資訊學群,圖書資訊學類,0105
100072,100,國立嘉義大學,數位學習設計與管理學系,資訊學群,數位學習學類,0106
033122,033,國立臺南大學,數位學習科技學系,資訊學群,數位學習學類,0106
014062,014,淡江大學,教育科技學系,資訊學群,數位學習學類,0106
035052,035,臺北市立大學,學習與媒材設計學系,資訊學群,數位學習學類,0106
,047,世新大學,資訊管理學系,資訊學群,資訊管理學類,0107
113052,113,中信金融管理學院,科技金融學系,資訊學群,資訊管理學類,0107
008282,008,中原大學,資訊管理學系,資訊學群,資訊管理學類,0107
,017,中國文化大學,資訊管理學系,資訊學群,資訊管理學類,0107
,130,佛光大學,資訊應用學系,資訊學群,資訊管理學類,0107
040192,040,元智大學,資訊學院英語學士班,資訊學群,資訊管理學類,0107
040122,040,元智大學,資訊管理學系,資訊學群,資訊管理學類,0107
059492,059,南華大學,資訊管理學系,資訊學群,資訊管理學類,0107
016192,016,國立中央大學,資訊管理學系,資訊學群,資訊管理學類,0107
027242,027,國立中山大學,資訊管理學系,資訊學群,資訊管理學類,0107
041262,041,國立中正大學,資訊管理學系,資訊學群,資訊管理學類,0107
003072,003,國立中興大學,資訊管理學系,資訊學群,資訊管理學類,0107
100152,100,國立嘉義大學,資訊管理學系,資訊學群,資訊管理學類,0107
036352,036,國立屏東大學,資訊管理學系,資訊學群,資訊管理學類,0107
,023,國立彰化師範大學,資訊管理學系,資訊學群,資訊管理學類,0107
004282,004,國立成功大學,工業與資訊管理學系,資訊學群,資訊管理學類,0107
006212,006,國立政治大學,資訊管理學系,資訊學群,資訊管理學類,0107
058092,058,國立暨南國際大學,資訊管理學系,資訊學群,資訊管理學類,0107
,034,國立東華大學,資訊管理學系,資訊學群,資訊管理學類,0107
151172,151,國立聯合大學,資訊管理學系,資訊學群,資訊管理學類,0107
038132,038,國立臺東大學,資訊管理學系,資訊學群,資訊管理學類,0107
001552,001,國立臺灣大學,資訊管理學系,資訊學群,資訊管理學類,0107
,013,國立陽明交通大學,資訊管理與財務金融學系,資訊學群,資訊管理學類,0107
101122,101,國立高雄大學,資訊管理學系,資訊學群,資訊管理學類,0107
,042,大葉大學,會計與資訊管理學系,資訊學群,資訊管理學類,0107
,050,實踐大學,東南亞智慧商務學士學位學程,資訊學群,資訊管理學類,0107
,050,實踐大學,資訊科技與管理學系,資訊學群,資訊管理學類,0107
,050,實踐大學,資訊管理學系,資訊學群,資訊管理學類,0107
108172,108,慈濟大學,資訊科技與管理學系,資訊學群,資訊管理學類,0107
005242,005,東吳大學,資料科學系,資訊學群,資訊管理學類,0107
,005,東吳大學,資訊管理學系,資訊學群,資訊管理學類,0107
009262,009,東海大學,資訊管理學系,資訊學群,資訊管理學類,0107
014252,014,淡江大學,資訊管理學系,資訊學群,資訊管理學類,0107
,045,義守大學,資訊管理學系,資訊學群,資訊管理學類,0107
,044,華梵大學,智慧生活科技學系,資訊學群,資訊管理學類,0107
,044,華梵大學,資訊管理學系,資訊學群,資訊管理學類,0107
020542,020,輔仁大學,資訊管理學系,資訊學群,資訊管理學類,0107
,046,銘傳大學,人工智慧應用暨管理學士學位學程,資訊學群,資訊管理學類,0107
,046,銘傳大學,資訊科技應用與管理學士學位學程,資訊學群,資訊管理學類,0107
,046,銘傳大學,資訊管理學系,資訊學群,資訊管理學類,0107
030272,030,長庚大學,資訊管理學系,資訊學群,資訊管理學類,0107
110092,110,開南大學,資訊管理學系,資訊學群,資訊管理學類,0107
,018,靜宜大學,資訊管理學系,資訊學群,資訊管理學類,0107
020422,020,輔仁大學,國際溝通與科技創新學士學位學程,資訊學群,電子商務學類,0108
,008,中原大學,中原大學美國威大密爾瓦基分校電機與資訊工程雙學士學位學程,工程學群,電機工程學類,0201
008192,008,中原大學,資訊工程學系,工程學群,電機工程學類,0201
008202,008,中原大學,電機工程學系,工程學群,電機工程學類,0201
008152,008,中原大學,電機資訊學院學士班,工程學群,電機工程學類,0201
017182,017,中國文化大學,資訊工程學系,工程學群,電機工程學類,0201
017152,017,中國文化大學,電機工程學系,工程學群,電機工程學類,0201
,134,亞洲大學,資訊工程學系,工程學群,電機工程學類,0201
040162,040,元智大學,資訊工程學系,工程學群,電機工程學類,0201
,040,元智大學,電機工程學系,工程學群,電機工程學類,0201
040282,040,元智大學,電機通訊學院英語學士班,工程學群,電機工程學類,0201
059422,059,南華大學,資訊工程學系,工程學群,電機工程學類,0201
016242,016,國立中央大學,資訊工程學系,工程學群,電機工程學類,0201
016232,016,國立中央大學,電機工程學系,工程學群,電機工程學類,0201
027172,027,國立中山大學,資訊工程學系,工程學群,電機工程學類,0201
027122,027,國立中山大學,電機工程學系,工程學群,電機工程學類,0201
041152,041,國立中正大學,資訊工程學系,工程學群,電機工程學類,0201
041162,041,國立中正大學,電機工程學系,工程學群,電機工程學類,0201
003252,003,國立中興大學,電機工程學系,工程學群,電機工程學類,0201
100322,100,國立嘉義大學,資訊工程學系,工程學群,電機工程學類,0201
100372,100,國立嘉義大學,電機工程學系,工程學群,電機工程學類,0201
150162,150,國立宜蘭大學,資訊工程學系,工程學群,電機工程學類,0201
150132,150,國立宜蘭大學,電機工程學系,工程學群,電機工程學類,0201
036332,036,國立屏東大學,資訊工程學系,工程學群,電機工程學類,0201
023162,023,國立彰化師範大學,資訊工程學系,工程學群,電機工程學類,0201
023142,023,國立彰化師範大學,電機工程學系,工程學群,電機工程學類,0201
004492,004,國立成功大學,資訊工程學系,工程學群,電機工程學類,0201
,004,國立成功大學,電機工程學系,工程學群,電機工程學類,0201
058212,058,國立暨南國際大學,資訊工程學系,工程學群,電機工程學類,0201
058252,058,國立暨南國際大學,電機工程學系,工程學群,電機工程學類,0201
,034,國立東華大學,資訊工程學系,工程學群,電機工程學類,0201
,034,國立東華大學,電機工程學系,工程學群,電機工程學類,0201
011292,011,國立清華大學,動力機械工程學系,工程學群,電機工程學類,0201
,011,國立清華大學,資訊工程學系,工程學群,電機工程學類,0201
,011,國立清華大學,電機工程學系,工程學群,電機工程學類,0201
011402,011,國立清華大學,電機資訊學院學士班,工程學群,電機工程學類,0201
151152,151,國立聯合大學,資訊工程學系,工程學群,電機工程學類,0201
,151,國立聯合大學,電機工程學系,工程學群,電機工程學類,0201
031172,031,國立臺中教育大學,資訊工程學系,工程學群,電機工程學類,0201
099362,099,國立臺北大學,資訊工程學系,工程學群,電機工程學類,0201
099412,099,國立臺北大學,電機工程學系,工程學群,電機工程學類,0201
033162,033,國立臺南大學,資訊工程學系,工程學群,電機工程學類,0201
033182,033,國立臺南大學,電機工程學系,工程學群,電機工程學類,0201
038122,038,國立臺東大學,資訊工程學系,工程學群,電機工程學類,0201
001582,001,國立臺灣大學,資訊工程學系,工程學群,電機工程學類,0201
001572,001,國立臺灣大學,電機工程學系,工程學群,電機工程學類,0201
002332,002,國立臺灣師範大學,資訊工程學系,工程學群,電機工程學類,0201
002402,002,國立臺灣師範大學,電機工程學系,工程學群,電機工程學類,0201
021222,021,國立臺灣海洋大學,資訊工程學系,工程學群,電機工程學類,0201
021202,021,國立臺灣海洋大學,電機工程學系,工程學群,電機工程學類,0201
153122,153,國立金門大學,資訊工程學系,工程學群,電機工程學類,0201
153052,153,國立金門大學,電機工程學系,工程學群,電機工程學類,0201
,013,國立陽明交通大學,百川學士學位學程,工程學群,電機工程學類,0201
,013,國立陽明交通大學,資訊工程學系,工程學群,電機工程學類,0201
,013,國立陽明交通大學,電機工程學系,工程學群,電機工程學類,0201
101242,101,國立高雄大學,資訊工程學系,工程學群,電機工程學類,0201
101192,101,國立高雄大學,電機工程學系,工程學群,電機工程學類,0201
022162,022,國立高雄師範大學,電機工程學系,工程學群,電機工程學類,0201
019052,019,大同大學,資訊工程學系,工程學群,電機工程學類,0201
019042,019,大同大學,電機工程學系,工程學群,電機工程學類,0201
,042,大葉大學,資訊工程學系,工程學群,電機工程學類,0201
,042,大葉大學,電機工程學系,工程學群,電機工程學類,0201
009172,009,東海大學,資訊工程學系,工程學群,電機工程學類,0201
009192,009,東海大學,電機工程學系,工程學群,電機工程學類,0201
,014,淡江大學,資訊工程學系,工程學群,電機工程學類,0201
,014,淡江大學,電機工程學系,工程學群,電機工程學類,0201
,079,真理大學,資訊工程學系,工程學群,電機工程學類,0201
045122,045,義守大學,智慧科技英語學士學位學程,工程學群,電機工程學類,0201
,045,義守大學,資訊工程學系,工程學群,電機工程學類,0201
045012,045,義守大學,電機工程學系,工程學群,電機工程學類,0201
,044,華梵大學,智慧生活科技學系,工程學群,電機工程學類,0201
020232,020,輔仁大學,資訊工程學系,工程學群,電機工程學類,0201
020282,020,輔仁大學,電機工程學系,工程學群,電機工程學類,0201
015472,015,逢甲大學,澳洲昆士蘭大學電機工程雙學士學位學程,工程學群,電機工程學類,0201
015502,015,逢甲大學,美國加州聖荷西州立大學電機工程雙學士學位學程,工程學群,電機工程學類,0201
,015,逢甲大學,美國普渡大學電機資訊雙學士學位學程,工程學群,電機工程學類,0201
015302,015,逢甲大學,自動控制工程學系,工程學群,電機工程學類,0201
015252,015,逢甲大學,資訊工程學系,工程學群,電機工程學類,0201
015312,015,逢甲大學,資訊電機學院學士班,工程學群,電機工程學類,0201
015292,015,逢甲大學,電機工程學系,工程學群,電機工程學類,0201
,046,銘傳大學,資訊工程學系,工程學群,電機工程學類,0201
,046,銘傳大學,電機工程學系,工程學群,電機工程學類,0201
030102,030,長庚大學,電機工程學系,工程學群,電機工程學類,0201
051542,051,長榮大學,資訊工程學系,工程學群,電機工程學類,0201
018252,018,靜宜大學,資訊工程學系,工程學群,電機工程學類,0201
,040,元智大學,光電工程學系,工程學群,光電學類,0202
016092,016,國立中央大學,光電科學與工程學系,工程學群,光電學類,0202
016102,016,國立中央大學,理學院學士班,工程學群,光電學類,0202
027192,027,國立中山大學,光電工程學系,工程學群,光電學類,0202
004092,004,國立成功大學,光電科學與工程學系,工程學群,光電學類,0202
034152,034,國立東華大學,光電工程學系,工程學群,光電學類,0202
,151,國立聯合大學,光電工程學系,工程學群,光電學類,0202
002412,002,國立臺灣師範大學,光電工程學士學位學程,工程學群,光電學類,0202
021262,021,國立臺灣海洋大學,光電與材料科技學系,工程學群,光電學類,0202
,013,國立陽明交通大學,光電工程學系,工程學群,光電學類,0202
,013,國立陽明交通大學,百川學士學位學程,工程學群,光電學類,0202
015122,015,逢甲大學,光電科學與工程學系,工程學群,光電學類,0202
008422,008,中原大學,半導體產業學士學位學程,工程學群,電子工程學類,0203
008192,008,中原大學,資訊工程學系,工程學群,電子工程學類,0203
008182,008,中原大學,電子工程學系,工程學群,電子工程學類,0203
008202,008,中原大學,電機工程學系,工程學群,電子工程學類,0203
008152,008,中原大學,電機資訊學院學士班,工程學群,電子工程學類,0203
017182,017,中國文化大學,資訊工程學系,工程學群,電子工程學類,0203
017152,017,中國文化大學,電機工程學系,工程學群,電子工程學類,0203
134262,134,亞洲大學,半導體學士學位學程,工程學群,電子工程學類,0203
,134,亞洲大學,資訊工程學系,工程學群,電子工程學類,0203
040162,040,元智大學,資訊工程學系,工程學群,電子工程學類,0203
,040,元智大學,電機工程學系,工程學群,電子工程學類,0203
,059,南華大學,半導體應用學士學位學程,工程學群,電子工程學類,0203
059422,059,南華大學,資訊工程學系,工程學群,電子工程學類,0203
016242,016,國立中央大學,資訊工程學系,工程學群,電子工程學類,0203
016232,016,國立中央大學,電機工程學系,工程學群,電子工程學類,0203
027172,027,國立中山大學,資訊工程學系,工程學群,電子工程學類,0203
027122,027,國立中山大學,電機工程學系,工程學群,電子工程學類,0203
041152,041,國立中正大學,資訊工程學系,工程學群,電子工程學類,0203
041162,041,國立中正大學,電機工程學系,工程學群,電子工程學類,0203
003242,003,國立中興大學,智慧創意工程學士學位學程,工程學群,電子工程學類,0203
003252,003,國立中興大學,電機工程學系,工程學群,電子工程學類,0203
100322,100,國立嘉義大學,資訊工程學系,工程學群,電子工程學類,0203
100372,100,國立嘉義大學,電機工程學系,工程學群,電子工程學類,0203
150162,150,國立宜蘭大學,資訊工程學系,工程學群,電子工程學類,0203
150142,150,國立宜蘭大學,電子工程學系,工程學群,電子工程學類,0203
150132,150,國立宜蘭大學,電機工程學系,工程學群,電子工程學類,0203
036332,036,國立屏東大學,資訊工程學系,工程學群,電子工程學類,0203
023162,023,國立彰化師範大學,資訊工程學系,工程學群,電子工程學類,0203
023152,023,國立彰化師範大學,電子工程學系,工程學群,電子工程學類,0203
023142,023,國立彰化師範大學,電機工程學系,工程學群,電子工程學類,0203
004492,004,國立成功大學,資訊工程學系,工程學群,電子工程學類,0203
,004,國立成功大學,電機工程學系,工程學群,電子工程學類,0203
058212,058,國立暨南國際大學,資訊工程學系,工程學群,電子工程學類,0203
058252,058,國立暨南國際大學,電機工程學系,工程學群,電子工程學類,0203
,034,國立東華大學,資訊工程學系,工程學群,電子工程學類,0203
,034,國立東華大學,電機工程學系,工程學群,電子工程學類,0203
,011,國立清華大學,資訊工程學系,工程學群,電子工程學類,0203
,011,國立清華大學,電機工程學系,工程學群,電子工程學類,0203
011402,011,國立清華大學,電機資訊學院學士班,工程學群,電子工程學類,0203
151152,151,國立聯合大學,資訊工程學系,工程學群,電子工程學類,0203
,151,國立聯合大學,電子工程學系,工程學群,電子工程學類,0203
,151,國立聯合大學,電機工程學系,工程學群,電子工程學類,0203
031172,031,國立臺中教育大學,資訊工程學系,工程學群,電子工程學類,0203
099362,099,國立臺北大學,資訊工程學系,工程學群,電子工程學類,0203
099412,099,國立臺北大學,電機工程學系,工程學群,電子工程學類,0203
033162,033,國立臺南大學,資訊工程學系,工程學群,電子工程學類,0203
033182,033,國立臺南大學,電機工程學系,工程學群,電子工程學類,0203
038122,038,國立臺東大學,資訊工程學系,工程學群,電子工程學類,0203
001582,001,國立臺灣大學,資訊工程學系,工程學群,電子工程學類,0203
001572,001,國立臺灣大學,電機工程學系,工程學群,電子工程學類,0203
002332,002,國立臺灣師範大學,資訊工程學系,工程學群,電子工程學類,0203
002402,002,國立臺灣師範大學,電機工程學系,工程學群,電子工程學類,0203
021222,021,國立臺灣海洋大學,資訊工程學系,工程學群,電子工程學類,0203
021202,021,國立臺灣海洋大學,電機工程學系,工程學群,電子工程學類,0203
153122,153,國立金門大學,資訊工程學系,工程學群,電子工程學類,0203
,013,國立陽明交通大學,半導體工程學系,工程學群,電子工程學類,0203
,013,國立陽明交通大學,資訊工程學系,工程學群,電子工程學類,0203
,013,國立陽明交通大學,電子物理學系,工程學群,電子工程學類,0203
,013,國立陽明交通大學,電機工程學系,工程學群,電子工程學類,0203
101242,101,國立高雄大學,資訊工程學系,工程學群,電子工程學類,0203
101192,101,國立高雄大學,電機工程學系,工程學群,電子工程學類,0203
022172,022,國立高雄師範大學,電子工程學系,工程學群,電子工程學類,0203
019052,019,大同大學,資訊工程學系,工程學群,電子工程學類,0203
042062,042,大葉大學,半導體學士學位學程,工程學群,電子工程學類,0203
,042,大葉大學,資訊工程學系,工程學群,電子工程學類,0203
,042,大葉大學,電機工程學系,工程學群,電子工程學類,0203
009172,009,東海大學,資訊工程學系,工程學群,電子工程學類,0203
009192,009,東海大學,電機工程學系,工程學群,電子工程學類,0203
,014,淡江大學,資訊工程學系,工程學群,電子工程學類,0203
,014,淡江大學,電機工程學系,工程學群,電子工程學類,0203
,079,真理大學,資訊工程學系,工程學群,電子工程學類,0203
045132,045,義守大學,半導體學士學位學程,工程學群,電子工程學類,0203
,045,義守大學,資訊工程學系,工程學群,電子工程學類,0203
045022,045,義守大學,電子工程學系,工程學群,電子工程學類,0203
045012,045,義守大學,電機工程學系,工程學群,電子工程學類,0203
,044,華梵大學,電子工程學系,工程學群,電子工程學類,0203
020232,020,輔仁大學,資訊工程學系,工程學群,電子工程學類,0203
020282,020,輔仁大學,電機工程學系,工程學群,電子工程學類,0203
015252,015,逢甲大學,資訊工程學系,工程學群,電子工程學類,0203
015312,015,逢甲大學,資訊電機學院學士班,工程學群,電子工程學類,0203
015282,015,逢甲大學,電子工程學系,工程學群,電子工程學類,0203
015292,015,逢甲大學,電機工程學系,工程學群,電子工程學類,0203
,046,銘傳大學,半導體應用學士學位學程,工程學群,電子工程學類,0203
,046,銘傳大學,資訊工程學系,工程學群,電子工程學類,0203
030142,030,長庚大學,電子工程學系,工程學群,電子工程學類,0203
030102,030,長庚大學,電機工程學系,工程學群,電子工程學類,0203
051542,051,長榮大學,資訊工程學系,工程學群,電子工程學類,0203
018322,018,靜宜大學,晶片設計學士學位學程,工程學群,電子工程學類,0203
018252,018,靜宜大學,資訊工程學系,工程學群,電子工程學類,0203
,040,元智大學,通訊工程學系,工程學群,通訊工程學類,0204
040282,040,元智大學,電機通訊學院英語學士班,工程學群,通訊工程學類,0204
016272,016,國立中央大學,通訊工程學系,工程學群,通訊工程學類,0204
041212,041,國立中正大學,通訊工程學系,工程學群,通訊工程學類,0204
036342,036,國立屏東大學,電腦與通訊學系,工程學群,通訊工程學類,0204
099392,099,國立臺北大學,通訊工程學系,工程學群,通訊工程學類,0204
021252,021,國立臺灣海洋大學,通訊與導航工程學系,工程學群,通訊工程學類,0204
015312,015,逢甲大學,資訊電機學院學士班,工程學群,通訊工程學類,0204
015322,015,逢甲大學,通訊工程學系,工程學群,通訊工程學類,0204
004192,004,國立成功大學,工程科學系,工程學群,工程科學學類,0205
004202,004,國立成功大學,系統及船舶機電工程學系,工程學群,工程科學學類,0205
004222,004,國立成功大學,能源工程國際學士學位學程,工程學群,工程科學學類,0205
004142,004,國立成功大學,資源工程學系,工程學群,工程科學學類,0205
011272,011,國立清華大學,原子科學院學士班,工程學群,工程科學學類,0205
,011,國立清華大學,工程與系統科學系,工程學群,工程科學學類,0205
151062,151,國立聯合大學,能源工程學系,工程學群,工程科學學類,0205
033192,033,國立臺南大學,綠色能源科技學系,工程學群,工程科學學類,0205
001352,001,國立臺灣大學,工程科學及海洋工程學系,工程學群,工程科學學類,0205
021172,021,國立臺灣海洋大學,系統工程暨造船學系,工程學群,工程科學學類,0205
021052,021,國立臺灣海洋大學,輪機工程學系,工程學群,工程科學學類,0205
019032,019,大同大學,工程學院學士班,工程學群,工程科學學類,0205
008122,008,中原大學,機械工程學系,工程學群,機械工程學類,0206
008202,008,中原大學,電機工程學系,工程學群,機械工程學類,0206
017162,017,中國文化大學,機械工程學系,工程學群,機械工程學類,0206
017152,017,中國文化大學,電機工程學系,工程學群,機械工程學類,0206
040232,040,元智大學,工程學院英語學士班,工程學群,機械工程學類,0206
040202,040,元智大學,機械工程學系,工程學群,機械工程學類,0206
,040,元智大學,電機工程學系,工程學群,機械工程學類,0206
,016,國立中央大學,機械工程學系,工程學群,機械工程學類,0206
016232,016,國立中央大學,電機工程學系,工程學群,機械工程學類,0206
027152,027,國立中山大學,機械與機電工程學系,工程學群,機械工程學類,0206
027122,027,國立中山大學,電機工程學系,工程學群,機械工程學類,0206
041192,041,國立中正大學,機械工程國際學士學位學程,工程學群,機械工程學類,0206
,041,國立中正大學,機械工程學系,工程學群,機械工程學類,0206
041162,041,國立中正大學,電機工程學系,工程學群,機械工程學類,0206
003242,003,國立中興大學,智慧創意工程學士學位學程,工程學群,機械工程學類,0206
003192,003,國立中興大學,機械工程學系,工程學群,機械工程學類,0206
003302,003,國立中興大學,生物產業機電工程學系,工程學群,機械工程學類,0206
003252,003,國立中興大學,電機工程學系,工程學群,機械工程學類,0206
100382,100,國立嘉義大學,機械與能源工程學系,工程學群,機械工程學類,0206
100342,100,國立嘉義大學,生物機電工程學系,工程學群,機械工程學類,0206
100372,100,國立嘉義大學,電機工程學系,工程學群,機械工程學類,0206
150052,150,國立宜蘭大學,機械與機電工程學系,工程學群,機械工程學類,0206
150082,150,國立宜蘭大學,生物機電工程學系,工程學群,機械工程學類,0206
150132,150,國立宜蘭大學,電機工程學系,工程學群,機械工程學類,0206
023092,023,國立彰化師範大學,智慧車輛工程學系,工程學群,機械工程學類,0206
023132,023,國立彰化師範大學,機電工程學系,工程學群,機械工程學類,0206
023142,023,國立彰化師範大學,電機工程學系,工程學群,機械工程學類,0206
004102,004,國立成功大學,機械工程學系,工程學群,機械工程學類,0206
,004,國立成功大學,電機工程學系,工程學群,機械工程學類,0206
058252,058,國立暨南國際大學,電機工程學系,工程學群,機械工程學類,0206
,034,國立東華大學,電機工程學系,工程學群,機械工程學類,0206
011292,011,國立清華大學,動力機械工程學系,工程學群,機械工程學類,0206
011322,011,國立清華大學,工學院學士班,工程學群,機械工程學類,0206
,011,國立清華大學,電機工程學系,工程學群,機械工程學類,0206
151012,151,國立聯合大學,機械工程學系,工程學群,機械工程學類,0206
,151,國立聯合大學,電機工程學系,工程學群,機械工程學類,0206
099412,099,國立臺北大學,電機工程學系,工程學群,機械工程學類,0206
033182,033,國立臺南大學,電機工程學系,工程學群,機械工程學類,0206
001332,001,國立臺灣大學,機械工程學系,工程學群,機械工程學類,0206
001472,001,國立臺灣大學,生物機電工程學系,工程學群,機械工程學類,0206
001572,001,國立臺灣大學,電機工程學系,工程學群,機械工程學類,0206
002392,002,國立臺灣師範大學,機電工程學系,工程學群,機械工程學類,0206
,002,國立臺灣師範大學,車輛與能源工程學士學位學程,工程學群,機械工程學類,0206
002402,002,國立臺灣師範大學,電機工程學系,工程學群,機械工程學類,0206
021162,021,國立臺灣海洋大學,機械與機電工程學系,工程學群,機械工程學類,0206
021202,021,國立臺灣海洋大學,電機工程學系,工程學群,機械工程學類,0206
013132,013,國立陽明交通大學,機械工程學系,工程學群,機械工程學類,0206
,013,國立陽明交通大學,百川學士學位學程,工程學群,機械工程學類,0206
,013,國立陽明交通大學,電機工程學系,工程學群,機械工程學類,0206
101192,101,國立高雄大學,電機工程學系,工程學群,機械工程學類,0206
019032,019,大同大學,工程學院學士班,工程學群,機械工程學類,0206
019012,019,大同大學,機械與材料工程學系,工程學群,機械工程學類,0206
,042,大葉大學,機械與自動化工程學系,工程學群,機械工程學類,0206
,042,大葉大學,電機工程學系,工程學群,機械工程學類,0206
009192,009,東海大學,電機工程學系,工程學群,機械工程學類,0206
014412,014,淡江大學,機械與機電工程學系,工程學群,機械工程學類,0206
,014,淡江大學,電機工程學系,工程學群,機械工程學類,0206
045072,045,義守大學,機械與自動化工程學系,工程學群,機械工程學類,0206
045012,045,義守大學,電機工程學系,工程學群,機械工程學類,0206
,044,華梵大學,機電工程學系,工程學群,機械工程學類,0206
020282,020,輔仁大學,電機工程學系,工程學群,機械工程學類,0206
015012,015,逢甲大學,機械與電腦輔助工程學系,工程學群,機械工程學類,0206
015072,015,逢甲大學,精密系統設計學士學位學程,工程學群,機械工程學類,0206
015292,015,逢甲大學,電機工程學系,工程學群,機械工程學類,0206
030112,030,長庚大學,機械工程學系,工程學群,機械工程學類,0206
030102,030,長庚大學,電機工程學系,工程學群,機械工程學類,0206
,051,長榮大學,無人機應用學士學位學程,工程學群,機械工程學類,0206
004212,004,國立成功大學,航空太空工程學系,工程學群,航空工程學類,0207
014462,014,淡江大學,航空太空工程學系,工程學群,航空工程學類,0207
015062,015,逢甲大學,航太與系統工程學系,工程學群,航空工程學類,0207
008112,008,中原大學,土木工程學系,工程學群,土木工程學類,0208
016112,016,國立中央大學,土木工程學系,工程學群,土木工程學類,0208
003202,003,國立中興大學,土木工程學系,工程學群,土木工程學類,0208
100362,100,國立嘉義大學,土木與水資源工程學系,工程學群,土木工程學類,0208
150042,150,國立宜蘭大學,土木工程學系,工程學群,土木工程學類,0208
004152,004,國立成功大學,土木工程學系,工程學群,土木工程學類,0208
004252,004,國立成功大學,測量及空間資訊學系,工程學群,土木工程學類,0208
058242,058,國立暨南國際大學,土木工程學系,工程學群,土木工程學類,0208
151032,151,國立聯合大學,土木與防災工程學系,工程學群,土木工程學類,0208
001322,001,國立臺灣大學,土木工程學系,工程學群,土木工程學類,0208
021182,021,國立臺灣海洋大學,河海工程學系,工程學群,土木工程學類,0208
153092,153,國立金門大學,土木與工程管理學系,工程學群,土木工程學類,0208
,013,國立陽明交通大學,土木工程學系,工程學群,土木工程學類,0208
,101,國立高雄大學,土木與環境工程學系,工程學群,土木工程學類,0208
014372,014,淡江大學,土木工程學系,工程學群,土木工程學類,0208
045092,045,義守大學,土木工程學系,工程學群,土木工程學類,0208
015332,015,逢甲大學,土木工程學系,工程學群,土木工程學類,0208
051432,051,長榮大學,營建工程安全學士學位學程,工程學群,土木工程學類,0208
100362,100,國立嘉義大學,土木與水資源工程學系,工程學群,水利/海洋工程學類,0209
004192,004,國立成功大學,工程科學系,工程學群,水利/海洋工程學類,0209
004172,004,國立成功大學,水利及海洋工程學系,工程學群,水利/海洋工程學類,0209
004202,004,國立成功大學,系統及船舶機電工程學系,工程學群,水利/海洋工程學類,0209
021182,021,國立臺灣海洋大學,河海工程學系,工程學群,水利/海洋工程學類,0209
021192,021,國立臺灣海洋大學,海洋工程科技學士學位學程,工程學群,水利/海洋工程學類,0209
014472,014,淡江大學,水資源及環境工程學系,工程學群,水利/海洋工程學類,0209
015342,015,逢甲大學,水利工程與資源保育學系,工程學群,水利/海洋工程學類,0209
,008,中原大學,化學工程學系,工程學群,化學工程學類,0210
017142,017,中國文化大學,化學工程與材料工程學系,工程學群,化學工程學類,0210
017172,017,中國文化大學,紡織科技創新與應用工程學系,工程學群,化學工程學類,0210
040212,040,元智大學,化學工程與材料科學學系,工程學群,化學工程學類,0210
040232,040,元智大學,工程學院英語學士班,工程學群,化學工程學類,0210
016162,016,國立中央大學,化學工程與材料工程學系,工程學群,化學工程學類,0210
041202,041,國立中正大學,化學工程學系,工程學群,化學工程學類,0210
003222,003,國立中興大學,化學工程學系,工程學群,化學工程學類,0210
150062,150,國立宜蘭大學,化學工程與材料工程學系,工程學群,化學工程學類,0210
004122,004,國立成功大學,化學工程學系,工程學群,化學工程學類,0210
011282,011,國立清華大學,化學工程學系,工程學群,化學工程學類,0210
011322,011,國立清華大學,工學院學士班,工程學群,化學工程學類,0210
151022,151,國立聯合大學,化學工程學系,工程學群,化學工程學類,0210
001342,001,國立臺灣大學,化學工程學系,工程學群,化學工程學類,0210
101232,101,國立高雄大學,化學工程及材料工程學系,工程學群,化學工程學類,0210
019022,019,大同大學,化學工程與生物科技學系,工程學群,化學工程學類,0210
019032,019,大同大學,工程學院學士班,工程學群,化學工程學類,0210
009132,009,東海大學,化學工程與材料工程學系,工程學群,化學工程學類,0210
014452,014,淡江大學,化學工程與材料工程學系,工程學群,化學工程學類,0210
045082,045,義守大學,化學工程學系,工程學群,化學工程學類,0210
015052,015,逢甲大學,化學工程學系,工程學群,化學工程學類,0210
,030,長庚大學,化工與材料工程學系,工程學群,化學工程學類,0210
027212,027,國立中山大學,材料與光電科學學系,工程學群,材料工程學類,0211
003242,003,國立中興大學,智慧創意工程學士學位學程,工程學群,材料工程學類,0211
003232,003,國立中興大學,材料科學與工程學系,工程學群,材料工程學類,0211
004132,004,國立成功大學,材料科學及工程學系,工程學群,材料工程學類,0211
058272,058,國立暨南國際大學,應用材料及光電工程學系,工程學群,材料工程學類,0211
034142,034,國立東華大學,材料科學與工程學系,工程學群,材料工程學類,0211
011322,011,國立清華大學,工學院學士班,工程學群,材料工程學類,0211
011302,011,國立清華大學,材料科學工程學系,工程學群,材料工程學類,0211
151042,151,國立聯合大學,材料科學工程學系,工程學群,材料工程學類,0211
033152,033,國立臺南大學,材料科學系,工程學群,材料工程學類,0211
001362,001,國立臺灣大學,材料科學與工程學系,工程學群,材料工程學類,0211
013122,013,國立陽明交通大學,材料科學與工程學系,工程學群,材料工程學類,0211
019032,019,大同大學,工程學院學士班,工程學群,材料工程學類,0211
019012,019,大同大學,機械與材料工程學系,工程學群,材料工程學類,0211
045102,045,義守大學,材料科學與工程學系,工程學群,材料工程學類,0211
015102,015,逢甲大學,材料科學與工程學系,工程學群,材料工程學類,0211
015022,015,逢甲大學,纖維與複合材料學系,工程學群,材料工程學類,0211
008132,008,中原大學,生物醫學工程學系,工程學群,生醫/醫學工程學類,0212
012162,012,中國醫藥大學,生物醫學工程學系,工程學群,生醫/醫學工程學類,0212
,134,亞洲大學,生物資訊與醫學工程學系,工程學群,生醫/醫學工程學類,0212
,027,國立中山大學,生物醫學科技學系全英語學士班,工程學群,生醫/醫學工程學類,0212
004272,004,國立成功大學,生物醫學工程學系,工程學群,生醫/醫學工程學類,0212
011242,011,國立清華大學,生醫工程與環境科學系,工程學群,生醫/醫學工程學類,0212
001372,001,國立臺灣大學,醫學工程學系,工程學群,生醫/醫學工程學類,0212
013542,013,國立陽明交通大學,生物醫學工程學系,工程學群,生醫/醫學工程學類,0212
,013,國立陽明交通大學,百川學士學位學程,工程學群,生醫/醫學工程學類,0212
,042,大葉大學,醫學工程學系,工程學群,生醫/醫學工程學類,0212
108112,108,慈濟大學,生物醫學暨工程學系,工程學群,生醫/醫學工程學類,0212
045112,045,義守大學,生物醫學工程學系,工程學群,生醫/醫學工程學類,0212
109152,109,臺北醫學大學,生物醫學工程學系,工程學群,生醫/醫學工程學類,0212
,046,銘傳大學,生物醫學工程學系,工程學群,生醫/醫學工程學類,0212
030172,030,長庚大學,生物醫學工程學系,工程學群,生醫/醫學工程學類,0212
008142,008,中原大學,環境工程學系,工程學群,環境工程學類,0213
003212,003,國立中興大學,環境工程學系,工程學群,環境工程學類,0213
150072,150,國立宜蘭大學,環境工程學系,工程學群,環境工程學類,0213
004232,004,國立成功大學,環境工程學系,工程學群,環境工程學類,0213
151052,151,國立聯合大學,環境與安全衛生工程學系,工程學群,環境工程學類,0213
001392,001,國立臺灣大學,生物環境系統工程學系,工程學群,環境工程學類,0213
,101,國立高雄大學,土木與環境工程學系,工程學群,環境工程學類,0213
,042,大葉大學,環境與安全工程學系,工程學群,環境工程學類,0213
009162,009,東海大學,環境科學與工程學系,工程學群,環境工程學類,0213
015112,015,逢甲大學,環境工程與科學學系,工程學群,環境工程學類,0213
,051,長榮大學,綠能與環境資源學系,工程學群,環境工程學類,0213
018152,018,靜宜大學,永續環境與智慧科技學士學位學程,工程學群,環境工程學類,0213
008332,008,中原大學,建築學系,工程學群,建築學類,0214
008382,008,中原大學,英國牛津布魯克斯大學建築及都市設計雙學士學位學程,工程學群,建築學類,0214
017312,017,中國文化大學,建築及都市設計學系,工程學群,建築學類,0214
,130,佛光大學,建築環境設計學士學位學程,工程學群,建築學類,0214
059372,059,南華大學,建築學系,工程學群,建築學類,0214
004522,004,國立成功大學,建築學系,工程學群,建築學類,0214
151072,151,國立聯合大學,建築學系,工程學群,建築學類,0214
153152,153,國立金門大學,建築學系,工程學群,建築學類,0214
101262,101,國立高雄大學,建築學系,工程學群,建築學類,0214
,050,實踐大學,建築職人學士學位學程,工程學群,建築學類,0214
,050,實踐大學,建築設計學系,工程學群,建築學類,0214
009362,009,東海大學,建築學系,工程學群,建築學類,0214
014362,014,淡江大學,建築學系,工程學群,建築學類,0214
,044,華梵大學,建築學系,工程學群,建築學類,0214
015432,015,逢甲大學,建築專業學院學士班,工程學群,建築學類,0214
,046,銘傳大學,建築學系,工程學群,建築學類,0214
,023,國立彰化師範大學,電機與機械科技學系,工程學群,科技教育學類,0215
,002,國立臺灣師範大學,工業教育學系,工程學群,科技教育學類,0215
002372,002,國立臺灣師範大學,科技應用與人力資源發展學系,工程學群,科技教育學類,0215
,022,國立高雄師範大學,工業科技教育學系,工程學群,科技教育學類,0215
,008,中原大學,工業與系統工程學系,工程學群,工業工程與管理學類,0216
040222,040,元智大學,工業工程與管理學系,工程學群,工業工程與管理學類,0216
016172,016,國立中央大學,工學院學士班,工程學群,工業工程與管理學類,0216
100142,100,國立嘉義大學,科技管理學系,工程學群,工業工程與管理學類,0216
004282,004,國立成功大學,工業與資訊管理學系,工程學群,工業工程與管理學類,0216
011322,011,國立清華大學,工學院學士班,工程學群,工業工程與管理學類,0216
011312,011,國立清華大學,工業工程與工程管理學系,工程學群,工業工程與管理學類,0216
011152,011,國立清華大學,科技管理學院學士班,工程學群,工業工程與管理學類,0216
153202,153,國立金門大學,工業工程與管理學系,工程學群,工業工程與管理學類,0216
013282,013,國立陽明交通大學,工業工程與管理學系,工程學群,工業工程與管理學類,0216
,042,大葉大學,工業工程與管理學系,工程學群,工業工程與管理學類,0216
,009,東海大學,工業工程與經營資訊學系,工程學群,工業工程與管理學類,0216
,044,華梵大學,工業工程與經營資訊學系,工程學群,工業工程與管理學類,0216
,015,逢甲大學,工業工程與系統管理學系,工程學群,工業工程與管理學類,0216
,051,長榮大學,創新應用管理學系,工程學群,工業工程與管理學類,0216
,051,長榮大學,科技工程與管理學系,工程學群,工業工程與管理學類,0216
004292,004,國立成功大學,交通管理科學系,工程學群,運輸物流管理學類,0217
021012,021,國立臺灣海洋大學,商船學系,工程學群,運輸物流管理學類,0217
021082,021,國立臺灣海洋大學,海洋經營管理學士學位學程,工程學群,運輸物流管理學類,0217
021022,021,國立臺灣海洋大學,航運管理學系,工程學群,運輸物流管理學類,0217
,021,國立臺灣海洋大學,運輸科學系,工程學群,運輸物流管理學類,0217
013272,013,國立陽明交通大學,運輸與物流管理學系,工程學群,運輸物流管理學類,0217
014262,014,淡江大學,運輸管理學系,工程學群,運輸物流管理學類,0217
079232,079,真理大學,航空事業學系,工程學群,運輸物流管理學類,0217
015362,015,逢甲大學,運輸與物流學系,工程學群,運輸物流管理學類,0217
051122,051,長榮大學,航運管理學系,工程學群,運輸物流管理學類,0217
,110,開南大學,交通運輸學系,工程學群,運輸物流管理學類,0217
110052,110,開南大學,國際物流與運輸管理學系,工程學群,運輸物流管理學類,0217
110062,110,開南大學,空運管理學系,工程學群,運輸物流管理學類,0217
008012,008,中原大學,應用數學系,數理化學群,數學學類,0301
017082,017,中國文化大學,應用數學系,數理化學群,數學學類,0301
,016,國立中央大學,數學系,數理化學群,數學學類,0301
016102,016,國立中央大學,理學院學士班,數理化學群,數學學類,0301
027102,027,國立中山大學,應用數學系,數理化學群,數學學類,0301
041052,041,國立中正大學,數學系,數理化學群,數學學類,0301
,003,國立中興大學,應用數學系,數理化學群,數學學類,0301
100312,100,國立嘉義大學,應用數學系,數理化學群,數學學類,0301
036242,036,國立屏東大學,應用數學系,數理化學群,數學學類,0301
023042,023,國立彰化師範大學,數學系,數理化學群,數學學類,0301
004052,004,國立成功大學,數學系,數理化學群,數學學類,0301
006392,006,國立政治大學,應用數學系,數理化學群,數學學類,0301
,034,國立東華大學,應用數學系,數理化學群,數學學類,0301
,011,國立清華大學,數學系,數理化學群,數學學類,0301
033112,033,國立臺南大學,應用數學系,數理化學群,數學學類,0301
038142,038,國立臺東大學,應用數學系,數理化學群,數學學類,0301
001092,001,國立臺灣大學,數學系,數理化學群,數學學類,0301
002242,002,國立臺灣師範大學,數學系,數理化學群,數學學類,0301
013212,013,國立陽明交通大學,應用數學系,數理化學群,數學學類,0301
,013,國立陽明交通大學,理學院科學學士學位學程,數理化學群,數學學類,0301
101152,101,國立高雄大學,應用數學系,數理化學群,數學學類,0301
,022,國立高雄師範大學,數學系,數理化學群,數學學類,0301
005102,005,東吳大學,數學系,數理化學群,數學學類,0301
,009,東海大學,智慧計算暨應用數學系,數理化學群,數學學類,0301
009422,009,東海大學,永續科學與管理學士學位學程,數理化學群,數學學類,0301
014322,014,淡江大學,應用數學與數據科學學系,數理化學群,數學學類,0301
035152,035,臺北市立大學,數據科學與數學系,數理化學群,數學學類,0301
,020,輔仁大學,數學系,數理化學群,數學學類,0301
,015,逢甲大學,應用數學系,數理化學群,數學學類,0301
,008,中原大學,化學系,數理化學群,化學學類,0302
017102,017,中國文化大學,化學系,數理化學群,化學學類,0302
,026,中山醫學大學,醫學應用化學系,數理化學群,化學學類,0302
016082,016,國立中央大學,化學學系,數理化學群,化學學類,0302
016102,016,國立中央大學,理學院學士班,數理化學群,化學學類,0302
027062,027,國立中山大學,化學系,數理化學群,化學學類,0302
041082,041,國立中正大學,化學暨生物化學系,數理化學群,化學學類,0302
003132,003,國立中興大學,化學系,數理化學群,化學學類,0302
100302,100,國立嘉義大學,應用化學系,數理化學群,化學學類,0302
036232,036,國立屏東大學,應用化學系,數理化學群,化學學類,0302
023082,023,國立彰化師範大學,化學系,數理化學群,化學學類,0302
004072,004,國立成功大學,化學系,數理化學群,化學學類,0302
058262,058,國立暨南國際大學,應用化學系,數理化學群,化學學類,0302
034052,034,國立東華大學,化學系,數理化學群,化學學類,0302
011222,011,國立清華大學,化學系,數理化學群,化學學類,0302
011272,011,國立清華大學,原子科學院學士班,數理化學群,化學學類,0302
011232,011,國立清華大學,理學院學士班,數理化學群,化學學類,0302
001112,001,國立臺灣大學,化學系,數理化學群,化學學類,0302
002282,002,國立臺灣師範大學,化學系,數理化學群,化學學類,0302
013202,013,國立陽明交通大學,應用化學系,數理化學群,化學學類,0302
,013,國立陽明交通大學,理學院科學學士學位學程,數理化學群,化學學類,0302
101162,101,國立高雄大學,應用化學系,數理化學群,化學學類,0302
022062,022,國立高雄師範大學,化學系,數理化學群,化學學類,0302
005122,005,東吳大學,化學系,數理化學群,化學學類,0302
,009,東海大學,化學系,數理化學群,化學學類,0302
009422,009,東海大學,永續科學與管理學士學位學程,數理化學群,化學學類,0302
014332,014,淡江大學,化學學系,數理化學群,化學學類,0302
,014,淡江大學,理學院尖端材料科學學士學位學程,數理化學群,化學學類,0302
020222,020,輔仁大學,化學系,數理化學群,化學學類,0302
018122,018,靜宜大學,應用化學系,數理化學群,化學學類,0302
,007,高雄醫學大學,醫藥暨應用化學系,數理化學群,化學學類,0302
,008,中原大學,物理學系,數理化學群,物理學類,0303
017092,017,中國文化大學,光電物理學系,數理化學群,物理學類,0303
016072,016,國立中央大學,物理學系,數理化學群,物理學類,0303
016102,016,國立中央大學,理學院學士班,數理化學群,物理學類,0303
027082,027,國立中山大學,物理學系,數理化學群,物理學類,0303
041072,041,國立中正大學,物理學系,數理化學群,物理學類,0303
,003,國立中興大學,物理學系,數理化學群,物理學類,0303
100292,100,國立嘉義大學,電子物理學系,數理化學群,物理學類,0303
,036,國立屏東大學,應用物理系,數理化學群,物理學類,0303
,023,國立彰化師範大學,物理學系,數理化學群,物理學類,0303
004062,004,國立成功大學,物理學系,數理化學群,物理學類,0303
,034,國立東華大學,物理學系,數理化學群,物理學類,0303
,011,國立清華大學,物理學系,數理化學群,物理學類,0303
001102,001,國立臺灣大學,物理學系,數理化學群,物理學類,0303
002252,002,國立臺灣師範大學,物理學系,數理化學群,物理學類,0303
,013,國立陽明交通大學,理學院科學學士學位學程,數理化學群,物理學類,0303
,013,國立陽明交通大學,電子物理學系,數理化學群,物理學類,0303
101172,101,國立高雄大學,應用物理學系,數理化學群,物理學類,0303
022072,022,國立高雄師範大學,物理學系,數理化學群,物理學類,0303
005112,005,東吳大學,物理學系,數理化學群,物理學類,0303
009062,009,東海大學,應用物理學系,數理化學群,物理學類,0303
009422,009,東海大學,永續科學與管理學士學位學程,數理化學群,物理學類,0303
,014,淡江大學,物理學系,數理化學群,物理學類,0303
,014,淡江大學,理學院尖端材料科學學士學位學程,數理化學群,物理學類,0303
,020,輔仁大學,物理學系,數理化學群,物理學類,0303
100302,100,國立嘉義大學,應用化學系,數理化學群,自然科學學類,0304
036232,036,國立屏東大學,應用化學系,數理化學群,自然科學學類,0304
036272,036,國立屏東大學,科學傳播學系,數理化學群,自然科學學類,0304
058262,058,國立暨南國際大學,應用化學系,數理化學群,自然科學學類,0304
031162,031,國立臺中教育大學,科學教育與應用學系,數理化學群,自然科學學類,0304
032262,032,國立臺北教育大學,自然科學教育學系,數理化學群,自然科學學類,0304
,038,國立臺東大學,應用科學系,數理化學群,自然科學學類,0304
013202,013,國立陽明交通大學,應用化學系,數理化學群,自然科學學類,0304
101162,101,國立高雄大學,應用化學系,數理化學群,自然科學學類,0304
009422,009,東海大學,永續科學與管理學士學位學程,數理化學群,自然科學學類,0304
035102,035,臺北市立大學,地球環境暨生物資源學系,數理化學群,自然科學學類,0304
,035,臺北市立大學,應用物理暨化學系,數理化學群,自然科學學類,0304
018122,018,靜宜大學,應用化學系,數理化學群,自然科學學類,0304
003402,003,國立中興大學,土壤環境科學系,數理化學群,生化學類,0305
100422,100,國立嘉義大學,生化科技學系,數理化學群,生化學類,0305
001642,001,國立臺灣大學,生化科技學系,數理化學群,生化學類,0305
001402,001,國立臺灣大學,農業化學系,數理化學群,生化學類,0305
031152,031,國立臺中教育大學,數學教育學系,數理化學群,數學資訊教育學類,0306
,032,國立臺北教育大學,數學暨資訊教育學系,數理化學群,數學資訊教育學類,0306
008222,008,中原大學,電機資訊學院智慧運算與大數據學士班,數理化學群,統計學類,0307
036152,036,國立屏東大學,商業大數據學系,數理化學群,統計學類,0307
004302,004,國立成功大學,統計與資料科學學系,數理化學群,統計學類,0307
,006,國立政治大學,統計學系,數理化學群,統計學類,0307
099132,099,國立臺北大學,統計學系,數理化學群,統計學類,0307
005242,005,東吳大學,資料科學系,數理化學群,統計學類,0307
,009,東海大學,統計學系,數理化學群,統計學類,0307
014242,014,淡江大學,統計與資料科學學系,數理化學群,統計學類,0307
020562,020,輔仁大學,統計資訊學系,數理化學群,統計學類,0307
,015,逢甲大學,統計學系,數理化學群,統計學類,0307
018342,018,靜宜大學,資料科學暨大數據分析與應用學系,數理化學群,統計學類,0307
,012,中國醫藥大學,中醫學系,醫藥衛生學群,醫學學類,0401
012022,012,中國醫藥大學,醫學系,醫藥衛生學群,醫學學類,0401
026012,026,中山醫學大學,醫學系,醫藥衛生學群,醫學學類,0401
004332,004,國立成功大學,醫學系,醫藥衛生學群,醫學學類,0401
001372,001,國立臺灣大學,醫學工程學系,醫藥衛生學群,醫學學類,0401
001242,001,國立臺灣大學,醫學系,醫藥衛生學群,醫學學類,0401
013572,013,國立陽明交通大學,中醫學系,醫藥衛生學群,醫學學類,0401
,013,國立陽明交通大學,醫學系,醫藥衛生學群,醫學學類,0401
108012,108,慈濟大學,醫學系,醫藥衛生學群,醫學學類,0401
,045,義守大學,醫學系,醫藥衛生學群,醫學學類,0401
109012,109,臺北醫學大學,醫學系,醫藥衛生學群,醫學學類,0401
020152,020,輔仁大學,醫學系,醫藥衛生學群,醫學學類,0401
030022,030,長庚大學,中醫學系,醫藥衛生學群,醫學學類,0401
030012,030,長庚大學,醫學系,醫藥衛生學群,醫學學類,0401
152012,152,馬偕醫學大學,醫學系,醫藥衛生學群,醫學學類,0401
007012,007,高雄醫學大學,醫學系,醫藥衛生學群,醫學學類,0401
012152,012,中國醫藥大學,公共衛生學院大一不分系,醫藥衛生學群,公共衛生學類,0402
,026,中山醫學大學,公共衛生學系,醫藥衛生學群,公共衛生學類,0402
001562,001,國立臺灣大學,公共衛生學系,醫藥衛生學群,公共衛生學類,0402
002052,002,國立臺灣師範大學,健康促進與衛生教育學系,醫藥衛生學群,公共衛生學類,0402
108062,108,慈濟大學,公共衛生學系,醫藥衛生學群,公共衛生學類,0402
035222,035,臺北市立大學,衛生福利學系,醫藥衛生學群,公共衛生學類,0402
109092,109,臺北醫學大學,公共衛生學系,醫藥衛生學群,公共衛生學類,0402
109142,109,臺北醫學大學,口腔衛生學系,醫藥衛生學群,公共衛生學類,0402
020132,020,輔仁大學,公共衛生學系,醫藥衛生學群,公共衛生學類,0402
007102,007,高雄醫學大學,公共衛生學系,醫藥衛生學群,公共衛生學類,0402
007052,007,高雄醫學大學,口腔衛生學系,醫藥衛生學群,公共衛生學類,0402
012012,012,中國醫藥大學,牙醫學系,醫藥衛生學群,牙醫學類,0403
026022,026,中山醫學大學,牙醫學系,醫藥衛生學群,牙醫學類,0403
004352,004,國立成功大學,牙醫學系,醫藥衛生學群,牙醫學類,0403
001262,001,國立臺灣大學,牙醫學系,醫藥衛生學群,牙醫學類,0403
013462,013,國立陽明交通大學,牙醫學系,醫藥衛生學群,牙醫學類,0403
109142,109,臺北醫學大學,口腔衛生學系,醫藥衛生學群,牙醫學類,0403
109022,109,臺北醫學大學,牙醫學系,醫藥衛生學群,牙醫學類,0403
109132,109,臺北醫學大學,牙體技術學系,醫藥衛生學群,牙醫學類,0403
007052,007,高雄醫學大學,口腔衛生學系,醫藥衛生學群,牙醫學類,0403
007042,007,高雄醫學大學,牙醫學系,醫藥衛生學群,牙醫學類,0403
012092,012,中國醫藥大學,物理治療學系,醫藥衛生學群,物理治療學類,0404
026032,026,中山醫學大學,物理治療學系,醫藥衛生學群,物理治療學類,0404
134132,134,亞洲大學,物理治療學系,醫藥衛生學群,物理治療學類,0404
004382,004,國立成功大學,物理治療學系,醫藥衛生學群,物理治療學類,0404
001302,001,國立臺灣大學,物理治療學系,醫藥衛生學群,物理治療學類,0404
013512,013,國立陽明交通大學,物理治療暨輔助科技學系,醫藥衛生學群,物理治療學類,0404
108052,108,慈濟大學,物理治療學系,醫藥衛生學群,物理治療學類,0404
045312,045,義守大學,物理治療學系,醫藥衛生學群,物理治療學類,0404
030062,030,長庚大學,物理治療學系,醫藥衛生學群,物理治療學類,0404
007142,007,高雄醫學大學,物理治療學系,醫藥衛生學群,物理治療學類,0404
,026,中山醫學大學,職能治療學系,醫藥衛生學群,職能治療學類,0405
,026,中山醫學大學,語言治療與聽力學系,醫藥衛生學群,職能治療學類,0405
134122,134,亞洲大學,職能治療學系,醫藥衛生學群,職能治療學類,0405
134112,134,亞洲大學,聽力暨語言治療學系,醫藥衛生學群,職能治療學類,0405
004392,004,國立成功大學,職能治療學系,醫藥衛生學群,職能治療學類,0405
001312,001,國立臺灣大學,職能治療學系,醫藥衛生學群,職能治療學類,0405
,042,大葉大學,職能治療學系,醫藥衛生學群,職能治療學類,0405
045322,045,義守大學,職能治療學系,醫藥衛生學群,職能治療學類,0405
020182,020,輔仁大學,職能治療學系,醫藥衛生學群,職能治療學類,0405
030072,030,長庚大學,職能治療學系,醫藥衛生學群,職能治療學類,0405
,152,馬偕醫學大學,聽力暨語言治療學系,醫藥衛生學群,職能治療學類,0405
007132,007,高雄醫學大學,職能治療學系,醫藥衛生學群,職能治療學類,0405
012062,012,中國醫藥大學,護理學系,醫藥衛生學群,護理學類,0406
026182,026,中山醫學大學,護理學系,醫藥衛生學群,護理學類,0406
,134,亞洲大學,護理學系,醫藥衛生學群,護理學類,0406
040012,040,元智大學,護理學系,醫藥衛生學群,護理學類,0406
027352,027,國立中山大學,護理學系,醫藥衛生學群,護理學類,0406
004372,004,國立成功大學,護理學系,醫藥衛生學群,護理學類,0406
058302,058,國立暨南國際大學,護理學系,醫藥衛生學群,護理學類,0406
038182,038,國立臺東大學,護理學系,醫藥衛生學群,護理學類,0406
001292,001,國立臺灣大學,護理學系,醫藥衛生學群,護理學類,0406
,153,國立金門大學,護理學系,醫藥衛生學群,護理學類,0406
013502,013,國立陽明交通大學,護理學系,醫藥衛生學群,護理學類,0406
042322,042,大葉大學,護理學系,醫藥衛生學群,護理學類,0406
108092,108,慈濟大學,護理學系,醫藥衛生學群,護理學類,0406
045292,045,義守大學,護理學系,醫藥衛生學群,護理學類,0406
109072,109,臺北醫學大學,護理學系,醫藥衛生學群,護理學類,0406
020122,020,輔仁大學,護理學系,醫藥衛生學群,護理學類,0406
030032,030,長庚大學,護理學系,醫藥衛生學群,護理學類,0406
051272,051,長榮大學,護理學系,醫藥衛生學群,護理學類,0406
152022,152,馬偕醫學大學,護理學系,醫藥衛生學群,護理學類,0406
007092,007,高雄醫學大學,護理學系,醫藥衛生學群,護理學類,0406
012072,012,中國醫藥大學,醫學檢驗生物技術學系,醫藥衛生學群,醫學檢驗暨生物技術學類,0407
026092,026,中山醫學大學,視光學系,醫藥衛生學群,醫學檢驗暨生物技術學類,0407
026192,026,中山醫學大學,醫學檢驗暨生物技術學系,醫藥衛生學群,醫學檢驗暨生物技術學類,0407
134102,134,亞洲大學,視光學系,醫藥衛生學群,醫學檢驗暨生物技術學類,0407
,134,亞洲大學,醫學檢驗暨生物技術學系,醫藥衛生學群,醫學檢驗暨生物技術學類,0407
004362,004,國立成功大學,醫學檢驗生物技術學系,醫藥衛生學群,醫學檢驗暨生物技術學類,0407
001282,001,國立臺灣大學,醫學檢驗暨生物技術學系,醫藥衛生學群,醫學檢驗暨生物技術學類,0407
,013,國立陽明交通大學,醫學生物技術暨檢驗學系,醫藥衛生學群,醫學檢驗暨生物技術學類,0407
,042,大葉大學,視光學系,醫藥衛生學群,醫學檢驗暨生物技術學類,0407
108042,108,慈濟大學,醫學檢驗生物技術學系,醫藥衛生學群,醫學檢驗暨生物技術學類,0407
045332,045,義守大學,醫學檢驗技術學系,醫藥衛生學群,醫學檢驗暨生物技術學類,0407
109062,109,臺北醫學大學,醫學檢驗暨生物技術學系,醫藥衛生學群,醫學檢驗暨生物技術學類,0407
030042,030,長庚大學,醫學生物技術暨檢驗學系,醫藥衛生學群,醫學檢驗暨生物技術學類,0407
152052,152,馬偕醫學大學,視光學系,醫藥衛生學群,醫學檢驗暨生物技術學類,0407
152062,152,馬偕醫學大學,醫學檢驗暨再生醫學學系,醫藥衛生學群,醫學檢驗暨生物技術學類,0407
007112,007,高雄醫學大學,醫學檢驗生物技術學系,醫藥衛生學群,醫學檢驗暨生物技術學類,0407
012142,012,中國醫藥大學,生物醫學影像暨放射科學學系,醫藥衛生學群,醫學影像暨放射科學學類,0408
026102,026,中山醫學大學,醫學影像暨放射科學系,醫藥衛生學群,醫學影像暨放射科學學類,0408
013492,013,國立陽明交通大學,生物醫學影像暨放射科學系,醫藥衛生學群,醫學影像暨放射科學學類,0408
108082,108,慈濟大學,醫學影像暨放射科學系,醫藥衛生學群,醫學影像暨放射科學學類,0408
045302,045,義守大學,醫學影像暨放射科學系,醫藥衛生學群,醫學影像暨放射科學學類,0408
030052,030,長庚大學,醫學影像暨放射科學系,醫藥衛生學群,醫學影像暨放射科學學類,0408
007122,007,高雄醫學大學,醫學影像暨放射科學系,醫藥衛生學群,醫學影像暨放射科學學類,0408
012122,012,中國醫藥大學,中國藥學暨中藥資源學系,醫藥衛生學群,藥學學類,0409
012052,012,中國醫藥大學,藥學系,醫藥衛生學群,藥學學類,0409
100432,100,國立嘉義大學,微生物免疫與生物藥學系,醫藥衛生學群,藥學學類,0409
004402,004,國立成功大學,藥學系,醫藥衛生學群,藥學學類,0409
001272,001,國立臺灣大學,藥學系,醫藥衛生學群,藥學學類,0409
013552,013,國立陽明交通大學,藥學系,醫藥衛生學群,藥學學類,0409
108032,108,慈濟大學,藥學系,醫藥衛生學群,藥學學類,0409
,109,臺北醫學大學,藥學系,醫藥衛生學群,藥學學類,0409
007072,007,高雄醫學大學,藥學系,醫藥衛生學群,藥學學類,0409
,007,高雄醫學大學,醫藥暨應用化學系,醫藥衛生學群,藥學學類,0409
017492,017,中國文化大學,保健營養學系,醫藥衛生學群,食品營養保健學類,0410
012082,012,中國醫藥大學,營養學系,醫藥衛生學群,食品營養保健學類,0410
026172,026,中山醫學大學,健康產業科技管理學系,醫藥衛生學群,食品營養保健學類,0410
,026,中山醫學大學,營養學系,醫藥衛生學群,食品營養保健學類,0410
,134,亞洲大學,食品營養與保健生技學系,醫藥衛生學群,食品營養保健學類,0410
002362,002,國立臺灣師範大學,營養科學學士學位學程,醫藥衛生學群,食品營養保健學類,0410
,042,大葉大學,藥用植物與食品保健學系,醫藥衛生學群,食品營養保健學類,0410
,050,實踐大學,食品營養與保健生技學系,醫藥衛生學群,食品營養保健學類,0410
045282,045,義守大學,營養學系,醫藥衛生學群,食品營養保健學類,0410
109082,109,臺北醫學大學,保健營養學系,醫藥衛生學群,食品營養保健學類,0410
109162,109,臺北醫學大學,食品安全學系,醫藥衛生學群,食品營養保健學類,0410
020492,020,輔仁大學,營養科學系,醫藥衛生學群,食品營養保健學類,0410
051262,051,長榮大學,保健營養學系,醫藥衛生學群,食品營養保健學類,0410
,051,長榮大學,食品安全衛生與檢驗學士學位學程,醫藥衛生學群,食品營養保健學類,0410
110172,110,開南大學,保健營養學系,醫藥衛生學群,食品營養保健學類,0410
018132,018,靜宜大學,食品營養學系,醫藥衛生學群,食品營養保健學類,0410
109112,109,臺北醫學大學,呼吸治療學系,醫藥衛生學群,呼吸治療學類,0411
020192,020,輔仁大學,呼吸治療學系,醫藥衛生學群,呼吸治療學類,0411
030092,030,長庚大學,呼吸治療學系,醫藥衛生學群,呼吸治療學類,0411
007032,007,高雄醫學大學,呼吸治療學系,醫藥衛生學群,呼吸治療學類,0411
134172,134,亞洲大學,長期照護學系,醫藥衛生學群,健康照護學類,0412
153232,153,國立金門大學,長期照護學系,醫藥衛生學群,健康照護學類,0412
,112,康寧大學,健康照護管理學系,醫藥衛生學群,健康照護學類,0412
,112,康寧大學,長期照護學系,醫藥衛生學群,健康照護學類,0412
009352,009,東海大學,高齡健康與運動科學學士學位學程,醫藥衛生學群,健康照護學類,0412
109122,109,臺北醫學大學,高齡健康暨長期照護學系,醫藥衛生學群,健康照護學類,0412
,051,長榮大學,醫學社會暨健康照護學士學位學程,醫藥衛生學群,健康照護學類,0412
110182,110,開南大學,健康產業管理學系,醫藥衛生學群,健康照護學類,0412
,110,開南大學,養生與健康行銷學系,醫藥衛生學群,健康照護學類,0412
012132,012,中國醫藥大學,藥用化妝品學系,醫藥衛生學群,化妝品學類,0413
018142,018,靜宜大學,化粧品科學系,醫藥衛生學群,化妝品學類,0413
007082,007,高雄醫學大學,香粧品學系,醫藥衛生學群,化妝品學類,0413
026142,026,中山醫學大學,職業安全衛生學系,醫藥衛生學群,職業安全與衛生學類,0414
051432,051,長榮大學,營建工程安全學士學位學程,醫藥衛生學群,職業安全與衛生學類,0414
,051,長榮大學,職業安全與衛生學系,醫藥衛生學群,職業安全與衛生學類,0414
003452,003,國立中興大學,獸醫學系,醫藥衛生學群,獸醫學類,0415
100442,100,國立嘉義大學,獸醫學系,醫藥衛生學群,獸醫學類,0415
001452,001,國立臺灣大學,獸醫學系,醫藥衛生學群,獸醫學類,0415
026262,026,中山醫學大學,醫療產業科技管理學系,醫藥衛生學群,醫務管理學類,0416
,134,亞洲大學,健康產業管理學系,醫藥衛生學群,醫務管理學類,0416
108182,108,慈濟大學,醫務暨健康管理學系,醫藥衛生學群,醫務管理學類,0416
045192,045,義守大學,醫務管理學系,醫藥衛生學群,醫務管理學類,0416
109102,109,臺北醫學大學,醫務管理學系,醫藥衛生學群,醫務管理學類,0416
,046,銘傳大學,智慧醫療與永續管理學系,醫藥衛生學群,醫務管理學類,0416
030212,030,長庚大學,醫務管理學系,醫藥衛生學群,醫務管理學類,0416
051222,051,長榮大學,醫務管理學系,醫藥衛生學群,醫務管理學類,0416
007152,007,高雄醫學大學,醫務管理暨醫療資訊學系,醫藥衛生學群,醫務管理學類,0416
012112,012,中國醫藥大學,運動醫學系,醫藥衛生學群,運動保健學類,0417
060052,060,國立臺灣體育運動大學,運動健康科學學系,醫藥衛生學群,運動保健學類,0417
,039,國立體育大學,運動保健學系,醫藥衛生學群,運動保健學類,0417
035292,035,臺北市立大學,運動健康科學系,醫藥衛生學群,運動保健學類,0417
007022,007,高雄醫學大學,運動醫學系,醫藥衛生學群,運動保健學類,0417
012172,012,中國醫藥大學,醫療資訊學系,生命科學學群,生物資訊學類,0501
026242,026,中山醫學大學,醫學資訊學系,生命科學學群,生物資訊學類,0501
108102,108,慈濟大學,資訊工程學系,生命科學學群,生物資訊學類,0501
008132,008,中原大學,生物醫學工程學系,生命科學學群,生醫/醫學工程學類,0502
012162,012,中國醫藥大學,生物醫學工程學系,生命科學學群,生醫/醫學工程學類,0502
,134,亞洲大學,生物資訊與醫學工程學系,生命科學學群,生醫/醫學工程學類,0502
016372,016,國立中央大學,生醫科學與工程學系,生命科學學群,生醫/醫學工程學類,0502
,027,國立中山大學,生物醫學科技學系全英語學士班,生命科學學群,生醫/醫學工程學類,0502
004272,004,國立成功大學,生物醫學工程學系,生命科學學群,生醫/醫學工程學類,0502
011242,011,國立清華大學,生醫工程與環境科學系,生命科學學群,生醫/醫學工程學類,0502
013542,013,國立陽明交通大學,生物醫學工程學系,生命科學學群,生醫/醫學工程學類,0502
108112,108,慈濟大學,生物醫學暨工程學系,生命科學學群,生醫/醫學工程學類,0502
045112,045,義守大學,生物醫學工程學系,生命科學學群,生醫/醫學工程學類,0502
109152,109,臺北醫學大學,生物醫學工程學系,生命科學學群,生醫/醫學工程學類,0502
,046,銘傳大學,生物醫學工程學系,生命科學學群,生醫/醫學工程學類,0502
030172,030,長庚大學,生物醫學工程學系,生命科學學群,生醫/醫學工程學類,0502
003402,003,國立中興大學,土壤環境科學系,生命科學學群,生化學類,0503
100422,100,國立嘉義大學,生化科技學系,生命科學學群,生化學類,0503
001642,001,國立臺灣大學,生化科技學系,生命科學學群,生化學類,0503
001402,001,國立臺灣大學,農業化學系,生命科學學群,生化學類,0503
008132,008,中原大學,生物醫學工程學系,生命科學學群,生命科學學類,0504
017132,017,中國文化大學,生命科學系,生命科學學群,生命科學學類,0504
012162,012,中國醫藥大學,生物醫學工程學系,生命科學學群,生命科學學類,0504
026082,026,中山醫學大學,生物醫學科學學系,生命科學學群,生命科學學類,0504
,134,亞洲大學,生物資訊與醫學工程學系,生命科學學群,生命科學學類,0504
016362,016,國立中央大學,生命科學系,生命科學學群,生命科學學類,0504
027042,027,國立中山大學,生物科學系,生命科學學群,生命科學學類,0504
041092,041,國立中正大學,生物醫學科學系,生命科學學群,生命科學學類,0504
003442,003,國立中興大學,生命科學系,生命科學學群,生命科學學類,0504
100432,100,國立嘉義大學,微生物免疫與生物藥學系,生命科學學群,生命科學學類,0504
100402,100,國立嘉義大學,水生生物科學系,生命科學學群,生命科學學類,0504
100412,100,國立嘉義大學,生物資源學系,生命科學學群,生命科學學類,0504
023072,023,國立彰化師範大學,生物學系,生命科學學群,生命科學學類,0504
004552,004,國立成功大學,生命科學系,生命科學學群,生命科學學類,0504
004272,004,國立成功大學,生物醫學工程學系,生命科學學群,生命科學學類,0504
034062,034,國立東華大學,生化暨分子醫學科學系,生命科學學群,生命科學學類,0504
011432,011,國立清華大學,生命科學暨醫學院學士班,生命科學學群,生命科學學類,0504
011412,011,國立清華大學,生命科學系,生命科學學群,生命科學學類,0504
038112,038,國立臺東大學,生命科學系,生命科學學群,生命科學學類,0504
001632,001,國立臺灣大學,生命科學系,生命科學學群,生命科學學類,0504
002302,002,國立臺灣師範大學,生命科學系,生命科學學群,生命科學學類,0504
021112,021,國立臺灣海洋大學,生命科學暨生物科技學系,生命科學學群,生命科學學類,0504
,013,國立陽明交通大學,生命科學系暨基因體科學研究所,生命科學學群,生命科學學類,0504
013542,013,國立陽明交通大學,生物醫學工程學系,生命科學學群,生命科學學類,0504
101182,101,國立高雄大學,生命科學系,生命科學學群,生命科學學類,0504
005132,005,東吳大學,微生物學系,生命科學學群,生命科學學類,0504
,009,東海大學,生命科學系,生命科學學群,生命科學學類,0504
045112,045,義守大學,生物醫學工程學系,生命科學學群,生命科學學類,0504
109152,109,臺北醫學大學,生物醫學工程學系,生命科學學群,生命科學學類,0504
020252,020,輔仁大學,生命科學系,生命科學學群,生命科學學類,0504
,046,銘傳大學,生物醫學工程學系,生命科學學群,生命科學學類,0504
030172,030,長庚大學,生物醫學工程學系,生命科學學群,生命科學學類,0504
030082,030,長庚大學,生物醫學系,生命科學學群,生命科學學類,0504
,007,高雄醫學大學,生命科學院學士班,生命科學學群,生命科學學類,0504
007192,007,高雄醫學大學,生物醫學暨環境生物學系,生命科學學群,生命科學學類,0504
008072,008,中原大學,生物科技學系,生命科學學群,生物科技學類,0505
012102,012,中國醫藥大學,生物科技學系,生命科學學群,生物科技學類,0505
059462,059,南華大學,自然生物科技學系,生命科學學群,生物科技學類,0505
,027,國立中山大學,生物醫學科技學系全英語學士班,生命科學學群,生物科技學類,0505
003412,003,國立中興大學,生物科技學士學位學程,生命科學學群,生物科技學類,0505
100262,100,國立嘉義大學,農業生物科技學系,生命科學學群,生物科技學類,0505
150102,150,國立宜蘭大學,生物技術與動物科學系,生命科學學群,生物科技學類,0505
004562,004,國立成功大學,生物科技與產業科學系,生命科學學群,生物科技學類,0505
011422,011,國立清華大學,醫學科學系,生命科學學群,生物科技學類,0505
033202,033,國立臺南大學,生物科技學系,生命科學學群,生物科技學類,0505
021122,021,國立臺灣海洋大學,海洋生物科技學士學位學程,生命科學學群,生物科技學類,0505
,013,國立陽明交通大學,生物科技學系,生命科學學群,生物科技學類,0505
022082,022,國立高雄師範大學,生物科技系,生命科學學群,生物科技學類,0505
019022,019,大同大學,化學工程與生物科技學系,生命科學學群,生物科技學類,0505
,042,大葉大學,生物醫學系,生命科學學群,生物科技學類,0505
,042,大葉大學,食品暨應用生物科技學系,生命科學學群,生物科技學類,0505
108072,108,慈濟大學,分子生物暨人類遺傳學系,生命科學學群,生物科技學類,0505
,045,義守大學,醫學科學與生物科技學系,生命科學學群,生物科技學類,0505
,046,銘傳大學,生物科技學系,生命科學學群,生物科技學類,0505
,051,長榮大學,生物科技學系,生命科學學群,生物科技學類,0505
007202,007,高雄醫學大學,生物科技學系,生命科學學群,生物科技學類,0505
003382,003,國立中興大學,昆蟲學系,生命科學學群,植物保護與昆蟲學類,0506
100282,100,國立嘉義大學,植物醫學系,生命科學學群,植物保護與昆蟲學類,0506
001482,001,國立臺灣大學,昆蟲學系,生命科學學群,植物保護與昆蟲學類,0506
033212,033,國立臺南大學,生態暨環境資源學系,生命科學學群,生態學類,0507
018082,018,靜宜大學,生態人文學系,生命科學學群,生態學類,0507
003322,003,國立中興大學,食品暨應用生物科技學系,生命科學學群,食品生技學類,0508
100392,100,國立嘉義大學,食品科學系,生命科學學群,食品生技學類,0508
150092,150,國立宜蘭大學,食品科學系,生命科學學群,食品生技學類,0508
021092,021,國立臺灣海洋大學,食品科學系,生命科學學群,食品生技學類,0508
153072,153,國立金門大學,食品科學系,生命科學學群,食品生技學類,0508
009332,009,東海大學,食品科學系,生命科學學群,食品生技學類,0508
020482,020,輔仁大學,食品科學系,生命科學學群,食品生技學類,0508
003452,003,國立中興大學,獸醫學系,生物資源學群,獸醫學類,0601
100442,100,國立嘉義大學,獸醫學系,生物資源學群,獸醫學類,0601
001452,001,國立臺灣大學,獸醫學系,生物資源學群,獸醫學類,0601
003382,003,國立中興大學,昆蟲學系,生物資源學群,植物保護與昆蟲學類,0602
003372,003,國立中興大學,植物病理學系,生物資源學群,植物保護與昆蟲學類,0602
100282,100,國立嘉義大學,植物醫學系,生物資源學群,植物保護與昆蟲學類,0602
001482,001,國立臺灣大學,昆蟲學系,生物資源學群,植物保護與昆蟲學類,0602
001492,001,國立臺灣大學,植物病理與微生物學系,生物資源學群,植物保護與昆蟲學類,0602
033212,033,國立臺南大學,生態暨環境資源學系,生物資源學群,生態學類,0603
018082,018,靜宜大學,生態人文學系,生物資源學群,生態學類,0603
003332,003,國立中興大學,農藝學系,生物資源學群,農藝學類,0604
100212,100,國立嘉義大學,農藝學系,生物資源學群,農藝學類,0604
001382,001,國立臺灣大學,農藝學系,生物資源學群,農藝學類,0604
,017,中國文化大學,動物科學保健暨園藝科技學系,生物資源學群,動物科學學類,0605
,017,中國文化大學,動物科學系(115學年度併入動物科學保健暨園藝科技學系),生物資源學群,動物科學學類,0605
003392,003,國立中興大學,動物科學系,生物資源學群,動物科學學類,0605
100252,100,國立嘉義大學,動物科學系,生物資源學群,動物科學學類,0605
150102,150,國立宜蘭大學,生物技術與動物科學系,生物資源學群,動物科學學類,0605
001422,001,國立臺灣大學,動物科學技術學系,生物資源學群,動物科學學類,0605
009322,009,東海大學,畜產與生物科技學系,生物資源學群,動物科學學類,0605
,017,中國文化大學,動物科學保健暨園藝科技學系,生物資源學群,園藝學類,0606
,017,中國文化大學,園藝暨生物技術學系(115學年度併入動物科學保健暨園藝科技學系),生物資源學群,園藝學類,0606
003342,003,國立中興大學,園藝學系,生物資源學群,園藝學類,0606
100222,100,國立嘉義大學,園藝學系,生物資源學群,園藝學類,0606
150122,150,國立宜蘭大學,園藝學系,生物資源學群,園藝學類,0606
001442,001,國立臺灣大學,園藝暨景觀學系,生物資源學群,園藝學類,0606
,051,長榮大學,蘭花產業應用學士學位學程,生物資源學群,園藝學類,0606
017262,017,中國文化大學,森林暨自然保育學系,生物資源學群,森林學類,0607
,003,國立中興大學,森林學系,生物資源學群,森林學類,0607
100232,100,國立嘉義大學,森林暨自然資源學系,生物資源學群,森林學類,0607
150112,150,國立宜蘭大學,森林暨自然資源學系,生物資源學群,森林學類,0607
001412,001,國立臺灣大學,森林環境暨資源學系,生物資源學群,森林學類,0607
027272,027,國立中山大學,海洋生物科技暨資源學系,生物資源學群,海洋資源學類,0608
021102,021,國立臺灣海洋大學,水產養殖學系,生物資源學群,海洋資源學類,0608
021132,021,國立臺灣海洋大學,環境生物與漁業科學學系,生物資源學群,海洋資源學類,0608
003322,003,國立中興大學,食品暨應用生物科技學系,生物資源學群,食品生技學類,0609
100392,100,國立嘉義大學,食品科學系,生物資源學群,食品生技學類,0609
150092,150,國立宜蘭大學,食品科學系,生物資源學群,食品生技學類,0609
021092,021,國立臺灣海洋大學,食品科學系,生物資源學群,食品生技學類,0609
153072,153,國立金門大學,食品科學系,生物資源學群,食品生技學類,0609
009332,009,東海大學,食品科學系,生物資源學群,食品生技學類,0609
020482,020,輔仁大學,食品科學系,生物資源學群,食品生技學類,0609
004222,004,國立成功大學,能源工程國際學士學位學程,地球與環境學群,工程科學學類,0701
004142,004,國立成功大學,資源工程學系,地球與環境學群,工程科學學類,0701
011272,011,國立清華大學,原子科學院學士班,地球與環境學群,工程科學學類,0701
,011,國立清華大學,工程與系統科學系,地球與環境學群,工程科學學類,0701
151062,151,國立聯合大學,能源工程學系,地球與環境學群,工程科學學類,0701
001352,001,國立臺灣大學,工程科學及海洋工程學系,地球與環境學群,工程科學學類,0701
008142,008,中原大學,環境工程學系,地球與環境學群,環境工程學類,0702
003212,003,國立中興大學,環境工程學系,地球與環境學群,環境工程學類,0702
150072,150,國立宜蘭大學,環境工程學系,地球與環境學群,環境工程學類,0702
004232,004,國立成功大學,環境工程學系,地球與環境學群,環境工程學類,0702
151052,151,國立聯合大學,環境與安全衛生工程學系,地球與環境學群,環境工程學類,0702
001392,001,國立臺灣大學,生物環境系統工程學系,地球與環境學群,環境工程學類,0702
,101,國立高雄大學,土木與環境工程學系,地球與環境學群,環境工程學類,0702
,042,大葉大學,環境與安全工程學系,地球與環境學群,環境工程學類,0702
009162,009,東海大學,環境科學與工程學系,地球與環境學群,環境工程學類,0702
015112,015,逢甲大學,環境工程與科學學系,地球與環境學群,環境工程學類,0702
,051,長榮大學,綠能與環境資源學系,地球與環境學群,環境工程學類,0702
018152,018,靜宜大學,永續環境與智慧科技學士學位學程,地球與環境學群,環境工程學類,0702
017122,017,中國文化大學,大氣與地質科學系,地球與環境學群,地質地球與環境科學學類,0703
016312,016,國立中央大學,地球科學學系,地球與環境學群,地質地球與環境科學學類,0703
016322,016,國立中央大學,地球科學學院學士班,地球與環境學群,地質地球與環境科學學類,0703
041062,041,國立中正大學,地球與環境科學系,地球與環境學群,地質地球與環境科學學類,0703
004082,004,國立成功大學,地球科學系,地球與環境學群,地質地球與環境科學學類,0703
034482,034,國立東華大學,自然資源與環境學系,地球與環境學群,地質地球與環境科學學類,0703
001122,001,國立臺灣大學,地質科學系,地球與環境學群,地質地球與環境科學學類,0703
002322,002,國立臺灣師範大學,地球科學系,地球與環境學群,地質地球與環境科學學類,0703
017112,017,中國文化大學,地理學系,地球與環境學群,地理學類,0704
023122,023,國立彰化師範大學,地理學系,地球與環境學群,地理學類,0704
001142,001,國立臺灣大學,地理環境資源學系,地球與環境學群,地理學類,0704
002212,002,國立臺灣師範大學,地理學系,地球與環境學群,地理學類,0704
022032,022,國立高雄師範大學,地理學系,地球與環境學群,地理學類,0704
027282,027,國立中山大學,海洋環境及工程學系,地球與環境學群,海洋科學學類,0705
027292,027,國立中山大學,海洋科學系,地球與環境學群,海洋科學學類,0705
021152,021,國立臺灣海洋大學,海洋環境資訊系,地球與環境學群,海洋科學學類,0705
017122,017,中國文化大學,大氣與地質科學系,地球與環境學群,大氣科學學類,0706
016312,016,國立中央大學,地球科學學系,地球與環境學群,大氣科學學類,0706
016322,016,國立中央大學,地球科學學院學士班,地球與環境學群,大氣科學學類,0706
016292,016,國立中央大學,大氣科學學系,地球與環境學群,大氣科學學類,0706
016302,016,國立中央大學,太空科學與工程學系,地球與環境學群,大氣科學學類,0706
004082,004,國立成功大學,地球科學系,地球與環境學群,大氣科學學類,0706
001152,001,國立臺灣大學,大氣科學系,地球與環境學群,大氣科學學類,0706
002322,002,國立臺灣師範大學,地球科學系,地球與環境學群,大氣科學學類,0706
003312,003,國立中興大學,水土保持學系,地球與環境學群,綠環境與防災學類,0707
,044,華梵大學,景觀與環境設計學系,地球與環境學群,綠環境與防災學類,0707
,051,長榮大學,消防安全學士學位學程,地球與環境學群,綠環境與防災學類,0707
100092,100,國立嘉義大學,應用歷史學系,地球與環境學群,史地學類,0708
032132,032,國立臺北教育大學,社會與區域發展學系,地球與環境學群,史地學類,0708
033072,033,國立臺南大學,文化與自然資源學系,地球與環境學群,史地學類,0708
035092,035,臺北市立大學,歷史與地理學系,地球與環境學群,史地學類,0708
047092,047,世新大學,數位多媒體設計學系,建築與設計學群,數位媒體設計學類,0801
134352,134,亞洲大學,數位媒體設計學系,建築與設計學群,數位媒體設計學類,0801
032312,032,國立臺北教育大學,數位科技設計學系,建築與設計學群,數位媒體設計學類,0801
,028,國立臺北藝術大學,動畫學系,建築與設計學群,數位媒體設計學類,0801
,038,國立臺東大學,數位媒體與文教產業學系,建築與設計學群,數位媒體設計學類,0801
056202,056,國立臺灣藝術大學,多媒體動畫藝術學系,建築與設計學群,數位媒體設計學類,0801
019092,019,大同大學,數位媒體設計學系,建築與設計學群,數位媒體設計學類,0801
,042,大葉大學,AI創新設計學士學位學程,建築與設計學群,數位媒體設計學類,0801
,042,大葉大學,多媒體數位內容學士學位學程,建築與設計學群,數位媒體設計學類,0801
,050,實踐大學,媒體傳達設計學系,建築與設計學群,數位媒體設計學類,0801
,050,實踐大學,數位多媒體遊戲設計學系,建築與設計學群,數位媒體設計學類,0801
,050,實踐大學,視覺特效學士學位學程,建築與設計學群,數位媒體設計學類,0801
,050,實踐大學,電腦動畫學士學位學程,建築與設計學群,數位媒體設計學類,0801
,044,華梵大學,攝影與VR設計學系,建築與設計學群,數位媒體設計學類,0801
,046,銘傳大學,數位媒體設計學系,建築與設計學群,數位媒體設計學類,0801
,051,長榮大學,互動設計學系,建築與設計學群,數位媒體設計學類,0801
,051,長榮大學,數位內容設計學系,建築與設計學群,數位媒體設計學類,0801
,051,長榮大學,數位媒體設計學系,建築與設計學群,數位媒體設計學類,0801
,051,長榮大學,資訊暨設計學院學士班,建築與設計學群,數位媒體設計學類,0801
008372,008,中原大學,地景建築學系,建築與設計學群,建築學類,0802
008332,008,中原大學,建築學系,建築與設計學群,建築學類,0802
008382,008,中原大學,英國牛津布魯克斯大學建築及都市設計雙學士學位學程,建築與設計學群,建築學類,0802
017312,017,中國文化大學,建築及都市設計學系,建築與設計學群,建築學類,0802
,130,佛光大學,建築環境設計學士學位學程,建築與設計學群,建築學類,0802
059372,059,南華大學,建築學系,建築與設計學群,建築學類,0802
004522,004,國立成功大學,建築學系,建築與設計學群,建築學類,0802
151072,151,國立聯合大學,建築學系,建築與設計學群,建築學類,0802
153152,153,國立金門大學,建築學系,建築與設計學群,建築學類,0802
101262,101,國立高雄大學,建築學系,建築與設計學群,建築學類,0802
,050,實踐大學,建築職人學士學位學程,建築與設計學群,建築學類,0802
,050,實踐大學,建築設計學系,建築與設計學群,建築學類,0802
009362,009,東海大學,建築學系,建築與設計學群,建築學類,0802
014362,014,淡江大學,建築學系,建築與設計學群,建築學類,0802
,044,華梵大學,建築學系,建築與設計學群,建築學類,0802
015422,015,逢甲大學,室內設計學士學位學程,建築與設計學群,建築學類,0802
015432,015,逢甲大學,建築專業學院學士班,建築與設計學群,建築學類,0802
,046,銘傳大學,建築學系,建築與設計學群,建築學類,0802
,017,中國文化大學,都市計劃與開發管理學系,建築與設計學群,都市計畫學類,0803
004532,004,國立成功大學,都市計劃學系,建築與設計學群,都市計畫學類,0803
153252,153,國立金門大學,都市計畫與景觀學系,建築與設計學群,都市計畫學類,0803
035192,035,臺北市立大學,城市發展學系,建築與設計學群,都市計畫學類,0803
015352,015,逢甲大學,都市計畫與空間資訊學系,建築與設計學群,都市計畫學類,0803
,046,銘傳大學,都市設計與永續發展學系,建築與設計學群,都市計畫學類,0803
008372,008,中原大學,地景建築學系,建築與設計學群,景觀與空間設計學類,0804
008342,008,中原大學,室內設計學系,建築與設計學群,景觀與空間設計學類,0804
008382,008,中原大學,英國牛津布魯克斯大學建築及都市設計雙學士學位學程,建築與設計學群,景觀與空間設計學類,0804
017322,017,中國文化大學,景觀學系,建築與設計學群,景觀與空間設計學類,0804
134382,134,亞洲大學,室內設計學系,建築與設計學群,景觀與空間設計學類,0804
059402,059,南華大學,產品與室內設計學系,建築與設計學群,景觀與空間設計學類,0804
003422,003,國立中興大學,景觀與遊憩學士學位學程,建築與設計學群,景觀與空間設計學類,0804
100272,100,國立嘉義大學,景觀學系,建築與設計學群,景觀與空間設計學類,0804
,042,大葉大學,空間設計學系,建築與設計學群,景觀與空間設計學類,0804
009392,009,東海大學,景觀學系,建築與設計學群,景觀與空間設計學類,0804
,044,華梵大學,景觀與環境設計學系,建築與設計學群,景觀與空間設計學類,0804
,044,華梵大學,智慧生活設計學系,建築與設計學群,景觀與空間設計學類,0804
020052,020,輔仁大學,景觀設計學系,建築與設計學群,景觀與空間設計學類,0804
015422,015,逢甲大學,室內設計學士學位學程,建築與設計學群,景觀與空間設計學類,0804
,130,佛光大學,產品與媒體設計學系,建築與設計學群,工業設計學類,0805
100242,100,國立嘉義大學,木質材料與設計學系,建築與設計學群,工業設計學類,0805
004542,004,國立成功大學,工業設計學系,建築與設計學群,工業設計學類,0805
151082,151,國立聯合大學,工業設計學系,建築與設計學群,工業設計學類,0805
056192,056,國立臺灣藝術大學,工藝設計學系,建築與設計學群,工業設計學類,0805
,022,國立高雄師範大學,工業設計學系,建築與設計學群,工業設計學類,0805
019082,019,大同大學,工業設計學系,建築與設計學群,工業設計學類,0805
,042,大葉大學,綠色產品設計學士學位學程,建築與設計學群,工業設計學類,0805
,050,實踐大學,工業產品設計學系,建築與設計學群,工業設計學類,0805
,009,東海大學,工業設計學系,建築與設計學群,工業設計學類,0805
,044,華梵大學,智慧生活設計學系,建築與設計學群,工業設計學類,0805
,046,銘傳大學,商品設計學系,建築與設計學群,工業設計學類,0805
030252,030,長庚大學,工業設計學系,建築與設計學群,工業設計學類,0805
056172,056,國立臺灣藝術大學,古蹟藝術修護學系,建築與設計學群,工藝學類,0806
101272,101,國立高雄大學,工藝與創意設計學系,建築與設計學群,工藝學類,0806
,008,中原大學,商業設計學系,建築與設計學群,商業設計學類,0807
134362,134,亞洲大學,創意商品設計學系,建築與設計學群,商業設計學類,0807
,130,佛光大學,產品與媒體設計學系,建築與設計學群,商業設計學類,0807
,002,國立臺灣師範大學,設計學系,建築與設計學群,商業設計學類,0807
056182,056,國立臺灣藝術大學,視覺傳達設計學系,建築與設計學群,商業設計學類,0807
065072,065,玄奘大學,視覺傳達設計學系,建築與設計學群,商業設計學類,0807
,044,華梵大學,智慧生活設計學系,建築與設計學群,商業設計學類,0807
,046,銘傳大學,商品設計學系,建築與設計學群,商業設計學類,0807
,046,銘傳大學,商業設計學系,建築與設計學群,商業設計學類,0807
134372,134,亞洲大學,時尚設計學系,建築與設計學群,時尚與服裝設計學類,0808
,050,實踐大學,時尚設計學系,建築與設計學群,時尚與服裝設計學類,0808
,050,實踐大學,服裝設計學系,建築與設計學群,時尚與服裝設計學類,0808
,050,實踐大學,服飾設計與經營學系,建築與設計學群,時尚與服裝設計學類,0808
,020,輔仁大學,織品服裝學系,建築與設計學群,時尚與服裝設計學類,0808
,046,銘傳大學,時尚與創新管理學士學位學程,建築與設計學群,時尚與服裝設計學類,0808
,040,元智大學,藝術與設計學系,建築與設計學群,藝術與設計學類,0809
059402,059,南華大學,產品與室內設計學系,建築與設計學群,藝術與設計學類,0809
,059,南華大學,視覺藝術與設計學系,建築與設計學群,藝術與設計學類,0809
100472,100,國立嘉義大學,視覺藝術學系,建築與設計學群,藝術與設計學類,0809
,036,國立屏東大學,視覺藝術學系,建築與設計學群,藝術與設計學類,0809
034512,034,國立東華大學,藝術與設計學系,建築與設計學群,藝術與設計學類,0809
,011,國立清華大學,藝術與設計學系,建築與設計學群,藝術與設計學類,0809
,032,國立臺北教育大學,藝術與造形設計學系,建築與設計學群,藝術與設計學類,0809
033272,033,國立臺南大學,視覺藝術與設計學系,建築與設計學群,藝術與設計學類,0809
063032,063,國立臺南藝術大學,材質創作與設計系,建築與設計學群,藝術與設計學類,0809
038222,038,國立臺東大學,美術產業學系,建築與設計學群,藝術與設計學類,0809
021272,021,國立臺灣海洋大學,海洋文創設計產業學士學位學程,建築與設計學群,藝術與設計學類,0809
022232,022,國立高雄師範大學,視覺設計學系,建築與設計學群,藝術與設計學類,0809
,042,大葉大學,設計學系,建築與設計學群,藝術與設計學類,0809
,042,大葉大學,造形藝術學系,建築與設計學群,藝術與設計學類,0809
065082,065,玄奘大學,藝術與創意設計學系,建築與設計學群,藝術與設計學類,0809
,065,玄奘大學,藝術設計學院學士班,建築與設計學群,藝術與設計學類,0809
045352,045,義守大學,視覺藝術與設計學系,建築與設計學群,藝術與設計學類,0809
035252,035,臺北市立大學,視覺藝術學系,建築與設計學群,藝術與設計學類,0809
015462,015,逢甲大學,澳洲新南威爾斯大學設計雙學士學位學程,建築與設計學群,藝術與設計學類,0809
017542,017,中國文化大學,美術學系,藝術學群,美術學類,0901
100472,100,國立嘉義大學,視覺藝術學系,藝術學群,美術學類,0901
,036,國立屏東大學,視覺藝術學系,藝術學群,美術學類,0901
023292,023,國立彰化師範大學,美術學系,藝術學群,美術學類,0901
031242,031,國立臺中教育大學,美術學系,藝術學群,美術學類,0901
,028,國立臺北藝術大學,美術學系,藝術學群,美術學類,0901
,002,國立臺灣師範大學,美術學系,藝術學群,美術學類,0901
056152,056,國立臺灣藝術大學,書畫藝術學系,藝術學群,美術學類,0901
056142,056,國立臺灣藝術大學,美術學系,藝術學群,美術學類,0901
022222,022,國立高雄師範大學,美術學系,藝術學群,美術學類,0901
009452,009,東海大學,美術學系,藝術學群,美術學類,0901
035252,035,臺北市立大學,視覺藝術學系,藝術學群,美術學類,0901
,044,華梵大學,佛教藝術學系,藝術學群,美術學類,0901
,044,華梵大學,美術與文創學系,藝術學群,美術學類,0901
020702,020,輔仁大學,應用美術學系,藝術學群,美術學類,0901
,051,長榮大學,書畫藝術學系,藝術學群,美術學類,0901
,051,長榮大學,美術學系,藝術學群,美術學類,0901
,017,中國文化大學,音樂學系,藝術學群,音樂學類,0902
,059,南華大學,民族音樂學系,藝術學群,音樂學類,0902
,059,南華大學,音樂跨域設計與藝術管理學士學位學程,藝術學群,音樂學類,0902
027442,027,國立中山大學,音樂學系,藝術學群,音樂學類,0902
,100,國立嘉義大學,音樂學系,藝術學群,音樂學類,0902
,036,國立屏東大學,音樂學系,藝術學群,音樂學類,0902
034502,034,國立東華大學,音樂學系,藝術學群,音樂學類,0902
011552,011,國立清華大學,音樂學系,藝術學群,音樂學類,0902
,031,國立臺中教育大學,音樂學系,藝術學群,音樂學類,0902
,032,國立臺北教育大學,音樂學系,藝術學群,音樂學類,0902
,028,國立臺北藝術大學,傳統音樂學系,藝術學群,音樂學類,0902
,028,國立臺北藝術大學,音樂學系,藝術學群,音樂學類,0902
028012,028,國立臺北藝術大學,音樂與影像跨域學士學位學程,藝術學群,音樂學類,0902
,033,國立臺南大學,音樂學系,藝術學群,音樂學類,0902
,063,國立臺南藝術大學,中國音樂學系,藝術學群,音樂學類,0902
063022,063,國立臺南藝術大學,應用音樂學系,藝術學群,音樂學類,0902
,063,國立臺南藝術大學,音樂學系,藝術學群,音樂學類,0902
,038,國立臺東大學,音樂學系,藝術學群,音樂學類,0902
002532,002,國立臺灣師範大學,音樂學系,藝術學群,音樂學類,0902
,056,國立臺灣藝術大學,中國音樂學系,藝術學群,音樂學類,0902
056052,056,國立臺灣藝術大學,音樂學系,藝術學群,音樂學類,0902
022212,022,國立高雄師範大學,音樂學系,藝術學群,音樂學類,0902
,050,實踐大學,音樂學系,藝術學群,音樂學類,0902
005252,005,東吳大學,音樂學系,藝術學群,音樂學類,0902
,009,東海大學,音樂學系,藝術學群,音樂學類,0902
,079,真理大學,音樂應用學系,藝術學群,音樂學類,0902
035242,035,臺北市立大學,音樂學系,藝術學群,音樂學類,0902
,020,輔仁大學,音樂學系,藝術學群,音樂學類,0902
,017,中國文化大學,中國戲劇學系,藝術學群,表演藝術學類,0903
017502,017,中國文化大學,戲劇學系,藝術學群,表演藝術學類,0903
027032,027,國立中山大學,劇場藝術學系,藝術學群,表演藝術學類,0903
,034,國立東華大學,原住民族樂舞與藝術學士學位學程,藝術學群,表演藝術學類,0903
,028,國立臺北藝術大學,戲劇學系,藝術學群,表演藝術學類,0903
033222,033,國立臺南大學,戲劇創作與應用學系,藝術學群,表演藝術學類,0903
001082,001,國立臺灣大學,戲劇學系,藝術學群,表演藝術學類,0903
002542,002,國立臺灣師範大學,表演藝術學系,藝術學群,表演藝術學類,0903
056042,056,國立臺灣藝術大學,戲劇學系,藝術學群,表演藝術學類,0903
,040,元智大學,藝術與設計學系,藝術學群,藝術與設計學類,0904
,059,南華大學,視覺藝術與設計學系,藝術學群,藝術與設計學類,0904
,059,南華大學,音樂跨域設計與藝術管理學士學位學程,藝術學群,藝術與設計學類,0904
100472,100,國立嘉義大學,視覺藝術學系,藝術學群,藝術與設計學類,0904
,036,國立屏東大學,視覺藝術學系,藝術學群,藝術與設計學類,0904
034512,034,國立東華大學,藝術與設計學系,藝術學群,藝術與設計學類,0904
,011,國立清華大學,藝術學院學士班,藝術學群,藝術與設計學類,0904
,011,國立清華大學,藝術與設計學系,藝術學群,藝術與設計學類,0904
,032,國立臺北教育大學,藝術與造形設計學系,藝術學群,藝術與設計學類,0904
028022,028,國立臺北藝術大學,劇場設計學系,藝術學群,藝術與設計學類,0904
033272,033,國立臺南大學,視覺藝術與設計學系,藝術學群,藝術與設計學類,0904
063032,063,國立臺南藝術大學,材質創作與設計系,藝術學群,藝術與設計學類,0904
038222,038,國立臺東大學,美術產業學系,藝術學群,藝術與設計學類,0904
021272,021,國立臺灣海洋大學,海洋文創設計產業學士學位學程,藝術學群,藝術與設計學類,0904
056162,056,國立臺灣藝術大學,雕塑學系,藝術學群,藝術與設計學類,0904
022232,022,國立高雄師範大學,視覺設計學系,藝術學群,藝術與設計學類,0904
,042,大葉大學,設計學系,藝術學群,藝術與設計學類,0904
,042,大葉大學,造形藝術學系,藝術學群,藝術與設計學類,0904
065082,065,玄奘大學,藝術與創意設計學系,藝術學群,藝術與設計學類,0904
,065,玄奘大學,藝術設計學院學士班,藝術學群,藝術與設計學類,0904
045352,045,義守大學,視覺藝術與設計學系,藝術學群,藝術與設計學類,0904
035252,035,臺北市立大學,視覺藝術學系,藝術學群,藝術與設計學類,0904
015462,015,逢甲大學,澳洲新南威爾斯大學設計雙學士學位學程,藝術學群,藝術與設計學類,0904
110112,110,開南大學,電影與創意媒體學系,藝術學群,藝術與設計學類,0904
047252,047,世新大學,社會心理學系,社會與心理學群,心理學類,1001
008062,008,中原大學,心理學系,社會與心理學群,心理學類,1001
026112,026,中山醫學大學,心理學系,社會與心理學群,心理學類,1001
,134,亞洲大學,心理學系,社會與心理學群,心理學類,1001
130162,130,佛光大學,心理學系,社會與心理學群,心理學類,1001
041112,041,國立中正大學,心理學系,社會與心理學群,心理學類,1001
004452,004,國立成功大學,心理學系,社會與心理學群,心理學類,1001
006402,006,國立政治大學,心理學系,社會與心理學群,心理學類,1001
034362,034,國立東華大學,諮商與臨床心理學系,社會與心理學群,心理學類,1001
001132,001,國立臺灣大學,心理學系,社會與心理學群,心理學類,1001
005142,005,東吳大學,心理學系,社會與心理學群,心理學類,1001
065022,065,玄奘大學,應用心理學系,社會與心理學群,心理學類,1001
,020,輔仁大學,心理學系,社會與心理學群,心理學類,1001
020172,020,輔仁大學,臨床心理學系,社會與心理學群,心理學類,1001
,046,銘傳大學,諮商臨床與工商心理學系,社會與心理學群,心理學類,1001
051252,051,長榮大學,健康心理學系,社會與心理學群,心理學類,1001
007222,007,高雄醫學大學,心理學系,社會與心理學群,心理學類,1001
040112,040,元智大學,人文社會學院英語學士班,社會與心理學群,社會學學類,1002
040092,040,元智大學,社會暨政策科學學系,社會與心理學群,社會學學類,1002
,016,國立中央大學,客家語文暨社會科學學系,社會與心理學群,社會學學類,1002
027312,027,國立中山大學,社會學系,社會與心理學群,社會學學類,1002
036102,036,國立屏東大學,社會發展學系,社會與心理學群,社會學學類,1002
006062,006,國立政治大學,社會學系,社會與心理學群,社會學學類,1002
034372,034,國立東華大學,社會學系,社會與心理學群,社會學學類,1002
011042,011,國立清華大學,人文社會學院學士班,社會與心理學群,社會學學類,1002
099262,099,國立臺北大學,社會學系,社會與心理學群,社會學學類,1002
001222,001,國立臺灣大學,社會學系,社會與心理學群,社會學學類,1002
005052,005,東吳大學,社會學系,社會與心理學群,社會學學類,1002
009302,009,東海大學,社會學系,社會與心理學群,社會學學類,1002
020582,020,輔仁大學,社會學系,社會與心理學群,社會學學類,1002
017222,017,中國文化大學,社會福利學系,社會與心理學群,社會工作學類,1003
026232,026,中山醫學大學,醫學社會暨社會工作學系,社會與心理學群,社會工作學類,1003
,134,亞洲大學,社會工作學系,社會與心理學群,社會工作學類,1003
,130,佛光大學,社會工作學系,社會與心理學群,社會工作學類,1003
,059,南華大學,生死學系,社會與心理學群,社會工作學類,1003
059222,059,南華大學,社會工作學系,社會與心理學群,社會工作學類,1003
041102,041,國立中正大學,社會福利學系,社會與心理學群,社會工作學類,1003
058032,058,國立暨南國際大學,社會政策與社會工作學系,社會與心理學群,社會工作學類,1003
,034,國立東華大學,民族發展與社會工作學系,社會與心理學群,社會工作學類,1003
099282,099,國立臺北大學,社會工作學系,社會與心理學群,社會工作學類,1003
001232,001,國立臺灣大學,社會工作學系,社會與心理學群,社會工作學類,1003
153242,153,國立金門大學,社會工作學系,社會與心理學群,社會工作學類,1003
,050,實踐大學,社會工作學系,社會與心理學群,社會工作學類,1003
108142,108,慈濟大學,社會工作學系,社會與心理學群,社會工作學類,1003
005062,005,東吳大學,社會工作學系,社會與心理學群,社會工作學類,1003
009312,009,東海大學,社會工作學系,社會與心理學群,社會工作學類,1003
065012,065,玄奘大學,社會工作學系,社會與心理學群,社會工作學類,1003
020592,020,輔仁大學,社會工作學系,社會與心理學群,社會工作學類,1003
,051,長榮大學,社會工作學系,社會與心理學群,社會工作學類,1003
018052,018,靜宜大學,社會工作與兒童少年福利學系,社會與心理學群,社會工作學類,1003
007232,007,高雄醫學大學,醫學社會學與社會工作學系,社會與心理學群,社會工作學類,1003
006132,006,國立政治大學,民族學系,社會與心理學群,人類/民族學學類,1004
034442,034,國立東華大學,族群關係與文化學系,社會與心理學群,人類/民族學學類,1004
,034,國立東華大學,民族發展與社會工作學系,社會與心理學群,人類/民族學學類,1004
001052,001,國立臺灣大學,人類學系,社會與心理學群,人類/民族學學類,1004
013322,013,國立陽明交通大學,人文社會學系,社會與心理學群,人類/民族學學類,1004
108152,108,慈濟大學,人類發展與心理學系,社會與心理學群,人類/民族學學類,1004
017282,017,中國文化大學,家庭科學系,社會與心理學群,兒童與家庭學類,1005
,002,國立臺灣師範大學,幼兒與家庭科學學系,社會與心理學群,兒童與家庭學類,1005
,050,實踐大學,家庭研究與兒童發展學系,社會與心理學群,兒童與家庭學類,1005
108132,108,慈濟大學,兒童發展與家庭教育學系,社會與心理學群,兒童與家庭學類,1005
020472,020,輔仁大學,兒童與家庭學系,社會與心理學群,兒童與家庭學類,1005
018052,018,靜宜大學,社會工作與兒童少年福利學系,社會與心理學群,兒童與家庭學類,1005
,130,佛光大學,佛教學系,社會與心理學群,宗教學類,1006
,059,南華大學,生死學系,社會與心理學群,宗教學類,1006
,065,玄奘大學,宗教與文化學系,社會與心理學群,宗教學類,1006
079022,079,真理大學,宗教文化與資訊管理學系,社會與心理學群,宗教學類,1006
020642,020,輔仁大學,天主教研修學士學位學程,社會與心理學群,宗教學類,1006
020612,020,輔仁大學,宗教學系,社會與心理學群,宗教學類,1006
,051,長榮大學,神學系,社會與心理學群,宗教學類,1006
017482,017,中國文化大學,心理輔導學系,社會與心理學群,輔導與諮商學類,1007
100042,100,國立嘉義大學,輔導與諮商學系,社會與心理學群,輔導與諮商學類,1007
036052,036,國立屏東大學,教育心理與輔導學系,社會與心理學群,輔導與諮商學類,1007
,023,國立彰化師範大學,輔導與諮商學系,社會與心理學群,輔導與諮商學類,1007
,058,國立暨南國際大學,諮商心理與人力資源發展學系,社會與心理學群,輔導與諮商學類,1007
011082,011,國立清華大學,教育心理與諮商學系,社會與心理學群,輔導與諮商學類,1007
031092,031,國立臺中教育大學,諮商與應用心理學系,社會與心理學群,輔導與諮商學類,1007
032112,032,國立臺北教育大學,心理與諮商學系,社會與心理學群,輔導與諮商學類,1007
033032,033,國立臺南大學,諮商與輔導學系,社會與心理學群,輔導與諮商學類,1007
002022,002,國立臺灣師範大學,教育心理與輔導學系,社會與心理學群,輔導與諮商學類,1007
035042,035,臺北市立大學,心理與諮商學系,社會與心理學群,輔導與諮商學類,1007
041322,041,國立中正大學,犯罪防治學系,社會與心理學群,犯罪防治學類,1008
,046,銘傳大學,犯罪防治學系,社會與心理學群,犯罪防治學類,1008
017212,017,中國文化大學,勞動暨人力資源學系,社會與心理學群,勞工關係學類,1009
041122,041,國立中正大學,勞工關係學系,社會與心理學群,勞工關係學類,1009
047082,047,世新大學,資訊傳播學系,大眾傳播學群,資訊傳播學類,1101
017452,017,中國文化大學,資訊傳播學系,大眾傳播學群,資訊傳播學類,1101
134252,134,亞洲大學,資訊傳播學系,大眾傳播學群,資訊傳播學類,1101
,040,元智大學,資訊傳播學系,大眾傳播學群,資訊傳播學類,1101
060062,060,國立臺灣體育運動大學,運動資訊與傳播學系,大眾傳播學群,資訊傳播學類,1101
014052,014,淡江大學,資訊傳播學系,大眾傳播學群,資訊傳播學類,1101
079012,079,真理大學,人文與資訊學系,大眾傳播學群,資訊傳播學類,1101
079202,079,真理大學,運動資訊傳播學系,大眾傳播學群,資訊傳播學類,1101
110102,110,開南大學,資訊傳播學系,大眾傳播學群,資訊傳播學類,1101
018372,018,靜宜大學,智慧媒體與創新科技應用學士學位學程,大眾傳播學群,資訊傳播學類,1101
047102,047,世新大學,傳播管理學系,大眾傳播學群,大眾傳播學類,1102
047072,047,世新大學,口語傳播暨社群媒體學系,大眾傳播學群,大眾傳播學類,1102
047052,047,世新大學,圖文傳播學系,大眾傳播學群,大眾傳播學類,1102
017462,017,中國文化大學,大眾傳播學系,大眾傳播學群,大眾傳播學類,1102
,130,佛光大學,傳播學系,大眾傳播學群,大眾傳播學類,1102
,059,南華大學,傳播學系,大眾傳播學群,大眾傳播學類,1102
041142,041,國立中正大學,傳播學系,大眾傳播學群,大眾傳播學類,1102
036272,036,國立屏東大學,科學傳播學系,大眾傳播學群,大眾傳播學類,1102
,006,國立政治大學,傳播學院大一大二不分系,大眾傳播學群,大眾傳播學類,1102
034452,034,國立東華大學,民族語言與傳播學系,大眾傳播學群,大眾傳播學類,1102
151202,151,國立聯合大學,臺灣語文與傳播學系,大眾傳播學群,大眾傳播學類,1102
001462,001,國立臺灣大學,生物產業傳播暨發展學系,大眾傳播學群,大眾傳播學類,1102
002382,002,國立臺灣師範大學,圖文傳播學系,大眾傳播學群,大眾傳播學類,1102
056012,056,國立臺灣藝術大學,圖文傳播藝術學系,大眾傳播學群,大眾傳播學類,1102
013312,013,國立陽明交通大學,傳播與科技學系,大眾傳播學群,大眾傳播學類,1102
108122,108,慈濟大學,傳播學系,大眾傳播學群,大眾傳播學類,1102
014042,014,淡江大學,大眾傳播學系,大眾傳播學群,大眾傳播學類,1102
065042,065,玄奘大學,大眾傳播學系,大眾傳播學群,大眾傳播學類,1102
,045,義守大學,國際傳媒與娛樂管理英語學士學位學程,大眾傳播學群,大眾傳播學類,1102
045242,045,義守大學,大眾傳播學系,大眾傳播學群,大眾傳播學類,1102
,046,銘傳大學,傳播學院全媒體大一不分系,大眾傳播學群,大眾傳播學類,1102
,046,銘傳大學,新媒體暨傳播管理學系,大眾傳播學群,大眾傳播學類,1102
,046,銘傳大學,新聞與大眾傳播學士學位學程,大眾傳播學群,大眾傳播學類,1102
051442,051,長榮大學,大眾傳播學系,大眾傳播學群,大眾傳播學類,1102
018102,018,靜宜大學,大眾傳播學系,大眾傳播學群,大眾傳播學類,1102
,047,世新大學,廣播電視電影學系,大眾傳播學群,廣播電視電影學類,1103
,028,國立臺北藝術大學,電影創作學系,大眾傳播學群,廣播電視電影學類,1103
056022,056,國立臺灣藝術大學,廣播電視學系,大眾傳播學群,廣播電視電影學類,1103
056032,056,國立臺灣藝術大學,電影學系,大眾傳播學群,廣播電視電影學類,1103
045252,045,義守大學,電影與電視學系,大眾傳播學群,廣播電視電影學類,1103
020072,020,輔仁大學,影像傳播學系,大眾傳播學群,廣播電視電影學類,1103
,046,銘傳大學,廣播電視學系,大眾傳播學群,廣播電視電影學類,1103
047012,047,世新大學,新聞學系,大眾傳播學群,新聞學類,1104
017432,017,中國文化大學,新聞學系,大眾傳播學群,新聞學類,1104
020082,020,輔仁大學,新聞傳播學系,大眾傳播學群,新聞學類,1104
,046,銘傳大學,影音新聞暨社群傳播學系,大眾傳播學群,新聞學類,1104
,046,銘傳大學,新聞與大眾傳播學士學位學程,大眾傳播學群,新聞學類,1104
047062,047,世新大學,公共關係暨廣告學系,大眾傳播學群,廣告學類,1105
017442,017,中國文化大學,廣告學系,大眾傳播學群,廣告學類,1105
020092,020,輔仁大學,廣告傳播學系,大眾傳播學群,廣告學類,1105
,046,銘傳大學,廣告暨策略行銷學系,大眾傳播學群,廣告學類,1105
047262,047,世新大學,英語暨傳播應用學系,外語學群,英語文學類,1201
008402,008,中原大學,應用外國語文學系,外語學群,英語文學類,1201
017062,017,中國文化大學,歐美語文學系,外語學群,英語文學類,1201
026202,026,中山醫學大學,應用外國語言學系,外語學群,英語文學類,1201
,130,佛光大學,語文學系,外語學群,英語文學類,1201
040072,040,元智大學,應用外語學系,外語學群,英語文學類,1201
,059,南華大學,外國語文學系,外語學群,英語文學類,1201
016022,016,國立中央大學,英美語文學系,外語學群,英語文學類,1201
027022,027,國立中山大學,外國語文學系,外語學群,英語文學類,1201
041022,041,國立中正大學,外國語文學系,外語學群,英語文學類,1201
003022,003,國立中興大學,外國語文學系,外語學群,英語文學類,1201
,100,國立嘉義大學,外國語言學系,外語學群,英語文學類,1201
150012,150,國立宜蘭大學,外國語文學系,外語學群,英語文學類,1201
036132,036,國立屏東大學,應用英語學系,外語學群,英語文學類,1201
036112,036,國立屏東大學,英語學系,外語學群,英語文學類,1201
023102,023,國立彰化師範大學,英語學系,外語學群,英語文學類,1201
004022,004,國立成功大學,外國語文學系,外語學群,英語文學類,1201
006262,006,國立政治大學,英國語文學系,外語學群,英語文學類,1201
058022,058,國立暨南國際大學,外國語文學系,外語學群,英語文學類,1201
034322,034,國立東華大學,英美語文學系,外語學群,英語文學類,1201
011032,011,國立清華大學,外國語文學系,外語學群,英語文學類,1201
031142,031,國立臺中教育大學,英語學系,外語學群,英語文學類,1201
099322,099,國立臺北大學,應用外語學系,外語學群,英語文學類,1201
033092,033,國立臺南大學,英語學系,外語學群,英語文學類,1201
038092,038,國立臺東大學,英美語文學系,外語學群,英語文學類,1201
001022,001,國立臺灣大學,外國語文學系,外語學群,英語文學類,1201
002192,002,國立臺灣師範大學,英語學系,外語學群,英語文學類,1201
153012,153,國立金門大學,應用英語學系,外語學群,英語文學類,1201
,013,國立陽明交通大學,外國語文學系,外語學群,英語文學類,1201
101012,101,國立高雄大學,西洋語文學系,外語學群,英語文學類,1201
022022,022,國立高雄師範大學,英語學系,外語學群,英語文學類,1201
019072,019,大同大學,應用外語學系,外語學群,英語文學類,1201
,050,實踐大學,應用外語學系,外語學群,英語文學類,1201
,050,實踐大學,應用英語學系,外語學群,英語文學類,1201
,112,康寧大學,應用外語學系,外語學群,英語文學類,1201
108162,108,慈濟大學,外語暨新興科技應用學系,外語學群,英語文學類,1201
005072,005,東吳大學,英文學系,外語學群,英語文學類,1201
009022,009,東海大學,外國語文學系,外語學群,英語文學類,1201
014082,014,淡江大學,英文學系,外語學群,英語文學類,1201
,044,華梵大學,外國語文學系,外語學群,英語文學類,1201
020422,020,輔仁大學,國際溝通與科技創新學士學位學程,外語學群,英語文學類,1201
020362,020,輔仁大學,英國語文學系,外語學群,英語文學類,1201
015242,015,逢甲大學,外國語文學系,外語學群,英語文學類,1201
,046,銘傳大學,應用英語學系,外語學群,英語文學類,1201
,051,長榮大學,翻譯學系,外語學群,英語文學類,1201
110152,110,開南大學,應用英語學系,外語學群,英語文學類,1201
018362,018,靜宜大學,寰宇外語教育學士學位學程,外語學群,英語文學類,1201
018012,018,靜宜大學,英國語文學系,外語學群,英語文學類,1201
017062,017,中國文化大學,歐美語文學系,外語學群,歐語文學類,1202
016032,016,國立中央大學,法國語文學系,外語學群,歐語文學類,1202
,006,國立政治大學,歐洲語文學系,外語學群,歐語文學類,1202
,042,大葉大學,歐洲文化與旅遊學士學位學程,外語學群,歐語文學類,1202
005092,005,東吳大學,德國文化學系,外語學群,歐語文學類,1202
,014,淡江大學,歐洲語文學系,外語學群,歐語文學類,1202
020422,020,輔仁大學,國際溝通與科技創新學士學位學程,外語學群,歐語文學類,1202
020412,020,輔仁大學,德語語文學系,外語學群,歐語文學類,1202
020372,020,輔仁大學,法國語文學系,外語學群,歐語文學類,1202
020402,020,輔仁大學,義大利語文學系,外語學群,歐語文學類,1202
020382,020,輔仁大學,西班牙語文學系,外語學群,歐語文學類,1202
018022,018,靜宜大學,西班牙語文學系,外語學群,歐語文學類,1202
047272,047,世新大學,日本語文學系,外語學群,日語文學類,1203
017042,017,中國文化大學,日本語文學系,外語學群,日語文學類,1203
026202,026,中山醫學大學,應用外國語言學系,外語學群,日語文學類,1203
036142,036,國立屏東大學,應用日語學系,外語學群,日語文學類,1203
006292,006,國立政治大學,日本語文學系,外語學群,日語文學類,1203
001072,001,國立臺灣大學,日本語文學系,外語學群,日語文學類,1203
,101,國立高雄大學,東亞語文學系,外語學群,日語文學類,1203
,042,大葉大學,應用日語學系,外語學群,日語文學類,1203
,050,實踐大學,應用日文學系,外語學群,日語文學類,1203
005082,005,東吳大學,日本語文學系,外語學群,日語文學類,1203
009042,009,東海大學,日本語言文化學系,外語學群,日語文學類,1203
014142,014,淡江大學,日本語文學系,外語學群,日語文學類,1203
065052,065,玄奘大學,應用日語學系,外語學群,日語文學類,1203
079052,079,真理大學,應用日語學系,外語學群,日語文學類,1203
045232,045,義守大學,應用日語學系,外語學群,日語文學類,1203
020422,020,輔仁大學,國際溝通與科技創新學士學位學程,外語學群,日語文學類,1203
020392,020,輔仁大學,日本語文學系,外語學群,日語文學類,1203
,046,銘傳大學,應用日語學系,外語學群,日語文學類,1203
,051,長榮大學,應用日語學系,外語學群,日語文學類,1203
110132,110,開南大學,應用日語學系,外語學群,日語文學類,1203
018032,018,靜宜大學,日本語文學系,外語學群,日語文學類,1203
017052,017,中國文化大學,韓國語文學系,外語學群,東方語文學類,1204
006312,006,國立政治大學,土耳其語文學系,外語學群,東方語文學類,1204
006282,006,國立政治大學,斯拉夫語文學系,外語學群,東方語文學類,1204
,006,國立政治大學,東南亞語文學系,外語學群,東方語文學類,1204
006272,006,國立政治大學,阿拉伯語文學系,外語學群,東方語文學類,1204
006302,006,國立政治大學,韓國語文學系,外語學群,東方語文學類,1204
,101,國立高雄大學,東亞語文學系,外語學群,東方語文學類,1204
,108,慈濟大學,東方語文學系,外語學群,東方語文學類,1204
,100,國立嘉義大學,外國語言學系,外語學群,英語教育學類,1205
018362,018,靜宜大學,寰宇外語教育學士學位學程,外語學群,英語教育學類,1205
001062,001,國立臺灣大學,圖書資訊學系,文史哲學群,圖書資訊學類,1301
014032,014,淡江大學,資訊與圖書館學系,文史哲學群,圖書資訊學類,1301
020102,020,輔仁大學,圖書資訊學系,文史哲學群,圖書資訊學類,1301
,130,佛光大學,佛教學系,文史哲學群,宗教學類,1302
,059,南華大學,生死學系,文史哲學群,宗教學類,1302
,065,玄奘大學,宗教與文化學系,文史哲學群,宗教學類,1302
079022,079,真理大學,宗教文化與資訊管理學系,文史哲學群,宗教學類,1302
020642,020,輔仁大學,天主教研修學士學位學程,文史哲學群,宗教學類,1302
020612,020,輔仁大學,宗教學系,文史哲學群,宗教學類,1302
,051,長榮大學,神學系,文史哲學群,宗教學類,1302
003042,003,國立中興大學,台灣人文創新學士學位學程,文史哲學群,文化與產業學類,1303
036092,036,國立屏東大學,文化創意產業學系,文史哲學群,文化與產業學類,1303
034332,034,國立東華大學,臺灣文化學系,文史哲學群,文化與產業學類,1303
034522,034,國立東華大學,藝術創意產業學系,文史哲學群,文化與產業學類,1303
011132,011,國立清華大學,環境與文化資源學系,文史哲學群,文化與產業學類,1303
151232,151,國立聯合大學,文化創意與數位行銷學系,文史哲學群,文化與產業學類,1303
031082,031,國立臺中教育大學,區域與社會發展學系,文史哲學群,文化與產業學類,1303
031212,031,國立臺中教育大學,文化創意產業設計與營運學系,文史哲學群,文化與產業學類,1303
032192,032,國立臺北教育大學,文化創意產業經營學系,文史哲學群,文化與產業學類,1303
020042,020,輔仁大學,人文與社區創新學士學位學程,文史哲學群,文化與產業學類,1303
,051,長榮大學,東南亞文化與產業學士學位學程,文史哲學群,文化與產業學類,1303
017032,017,中國文化大學,中國文學系,文史哲學群,中國語文學類,1304
,130,佛光大學,語文學系,文史哲學群,中國語文學類,1304
040082,040,元智大學,中國語文學系,文史哲學群,中國語文學類,1304
059182,059,南華大學,文學系,文史哲學群,中國語文學類,1304
016012,016,國立中央大學,中國文學系,文史哲學群,中國語文學類,1304
016042,016,國立中央大學,文學院學士班,文史哲學群,中國語文學類,1304
027012,027,國立中山大學,中國文學系,文史哲學群,中國語文學類,1304
041012,041,國立中正大學,中國文學系,文史哲學群,中國語文學類,1304
003012,003,國立中興大學,中國文學系,文史哲學群,中國語文學類,1304
100082,100,國立嘉義大學,中國文學系,文史哲學群,中國語文學類,1304
036072,036,國立屏東大學,中國語文學系,文史哲學群,中國語文學類,1304
023112,023,國立彰化師範大學,國文學系,文史哲學群,中國語文學類,1304
004012,004,國立成功大學,中國文學系,文史哲學群,中國語文學類,1304
006012,006,國立政治大學,中國文學系,文史哲學群,中國語文學類,1304
058012,058,國立暨南國際大學,中國語文學系,文史哲學群,中國語文學類,1304
034312,034,國立東華大學,中國語文學系,文史哲學群,中國語文學類,1304
034302,034,國立東華大學,華文文學與創作學系,文史哲學群,中國語文學類,1304
,011,國立清華大學,中國文學系,文史哲學群,中國語文學類,1304
151212,151,國立聯合大學,華語文學系,文史哲學群,中國語文學類,1304
099302,099,國立臺北大學,中國文學系,文史哲學群,中國語文學類,1304
,032,國立臺北教育大學,語文與創作學系,文史哲學群,中國語文學類,1304
033082,033,國立臺南大學,國語文學系,文史哲學群,中國語文學類,1304
038102,038,國立臺東大學,華語文學系,文史哲學群,中國語文學類,1304
001012,001,國立臺灣大學,中國文學系,文史哲學群,中國語文學類,1304
002172,002,國立臺灣師範大學,國文學系,文史哲學群,中國語文學類,1304
153172,153,國立金門大學,華語文學系,文史哲學群,中國語文學類,1304
022012,022,國立高雄師範大學,國文學系,文史哲學群,中國語文學類,1304
,050,實踐大學,應用中文學系,文史哲學群,中國語文學類,1304
005012,005,東吳大學,中國文學系,文史哲學群,中國語文學類,1304
009012,009,東海大學,中國文學系,文史哲學群,中國語文學類,1304
014012,014,淡江大學,中國文學學系,文史哲學群,中國語文學類,1304
035062,035,臺北市立大學,中國語文學系,文史哲學群,中國語文學類,1304
,044,華梵大學,中國文學系,文史哲學群,中國語文學類,1304
020012,020,輔仁大學,中國文學系,文史哲學群,中國語文學類,1304
015232,015,逢甲大學,中國文學系,文史哲學群,中國語文學類,1304
018042,018,靜宜大學,中國文學系,文史哲學群,中國語文學類,1304
,017,中國文化大學,史學系(115學年度併入哲學與歷史學系),文史哲學群,歷史學類,1305
,017,中國文化大學,哲學與歷史學系,文史哲學群,歷史學類,1305
130132,130,佛光大學,歷史學系,文史哲學群,歷史學類,1305
016042,016,國立中央大學,文學院學士班,文史哲學群,歷史學類,1305
041032,041,國立中正大學,歷史學系,文史哲學群,歷史學類,1305
003032,003,國立中興大學,歷史學系,文史哲學群,歷史學類,1305
004032,004,國立成功大學,歷史學系,文史哲學群,歷史學類,1305
006022,006,國立政治大學,歷史學系,文史哲學群,歷史學類,1305
058052,058,國立暨南國際大學,歷史學系,文史哲學群,歷史學類,1305
034342,034,國立東華大學,歷史學系,文史哲學群,歷史學類,1305
099342,099,國立臺北大學,歷史學系,文史哲學群,歷史學類,1305
063012,063,國立臺南藝術大學,藝術史與文化資產學系,文史哲學群,歷史學類,1305
001032,001,國立臺灣大學,歷史學系,文史哲學群,歷史學類,1305
002202,002,國立臺灣師範大學,歷史學系,文史哲學群,歷史學類,1305
005022,005,東吳大學,歷史學系,文史哲學群,歷史學類,1305
009032,009,東海大學,歷史學系,文史哲學群,歷史學類,1305
014022,014,淡江大學,歷史學系,文史哲學群,歷史學類,1305
020022,020,輔仁大學,歷史學系,文史哲學群,歷史學類,1305
,017,中國文化大學,哲學系(115學年度併入哲學與歷史學系),文史哲學群,哲學學類,1306
,017,中國文化大學,哲學與歷史學系,文史哲學群,哲學學類,1306
016042,016,國立中央大學,文學院學士班,文史哲學群,哲學學類,1306
041042,041,國立中正大學,哲學系,文史哲學群,哲學學類,1306
006032,006,國立政治大學,哲學系,文史哲學群,哲學學類,1306
001042,001,國立臺灣大學,哲學系,文史哲學群,哲學學類,1306
005032,005,東吳大學,哲學系,文史哲學群,哲學學類,1306
009052,009,東海大學,哲學系,文史哲學群,哲學學類,1306
,044,華梵大學,哲學系,文史哲學群,哲學學類,1306
020032,020,輔仁大學,哲學系,文史哲學群,哲學學類,1306
004042,004,國立成功大學,台灣文學系,文史哲學群,臺灣語文學類,1307
151202,151,國立聯合大學,臺灣語文與傳播學系,文史哲學群,臺灣語文學類,1307
,031,國立臺中教育大學,台灣語文學系,文史哲學群,臺灣語文學類,1307
032212,032,國立臺北教育大學,台灣語言與文化學系,文史哲學群,臺灣語文學類,1307
002232,002,國立臺灣師範大學,臺灣語文學系,文史哲學群,臺灣語文學類,1307
018062,018,靜宜大學,台灣文學系,文史哲學群,臺灣語文學類,1307
100092,100,國立嘉義大學,應用歷史學系,文史哲學群,史地學類,1308
032132,032,國立臺北教育大學,社會與區域發展學系,文史哲學群,史地學類,1308
033072,033,國立臺南大學,文化與自然資源學系,文史哲學群,史地學類,1308
035092,035,臺北市立大學,歷史與地理學系,文史哲學群,史地學類,1308
008412,008,中原大學,應用華語文學系,文史哲學群,華語文教育學類,1309
151212,151,國立聯合大學,華語文學系,文史哲學群,華語文教育學類,1309
,032,國立臺北教育大學,語文與創作學系,文史哲學群,華語文教育學類,1309
038102,038,國立臺東大學,華語文學系,文史哲學群,華語文教育學類,1309
,002,國立臺灣師範大學,華語文教學系,文史哲學群,華語文教育學類,1309
153172,153,國立金門大學,華語文學系,文史哲學群,華語文教育學類,1309
100072,100,國立嘉義大學,數位學習設計與管理學系,教育學群,數位學習學類,1401
011052,011,國立清華大學,教育與學習科技學系,教育學群,數位學習學類,1401
033122,033,國立臺南大學,數位學習科技學系,教育學群,數位學習學類,1401
002132,002,國立臺灣師範大學,學習科學學士學位學程,教育學群,數位學習學類,1401
014062,014,淡江大學,教育科技學系,教育學群,數位學習學類,1401
035052,035,臺北市立大學,學習與媒材設計學系,教育學群,數位學習學類,1401
,023,國立彰化師範大學,電機與機械科技學系,教育學群,科技教育學類,1402
,002,國立臺灣師範大學,工業教育學系,教育學群,科技教育學類,1402
002372,002,國立臺灣師範大學,科技應用與人力資源發展學系,教育學群,科技教育學類,1402
,022,國立高雄師範大學,工業科技教育學系,教育學群,科技教育學類,1402
031152,031,國立臺中教育大學,數學教育學系,教育學群,數學資訊教育學類,1403
,032,國立臺北教育大學,數學暨資訊教育學系,教育學群,數學資訊教育學類,1403
100042,100,國立嘉義大學,輔導與諮商學系,教育學群,輔導與諮商學類,1404
036052,036,國立屏東大學,教育心理與輔導學系,教育學群,輔導與諮商學類,1404
,023,國立彰化師範大學,輔導與諮商學系,教育學群,輔導與諮商學類,1404
,058,國立暨南國際大學,諮商心理與人力資源發展學系,教育學群,輔導與諮商學類,1404
011082,011,國立清華大學,教育心理與諮商學系,教育學群,輔導與諮商學類,1404
031092,031,國立臺中教育大學,諮商與應用心理學系,教育學群,輔導與諮商學類,1404
032112,032,國立臺北教育大學,心理與諮商學系,教育學群,輔導與諮商學類,1404
033032,033,國立臺南大學,諮商與輔導學系,教育學群,輔導與諮商學類,1404
002022,002,國立臺灣師範大學,教育心理與輔導學系,教育學群,輔導與諮商學類,1404
035042,035,臺北市立大學,心理與諮商學系,教育學群,輔導與諮商學類,1404
011112,011,國立清華大學,英語教學系,教育學群,英語教育學類,1405
032152,032,國立臺北教育大學,兒童英語教育學系,教育學群,英語教育學類,1405
035072,035,臺北市立大學,英語教學系,教育學群,英語教育學類,1405
018362,018,靜宜大學,寰宇外語教育學士學位學程,教育學群,英語教育學類,1405
008412,008,中原大學,應用華語文學系,教育學群,華語文教育學類,1406
151212,151,國立聯合大學,華語文學系,教育學群,華語文教育學類,1406
031072,031,國立臺中教育大學,語文教育學系,教育學群,華語文教育學類,1406
,032,國立臺北教育大學,語文與創作學系,教育學群,華語文教育學類,1406
038102,038,國立臺東大學,華語文學系,教育學群,華語文教育學類,1406
,002,國立臺灣師範大學,華語文教學系,教育學群,華語文教育學類,1406
153172,153,國立金門大學,華語文學系,教育學群,華語文教育學類,1406
017472,017,中國文化大學,教育與學習科技學系,教育學群,教育學類,1407
100012,100,國立嘉義大學,教育學系,教育學群,教育學類,1407
036012,036,國立屏東大學,教育學系,教育學群,教育學類,1407
006042,006,國立政治大學,教育學系,教育學群,教育學類,1407
058152,058,國立暨南國際大學,國際文教與比較教育學系,教育學群,教育學類,1407
,058,國立暨南國際大學,教育學院學士班,教育學群,教育學類,1407
058162,058,國立暨南國際大學,教育政策與行政學系,教育學群,教育學類,1407
034402,034,國立東華大學,教育與潛能開發學系,教育學群,教育學類,1407
034412,034,國立東華大學,教育行政與管理學系,教育學群,教育學類,1407
011122,011,國立清華大學,竹師教育學院學士班,教育學群,教育學類,1407
031022,031,國立臺中教育大學,教育學系,教育學群,教育學類,1407
032012,032,國立臺北教育大學,教育學系,教育學群,教育學類,1407
032042,032,國立臺北教育大學,教育經營與管理學系,教育學群,教育學類,1407
033012,033,國立臺南大學,教育學系,教育學群,教育學類,1407
038022,038,國立臺東大學,教育學系,教育學群,教育學類,1407
002012,002,國立臺灣師範大學,教育學系,教育學群,教育學類,1407
002152,002,國立臺灣師範大學,教育學院學士班,教育學群,教育學類,1407
022092,022,國立高雄師範大學,教育學系,教育學群,教育學類,1407
035012,035,臺北市立大學,教育學系,教育學群,教育學類,1407
020112,020,輔仁大學,教育領導與科技發展學士學位學程,教育學群,教育學類,1407
008392,008,中原大學,特殊教育學系,教育學群,特殊教育學類,1408
100052,100,國立嘉義大學,特殊教育學系,教育學群,特殊教育學類,1408
036032,036,國立屏東大學,特殊教育學系,教育學群,特殊教育學類,1408
023032,023,國立彰化師範大學,特殊教育學系,教育學群,特殊教育學類,1408
034422,034,國立東華大學,特殊教育學系,教育學群,特殊教育學類,1408
011102,011,國立清華大學,特殊教育學系,教育學群,特殊教育學類,1408
031032,031,國立臺中教育大學,特殊教育學系,教育學群,特殊教育學類,1408
032092,032,國立臺北教育大學,特殊教育學系,教育學群,特殊教育學類,1408
033042,033,國立臺南大學,特殊教育學系,教育學群,特殊教育學類,1408
038042,038,國立臺東大學,特殊教育學系,教育學群,特殊教育學類,1408
002112,002,國立臺灣師範大學,特殊教育學系,教育學群,特殊教育學類,1408
022102,022,國立高雄師範大學,特殊教育學系,教育學群,特殊教育學類,1408
035022,035,臺北市立大學,特殊教育學系,教育學群,特殊教育學類,1408
134342,134,亞洲大學,幼兒教育學系,教育學群,幼兒教育學類,1409
,059,南華大學,幼兒教育學系,教育學群,幼兒教育學類,1409
100062,100,國立嘉義大學,幼兒教育學系,教育學群,幼兒教育學類,1409
036022,036,國立屏東大學,幼兒教育學系,教育學群,幼兒教育學類,1409
034432,034,國立東華大學,幼兒教育學系,教育學群,幼兒教育學類,1409
011072,011,國立清華大學,幼兒教育學系,教育學群,幼兒教育學類,1409
031042,031,國立臺中教育大學,幼兒教育學系,教育學群,幼兒教育學類,1409
032062,032,國立臺北教育大學,幼兒與家庭教育學系,教育學群,幼兒教育學類,1409
033062,033,國立臺南大學,幼兒教育學系,教育學群,幼兒教育學類,1409
038032,038,國立臺東大學,幼兒教育學系,教育學群,幼兒教育學類,1409
,112,康寧大學,嬰幼兒保育學系,教育學群,幼兒教育學類,1409
035032,035,臺北市立大學,幼兒教育學系,教育學群,幼兒教育學類,1409
041312,041,國立中正大學,成人及繼續教育學系,教育學群,成人教育學類,1410
002032,002,國立臺灣師範大學,社會教育學系,教育學群,成人教育學類,1410
,023,國立彰化師範大學,公共事務與公民教育學系,教育學群,社會科教育學類,1411
002082,002,國立臺灣師範大學,公民教育與活動領導學系,教育學群,社會科教育學類,1411
014072,014,淡江大學,教育與未來設計學系,教育學群,社會科教育學類,1411
047282,047,世新大學,法律學系,法政學群,法律學類,1502
017192,017,中國文化大學,法律學系,法政學群,法律學類,1502
016352,016,國立中央大學,法律與政府學系,法政學群,法律學類,1502
,041,國立中正大學,法律學系,法政學群,法律學類,1502
003122,003,國立中興大學,法律學系,法政學群,法律學類,1502
004432,004,國立成功大學,法律學系,法政學群,法律學類,1502
006382,006,國立政治大學,法律學系,法政學群,法律學類,1502
034392,034,國立東華大學,法律學系,法政學群,法律學類,1502
,099,國立臺北大學,法律學系,法政學群,法律學類,1502
,001,國立臺灣大學,法律學系,法政學群,法律學類,1502
021292,021,國立臺灣海洋大學,海洋法政學士學位學程,法政學群,法律學類,1502
153182,153,國立金門大學,海洋與邊境管理學系,法政學群,法律學類,1502
101072,101,國立高雄大學,政治法律學系,法政學群,法律學類,1502
101062,101,國立高雄大學,法律學系,法政學群,法律學類,1502
,050,實踐大學,法律學系,法政學群,法律學類,1502
005152,005,東吳大學,法律學系,法政學群,法律學類,1502
009402,009,東海大學,法律學系,法政學群,法律學類,1502
065032,065,玄奘大學,法律學系,法政學群,法律學類,1502
,079,真理大學,法律學系,法政學群,法律學類,1502
020502,020,輔仁大學,法律學系,法政學群,法律學類,1502
,046,銘傳大學,法律學系,法政學群,法律學類,1502
110122,110,開南大學,法律學系,法政學群,法律學類,1502
018072,018,靜宜大學,法律學系,法政學群,法律學類,1502
113022,113,中信金融管理學院,財經法律學系,法政學群,財經法律學類,1503
,008,中原大學,財經法律學系,法政學群,財經法律學類,1503
134312,134,亞洲大學,財經法律學系,法政學群,財經法律學類,1503
041302,041,國立中正大學,財經法律學系,法政學群,財經法律學類,1503
101082,101,國立高雄大學,財經法律學系,法政學群,財經法律學類,1503
,079,真理大學,法律學系,法政學群,財經法律學類,1503
020512,020,輔仁大學,財經法律學系,法政學群,財經法律學類,1503
,046,銘傳大學,財金法律學系,法政學群,財經法律學類,1503
,017,中國文化大學,政治學系(115學年度併入政治與經濟學系),法政學群,政治學類,1504
017202,017,中國文化大學,政治與經濟學系,法政學群,政治學類,1504
130172,130,佛光大學,公共行政與國際事務學系,法政學群,政治學類,1504
059302,059,南華大學,國際事務與企業學系,法政學群,政治學類,1504
027302,027,國立中山大學,政治經濟學系,法政學群,政治學類,1504
041132,041,國立中正大學,政治學系,法政學群,政治學類,1504
004412,004,國立成功大學,政治學系,法政學群,政治學類,1504
006142,006,國立政治大學,外交學系,法政學群,政治學類,1504
006052,006,國立政治大學,政治學系,法政學群,政治學類,1504
058042,058,國立暨南國際大學,公共行政與政策學系,法政學群,政治學類,1504
058062,058,國立暨南國際大學,東南亞學系,法政學群,政治學類,1504
099172,099,國立臺北大學,公共行政暨政策學系,法政學群,政治學類,1504
,001,國立臺灣大學,政治學系,法政學群,政治學類,1504
002442,002,國立臺灣師範大學,東亞學系,法政學群,政治學類,1504
153162,153,國立金門大學,國際暨大陸事務學系,法政學群,政治學類,1504
101072,101,國立高雄大學,政治法律學系,法政學群,政治學類,1504
005042,005,東吳大學,政治學系,法政學群,政治學類,1504
009282,009,東海大學,政治學系,法政學群,政治學類,1504
014312,014,淡江大學,全球政治經濟學系全英語學士班,法政學群,政治學類,1504
014292,014,淡江大學,外交與國際關係學系全英語學士班,法政學群,政治學類,1504
,046,銘傳大學,國際事務與外交學士學位學程,法政學群,政治學類,1504
,047,世新大學,行政管理學系,法政學群,行政管理學類,1505
017232,017,中國文化大學,行政管理學系,法政學群,行政管理學類,1505
130172,130,佛光大學,公共行政與國際事務學系,法政學群,行政管理學類,1505
,023,國立彰化師範大學,公共事務與公民教育學系,法政學群,行政管理學類,1505
006082,006,國立政治大學,公共行政學系,法政學群,行政管理學類,1505
058042,058,國立暨南國際大學,公共行政與政策學系,法政學群,行政管理學類,1505
034382,034,國立東華大學,公共行政學系,法政學群,行政管理學類,1505
099172,099,國立臺北大學,公共行政暨政策學系,法政學群,行政管理學類,1505
033232,033,國立臺南大學,行政管理學系,法政學群,行政管理學類,1505
038072,038,國立臺東大學,公共與文化事務學系,法政學群,行政管理學類,1505
153182,153,國立金門大學,海洋與邊境管理學系,法政學群,行政管理學類,1505
009292,009,東海大學,行政管理暨政策學系,法政學群,行政管理學類,1505
014272,014,淡江大學,公共行政暨法律學系,法政學群,行政管理學類,1505
035082,035,臺北市立大學,公共事務學系,法政學群,行政管理學類,1505
,046,銘傳大學,公共事務與行政管理學系,法政學群,行政管理學類,1505
017272,017,中國文化大學,土地資源學系,法政學群,地政與土地資產管理學類,1506
036202,036,國立屏東大學,不動產經營學系,法政學群,地政與土地資產管理學類,1506
,006,國立政治大學,地政學系,法政學群,地政與土地資產管理學類,1506
,099,國立臺北大學,不動產與城鄉環境學系,法政學群,地政與土地資產管理學類,1506
015372,015,逢甲大學,土地管理學系,法政學群,地政與土地資產管理學類,1506
,051,長榮大學,土地管理與開發學系,法政學群,地政與土地資產管理學類,1506
,047,世新大學,資訊管理學系,管理學群,資訊管理學類,1601
113052,113,中信金融管理學院,科技金融學系,管理學群,資訊管理學類,1601
,008,中原大學,商學院不分系,管理學群,資訊管理學類,1601
008282,008,中原大學,資訊管理學系,管理學群,資訊管理學類,1601
,017,中國文化大學,資訊管理學系,管理學群,資訊管理學類,1601
,130,佛光大學,資訊應用學系,管理學群,資訊管理學類,1601
040122,040,元智大學,資訊管理學系,管理學群,資訊管理學類,1601
059492,059,南華大學,資訊管理學系,管理學群,資訊管理學類,1601
016192,016,國立中央大學,資訊管理學系,管理學群,資訊管理學類,1601
027242,027,國立中山大學,資訊管理學系,管理學群,資訊管理學類,1601
041262,041,國立中正大學,資訊管理學系,管理學群,資訊管理學類,1601
003072,003,國立中興大學,資訊管理學系,管理學群,資訊管理學類,1601
100152,100,國立嘉義大學,資訊管理學系,管理學群,資訊管理學類,1601
036352,036,國立屏東大學,資訊管理學系,管理學群,資訊管理學類,1601
,023,國立彰化師範大學,資訊管理學系,管理學群,資訊管理學類,1601
004282,004,國立成功大學,工業與資訊管理學系,管理學群,資訊管理學類,1601
006212,006,國立政治大學,資訊管理學系,管理學群,資訊管理學類,1601
058092,058,國立暨南國際大學,資訊管理學系,管理學群,資訊管理學類,1601
,034,國立東華大學,資訊管理學系,管理學群,資訊管理學類,1601
151172,151,國立聯合大學,資訊管理學系,管理學群,資訊管理學類,1601
038132,038,國立臺東大學,資訊管理學系,管理學群,資訊管理學類,1601
001552,001,國立臺灣大學,資訊管理學系,管理學群,資訊管理學類,1601
,013,國立陽明交通大學,資訊管理與財務金融學系,管理學群,資訊管理學類,1601
101122,101,國立高雄大學,資訊管理學系,管理學群,資訊管理學類,1601
019062,019,大同大學,事業與資訊經營學系,管理學群,資訊管理學類,1601
,042,大葉大學,會計與資訊管理學系,管理學群,資訊管理學類,1601
,050,實踐大學,東南亞智慧商務學士學位學程,管理學群,資訊管理學類,1601
,050,實踐大學,資訊科技與管理學系,管理學群,資訊管理學類,1601
,050,實踐大學,資訊管理學系,管理學群,資訊管理學類,1601
108172,108,慈濟大學,資訊科技與管理學系,管理學群,資訊管理學類,1601
,005,東吳大學,資訊管理學系,管理學群,資訊管理學類,1601
009262,009,東海大學,資訊管理學系,管理學群,資訊管理學類,1601
014252,014,淡江大學,資訊管理學系,管理學群,資訊管理學類,1601
,045,義守大學,資訊管理學系,管理學群,資訊管理學類,1601
,044,華梵大學,智慧生活科技學系,管理學群,資訊管理學類,1601
,044,華梵大學,資訊管理學系,管理學群,資訊管理學類,1601
020542,020,輔仁大學,資訊管理學系,管理學群,資訊管理學類,1601
015492,015,逢甲大學,美國加州聖荷西州立大學商學大數據分析雙學士學位學程,管理學群,資訊管理學類,1601
,046,銘傳大學,人工智慧應用暨管理學士學位學程,管理學群,資訊管理學類,1601
,046,銘傳大學,資訊科技應用與管理學士學位學程,管理學群,資訊管理學類,1601
,046,銘傳大學,資訊管理學系,管理學群,資訊管理學類,1601
030272,030,長庚大學,資訊管理學系,管理學群,資訊管理學類,1601
110092,110,開南大學,資訊管理學系,管理學群,資訊管理學類,1601
,018,靜宜大學,資訊管理學系,管理學群,資訊管理學類,1601
020422,020,輔仁大學,國際溝通與科技創新學士學位學程,管理學群,電子商務學類,1602
,008,中原大學,工業與系統工程學系,管理學群,工業工程與管理學類,1603
040222,040,元智大學,工業工程與管理學系,管理學群,工業工程與管理學類,1603
100142,100,國立嘉義大學,科技管理學系,管理學群,工業工程與管理學類,1603
004282,004,國立成功大學,工業與資訊管理學系,管理學群,工業工程與管理學類,1603
011312,011,國立清華大學,工業工程與工程管理學系,管理學群,工業工程與管理學類,1603
011152,011,國立清華大學,科技管理學院學士班,管理學群,工業工程與管理學類,1603
153202,153,國立金門大學,工業工程與管理學系,管理學群,工業工程與管理學類,1603
013282,013,國立陽明交通大學,工業工程與管理學系,管理學群,工業工程與管理學類,1603
,042,大葉大學,工業工程與管理學系,管理學群,工業工程與管理學類,1603
,009,東海大學,工業工程與經營資訊學系,管理學群,工業工程與管理學類,1603
,044,華梵大學,工業工程與經營資訊學系,管理學群,工業工程與管理學類,1603
,015,逢甲大學,工業工程與系統管理學系,管理學群,工業工程與管理學類,1603
,051,長榮大學,創新應用管理學系,管理學群,工業工程與管理學類,1603
,051,長榮大學,科技工程與管理學系,管理學群,工業工程與管理學類,1603
026262,026,中山醫學大學,醫療產業科技管理學系,管理學群,醫務管理學類,1604
,134,亞洲大學,健康產業管理學系,管理學群,醫務管理學類,1604
108182,108,慈濟大學,醫務暨健康管理學系,管理學群,醫務管理學類,1604
045192,045,義守大學,醫務管理學系,管理學群,醫務管理學類,1604
109102,109,臺北醫學大學,醫務管理學系,管理學群,醫務管理學類,1604
,046,銘傳大學,智慧醫療與永續管理學系,管理學群,醫務管理學類,1604
030212,030,長庚大學,醫務管理學系,管理學群,醫務管理學類,1604
051222,051,長榮大學,醫務管理學系,管理學群,醫務管理學類,1604
007152,007,高雄醫學大學,醫務管理暨醫療資訊學系,管理學群,醫務管理學類,1604
,059,南華大學,文化創意事業管理學系(115學年度起併入企業管理學系),管理學群,文化與產業學類,1605
,059,南華大學,音樂跨域設計與藝術管理學士學位學程,管理學群,文化與產業學類,1605
036092,036,國立屏東大學,文化創意產業學系,管理學群,文化與產業學類,1605
034522,034,國立東華大學,藝術創意產業學系,管理學群,文化與產業學類,1605
151232,151,國立聯合大學,文化創意與數位行銷學系,管理學群,文化與產業學類,1605
031082,031,國立臺中教育大學,區域與社會發展學系,管理學群,文化與產業學類,1605
031212,031,國立臺中教育大學,文化創意產業設計與營運學系,管理學群,文化與產業學類,1605
032192,032,國立臺北教育大學,文化創意產業經營學系,管理學群,文化與產業學類,1605
,042,大葉大學,文創產業國際人才學士學位學程,管理學群,文化與產業學類,1605
,051,長榮大學,東南亞文化與產業學士學位學程,管理學群,文化與產業學類,1605
,047,世新大學,行政管理學系,管理學群,行政管理學類,1607
017232,017,中國文化大學,行政管理學系,管理學群,行政管理學類,1607
130172,130,佛光大學,公共行政與國際事務學系,管理學群,行政管理學類,1607
,023,國立彰化師範大學,公共事務與公民教育學系,管理學群,行政管理學類,1607
006082,006,國立政治大學,公共行政學系,管理學群,行政管理學類,1607
058042,058,國立暨南國際大學,公共行政與政策學系,管理學群,行政管理學類,1607
034382,034,國立東華大學,公共行政學系,管理學群,行政管理學類,1607
099172,099,國立臺北大學,公共行政暨政策學系,管理學群,行政管理學類,1607
033232,033,國立臺南大學,行政管理學系,管理學群,行政管理學類,1607
038072,038,國立臺東大學,公共與文化事務學系,管理學群,行政管理學類,1607
153182,153,國立金門大學,海洋與邊境管理學系,管理學群,行政管理學類,1607
009292,009,東海大學,行政管理暨政策學系,管理學群,行政管理學類,1607
014272,014,淡江大學,公共行政暨法律學系,管理學群,行政管理學類,1607
035082,035,臺北市立大學,公共事務學系,管理學群,行政管理學類,1607
,046,銘傳大學,公共事務與行政管理學系,管理學群,行政管理學類,1607
,047,世新大學,企業管理學系,管理學群,企業管理學類,1608
047102,047,世新大學,傳播管理學系,管理學群,企業管理學類,1608
113032,113,中信金融管理學院,企業管理學系,管理學群,企業管理學類,1608
,008,中原大學,中原大學美國天普大學商學管理雙學士學位學程,管理學群,企業管理學類,1608
,008,中原大學,企業管理學系,管理學群,企業管理學類,1608
,008,中原大學,商學院不分系,管理學群,企業管理學類,1608
134272,134,亞洲大學,經營管理學系,管理學群,企業管理學類,1608
,040,元智大學,管理學院學士班,管理學群,企業管理學類,1608
,059,南華大學,企業管理學系,管理學群,企業管理學類,1608
016182,016,國立中央大學,企業管理學系,管理學群,企業管理學類,1608
027232,027,國立中山大學,企業管理學系,管理學群,企業管理學類,1608
041242,041,國立中正大學,企業管理學系,管理學群,企業管理學類,1608
003062,003,國立中興大學,企業管理學系,管理學群,企業管理學類,1608
003432,003,國立中興大學,國際農企業學士學位學程,管理學群,企業管理學類,1608
100122,100,國立嘉義大學,企業管理學系,管理學群,企業管理學類,1608
036172,036,國立屏東大學,企業管理學系,管理學群,企業管理學類,1608
036152,036,國立屏東大學,商業大數據學系,管理學群,企業管理學類,1608
023182,023,國立彰化師範大學,企業管理學系,管理學群,企業管理學類,1608
004322,004,國立成功大學,企業管理學系,管理學群,企業管理學類,1608
006202,006,國立政治大學,企業管理學系,管理學群,企業管理學類,1608
058142,058,國立暨南國際大學,管理學院學士班,管理學群,企業管理學類,1608
,034,國立東華大學,企業管理學系,管理學群,企業管理學類,1608
034262,034,國立東華大學,管理學院管理科學與財金國際學士學位學程,管理學群,企業管理學類,1608
151162,151,國立聯合大學,經營管理學系,管理學群,企業管理學類,1608
099072,099,國立臺北大學,企業管理學系,管理學群,企業管理學類,1608
033242,033,國立臺南大學,經營與管理學系,管理學群,企業管理學類,1608
,001,國立臺灣大學,工商管理學系,管理學群,企業管理學類,1608
002452,002,國立臺灣師範大學,企業管理學系,管理學群,企業管理學類,1608
153042,153,國立金門大學,企業管理學系,管理學群,企業管理學類,1608
013262,013,國立陽明交通大學,管理科學系,管理學群,企業管理學類,1608
,101,國立高雄大學,亞太工商管理學系,管理學群,企業管理學類,1608
022112,022,國立高雄師範大學,事業經營學系,管理學群,企業管理學類,1608
,042,大葉大學,人力資源暨公共關係學系,管理學群,企業管理學類,1608
,042,大葉大學,企業管理學系,管理學群,企業管理學類,1608
,050,實踐大學,企業管理學系,管理學群,企業管理學類,1608
,108,慈濟大學,國際服務產業管理學士學位學程(115學年度起併入經營管理學系),管理學群,企業管理學類,1608
005182,005,東吳大學,企業管理學系,管理學群,企業管理學類,1608
009202,009,東海大學,企業管理學系,管理學群,企業管理學類,1608
014222,014,淡江大學,企業管理學系,管理學群,企業管理學類,1608
014282,014,淡江大學,管理科學學系,管理學群,企業管理學類,1608
079182,079,真理大學,企業管理學系,管理學群,企業管理學類,1608
045162,045,義守大學,企業管理學系,管理學群,企業管理學類,1608
,035,臺北市立大學,行銷與管理學系,管理學群,企業管理學類,1608
020522,020,輔仁大學,企業管理學系,管理學群,企業管理學類,1608
020652,020,輔仁大學,跨領域全英語學士學位學程,管理學群,企業管理學類,1608
015212,015,逢甲大學,企業管理學系,管理學群,企業管理學類,1608
015172,015,逢甲大學,合作經濟暨社會事業經營學系,管理學群,企業管理學類,1608
015442,015,逢甲大學,澳洲墨爾本皇家理工大學商學與創新雙學士學位學程,管理學群,企業管理學類,1608
015452,015,逢甲大學,澳洲昆士蘭大學商學雙學士學位學程,管理學群,企業管理學類,1608
,046,銘傳大學,企業管理學系,管理學群,企業管理學類,1608
030222,030,長庚大學,工商管理學系,管理學群,企業管理學類,1608
,051,長榮大學,企業管理學系,管理學群,企業管理學類,1608
110012,110,開南大學,企業與創業管理學系,管理學群,企業管理學類,1608
018352,018,靜宜大學,寰宇管理學士學位學程,管理學群,企業管理學類,1608
017422,017,中國文化大學,行銷學士學位學程,管理學群,行銷經營學類,1609
003102,003,國立中興大學,行銷學系,管理學群,行銷經營學類,1609
100172,100,國立嘉義大學,行銷與觀光管理學系,管理學群,行銷經營學類,1609
036162,036,國立屏東大學,行銷與流通管理學系,管理學群,行銷經營學類,1609
034292,034,國立東華大學,管理學院數位行銷與服務創新國際學士班,管理學群,行銷經營學類,1609
022112,022,國立高雄師範大學,事業經營學系,管理學群,行銷經營學類,1609
,050,實踐大學,行銷管理學系,管理學群,行銷經營學類,1609
108192,108,慈濟大學,經營管理學系,管理學群,行銷經營學類,1609
,035,臺北市立大學,行銷與管理學系,管理學群,行銷經營學類,1609
015222,015,逢甲大學,行銷學系,管理學群,行銷經營學類,1609
,046,銘傳大學,時尚與創新管理學士學位學程,管理學群,行銷經營學類,1609
,110,開南大學,行銷學系,管理學群,行銷經營學類,1609
018162,018,靜宜大學,行銷與數位經營管理學系,管理學群,行銷經營學類,1609
004292,004,國立成功大學,交通管理科學系,管理學群,運輸物流管理學類,1610
021012,021,國立臺灣海洋大學,商船學系,管理學群,運輸物流管理學類,1610
021082,021,國立臺灣海洋大學,海洋經營管理學士學位學程,管理學群,運輸物流管理學類,1610
021022,021,國立臺灣海洋大學,航運管理學系,管理學群,運輸物流管理學類,1610
,021,國立臺灣海洋大學,運輸科學系,管理學群,運輸物流管理學類,1610
013272,013,國立陽明交通大學,運輸與物流管理學系,管理學群,運輸物流管理學類,1610
014262,014,淡江大學,運輸管理學系,管理學群,運輸物流管理學類,1610
079232,079,真理大學,航空事業學系,管理學群,運輸物流管理學類,1610
015362,015,逢甲大學,運輸與物流學系,管理學群,運輸物流管理學類,1610
051122,051,長榮大學,航運管理學系,管理學群,運輸物流管理學類,1610
,110,開南大學,交通運輸學系,管理學群,運輸物流管理學類,1610
110052,110,開南大學,國際物流與運輸管理學系,管理學群,運輸物流管理學類,1610
110062,110,開南大學,空運管理學系,管理學群,運輸物流管理學類,1610
017272,017,中國文化大學,土地資源學系,管理學群,地政與土地資產管理學類,1611
036202,036,國立屏東大學,不動產經營學系,管理學群,地政與土地資產管理學類,1611
,006,國立政治大學,地政學系,管理學群,地政與土地資產管理學類,1611
,099,國立臺北大學,不動產與城鄉環境學系,管理學群,地政與土地資產管理學類,1611
015372,015,逢甲大學,土地管理學系,管理學群,地政與土地資產管理學類,1611
,051,長榮大學,土地管理與開發學系,管理學群,地政與土地資產管理學類,1611
,047,世新大學,觀光學系,管理學群,觀光事業學類,1612
017362,017,中國文化大學,觀光事業學系,管理學群,觀光事業學類,1612
,059,南華大學,旅遊管理學系,管理學群,觀光事業學類,1612
100172,100,國立嘉義大學,行銷與觀光管理學系,管理學群,觀光事業學類,1612
,058,國立暨南國際大學,觀光休閒與餐旅管理學系,管理學群,觀光事業學類,1612
034252,034,國立東華大學,觀光暨休閒遊憩學系,管理學群,觀光事業學類,1612
151222,151,國立聯合大學,文化觀光產業學系,管理學群,觀光事業學類,1612
021062,021,國立臺灣海洋大學,海洋觀光管理學士學位學程,管理學群,觀光事業學類,1612
153102,153,國立金門大學,觀光管理學系,管理學群,觀光事業學類,1612
042262,042,大葉大學,觀光休閒學系,管理學群,觀光事業學類,1612
,050,實踐大學,觀光管理學系,管理學群,觀光事業學類,1612
014302,014,淡江大學,國際觀光管理學系全英語學士班,管理學群,觀光事業學類,1612
079222,079,真理大學,觀光事業學系,管理學群,觀光事業學類,1612
,045,義守大學,智慧觀光餐旅管理英語學士學位學程,管理學群,觀光事業學類,1612
,045,義守大學,觀光智慧服務與科技學系,管理學群,觀光事業學類,1612
,046,銘傳大學,觀光事業學系,管理學群,觀光事業學類,1612
,051,長榮大學,觀光與餐飲管理學系,管理學群,觀光事業學類,1612
110072,110,開南大學,觀光與餐飲旅館學系,管理學群,觀光事業學類,1612
018192,018,靜宜大學,觀光事業學系,管理學群,觀光事業學類,1612
113062,113,中信金融管理學院,運動產業管理學士學位學程,管理學群,運動管理學類,1613
130182,130,佛光大學,運動與健康促進管理學士學位學程,管理學群,運動管理學類,1613
099152,099,國立臺北大學,休閒運動管理學系,管理學群,運動管理學類,1613
038082,038,國立臺東大學,身心整合與運動休閒產業學系,管理學群,運動管理學類,1613
001652,001,國立臺灣大學,國際體育運動事務學士學位學程,管理學群,運動管理學類,1613
060032,060,國立臺灣體育運動大學,休閒運動學系,管理學群,運動管理學類,1613
060042,060,國立臺灣體育運動大學,運動事業管理學系,管理學群,運動管理學類,1613
153022,153,國立金門大學,運動與休閒學系,管理學群,運動管理學類,1613
039072,039,國立體育大學,體育推廣學系,管理學群,運動管理學類,1613
101022,101,國立高雄大學,運動健康與休閒學系,管理學群,運動管理學類,1613
042492,042,大葉大學,運動健康管理學系,管理學群,運動管理學類,1613
079192,079,真理大學,運動管理學系,管理學群,運動管理學類,1613
035282,035,臺北市立大學,休閒運動管理學系,管理學群,運動管理學類,1613
110082,110,開南大學,休閒與運動管理學系,管理學群,運動管理學類,1613
,130,佛光大學,健康與創意蔬食產業學系,管理學群,餐旅管理學類,1614
,059,南華大學,旅遊管理學系,管理學群,餐旅管理學類,1614
042302,042,大葉大學,烘焙暨飲料調製學士學位學程,管理學群,餐旅管理學類,1614
042282,042,大葉大學,餐旅管理學系,管理學群,餐旅管理學類,1614
,050,實踐大學,智慧服務管理英語學士學位學程,管理學群,餐旅管理學類,1614
,050,實踐大學,餐飲管理學系,管理學群,餐旅管理學類,1614
009342,009,東海大學,餐旅管理學系,管理學群,餐旅管理學類,1614
065062,065,玄奘大學,餐旅管理學系,管理學群,餐旅管理學類,1614
045212,045,義守大學,廚藝暨美食學學系,管理學群,餐旅管理學類,1614
,045,義守大學,智慧觀光餐旅管理英語學士學位學程,管理學群,餐旅管理學類,1614
045202,045,義守大學,餐旅管理學系,管理學群,餐旅管理學類,1614
020462,020,輔仁大學,餐旅管理學系,管理學群,餐旅管理學類,1614
,046,銘傳大學,餐旅管理學系,管理學群,餐旅管理學類,1614
,051,長榮大學,觀光與餐飲管理學系,管理學群,餐旅管理學類,1614
110072,110,開南大學,觀光與餐飲旅館學系,管理學群,餐旅管理學類,1614
150032,150,國立宜蘭大學,休閒產業與健康促進學系,管理學群,休閒管理學類,1615
036192,036,國立屏東大學,休閒事業經營學系,管理學群,休閒管理學類,1615
,058,國立暨南國際大學,觀光休閒與餐旅管理學系,管理學群,休閒管理學類,1615
034252,034,國立東華大學,觀光暨休閒遊憩學系,管理學群,休閒管理學類,1615
099152,099,國立臺北大學,休閒運動管理學系,管理學群,休閒管理學類,1615
038052,038,國立臺東大學,文化資源與休閒產業學系,管理學群,休閒管理學類,1615
038082,038,國立臺東大學,身心整合與運動休閒產業學系,管理學群,休閒管理學類,1615
060032,060,國立臺灣體育運動大學,休閒運動學系,管理學群,休閒管理學類,1615
153022,153,國立金門大學,運動與休閒學系,管理學群,休閒管理學類,1615
039012,039,國立體育大學,休閒產業經營學系,管理學群,休閒管理學類,1615
101022,101,國立高雄大學,運動健康與休閒學系,管理學群,休閒管理學類,1615
,042,大葉大學,婚禮企劃暨節慶管理學士學位學程,管理學群,休閒管理學類,1615
042262,042,大葉大學,觀光休閒學系,管理學群,休閒管理學類,1615
,050,實踐大學,休閒產業管理學系,管理學群,休閒管理學類,1615
,112,康寧大學,休閒管理學系,管理學群,休閒管理學類,1615
035282,035,臺北市立大學,休閒運動管理學系,管理學群,休閒管理學類,1615
,046,銘傳大學,休閒遊憩管理學系,管理學群,休閒管理學類,1615
,051,長榮大學,國際會展管理學士學位學程,管理學群,休閒管理學類,1615
110082,110,開南大學,休閒與運動管理學系,管理學群,休閒管理學類,1615
004302,004,國立成功大學,統計與資料科學學系,財經學群,統計學類,1701
,006,國立政治大學,統計學系,財經學群,統計學類,1701
099132,099,國立臺北大學,統計學系,財經學群,統計學類,1701
,009,東海大學,統計學系,財經學群,統計學類,1701
014242,014,淡江大學,統計與資料科學學系,財經學群,統計學類,1701
020562,020,輔仁大學,統計資訊學系,財經學群,統計學類,1701
,015,逢甲大學,統計學系,財經學群,統計學類,1701
015492,015,逢甲大學,美國加州聖荷西州立大學商學大數據分析雙學士學位學程,財經學群,統計學類,1701
,008,中原大學,商學院不分系,財經學群,會計學類,1702
008272,008,中原大學,會計學系,財經學群,會計學類,1702
017352,017,中國文化大學,會計學系,財經學群,會計學類,1702
134282,134,亞洲大學,會計與資訊學系,財經學群,會計學類,1702
,040,元智大學,管理學院學士班,財經學群,會計學類,1702
041252,041,國立中正大學,會計與資訊科技學系,財經學群,會計學類,1702
003092,003,國立中興大學,會計學系,財經學群,會計學類,1702
036222,036,國立屏東大學,會計學系,財經學群,會計學類,1702
023192,023,國立彰化師範大學,會計學系,財經學群,會計學類,1702
004312,004,國立成功大學,會計學系,財經學群,會計學類,1702
006172,006,國立政治大學,會計學系,財經學群,會計學類,1702
034192,034,國立東華大學,會計學系,財經學群,會計學類,1702
,034,國立東華大學,管理學院會計與資訊管理國際學士班,財經學群,會計學類,1702
099112,099,國立臺北大學,會計學系,財經學群,會計學類,1702
001522,001,國立臺灣大學,會計學系,財經學群,會計學類,1702
,050,實踐大學,會計學系,財經學群,會計學類,1702
,050,實踐大學,會計暨稅務學系,財經學群,會計學類,1702
005172,005,東吳大學,會計學系,財經學群,會計學類,1702
009222,009,東海大學,會計學系,財經學群,會計學類,1702
014212,014,淡江大學,會計學系,財經學群,會計學類,1702
045182,045,義守大學,會計學系,財經學群,會計學類,1702
020532,020,輔仁大學,會計學系,財經學群,會計學類,1702
015132,015,逢甲大學,會計學系,財經學群,會計學類,1702
,046,銘傳大學,會計學系,財經學群,會計學類,1702
,051,長榮大學,會計資訊學系,財經學群,會計學類,1702
,110,開南大學,會計學系,財經學群,會計學類,1702
018182,018,靜宜大學,會計學系,財經學群,會計學類,1702
047152,047,世新大學,財務金融學系,財經學群,財務金融學類,1703
113052,113,中信金融管理學院,科技金融學系,財經學群,財務金融學類,1703
113012,113,中信金融管理學院,財務金融學系,財經學群,財務金融學類,1703
113042,113,中信金融管理學院,金融管理學院學士班,財經學群,財務金融學類,1703
,008,中原大學,商學院不分系,財經學群,財務金融學類,1703
008292,008,中原大學,財務金融學系,財經學群,財務金融學類,1703
,017,中國文化大學,財務金融學系,財經學群,財務金融學類,1703
,134,亞洲大學,財務金融學系,財經學群,財務金融學類,1703
,040,元智大學,管理學院學士班,財經學群,財務金融學類,1703
059012,059,南華大學,財務金融學系,財經學群,財務金融學類,1703
016222,016,國立中央大學,財務金融學系,財經學群,財務金融學類,1703
027252,027,國立中山大學,財務管理學系,財經學群,財務金融學類,1703
041232,041,國立中正大學,財務金融學系,財經學群,財務金融學類,1703
003052,003,國立中興大學,財務金融學系,財經學群,財務金融學類,1703
100192,100,國立嘉義大學,財務金融學系,財經學群,財務金融學類,1703
036182,036,國立屏東大學,財務金融學系,財經學群,財務金融學類,1703
,023,國立彰化師範大學,財務金融技術學系,財經學群,財務金融學類,1703
006222,006,國立政治大學,財務管理學系,財經學群,財務金融學類,1703
006162,006,國立政治大學,金融學系,財經學群,財務金融學類,1703
058112,058,國立暨南國際大學,財務金融學系,財經學群,財務金融學類,1703
034242,034,國立東華大學,財務金融學系,財經學群,財務金融學類,1703
011162,011,國立清華大學,計量財務金融學系,財經學群,財務金融學類,1703
151192,151,國立聯合大學,財務金融學系,財經學群,財務金融學類,1703
099092,099,國立臺北大學,金融與合作經營學系,財經學群,財務金融學類,1703
001532,001,國立臺灣大學,財務金融學系,財經學群,財務金融學類,1703
,013,國立陽明交通大學,資訊管理與財務金融學系,財經學群,財務金融學類,1703
101142,101,國立高雄大學,財務金融學系,財經學群,財務金融學類,1703
,042,大葉大學,財務金融學系,財經學群,財務金融學類,1703
,050,實踐大學,財務金融學系,財經學群,財務金融學類,1703
,050,實踐大學,金融管理學系,財經學群,財務金融學類,1703
005202,005,東吳大學,財務工程與精算數學系,財經學群,財務金融學類,1703
009232,009,東海大學,財務金融學系,財經學群,財務金融學類,1703
014152,014,淡江大學,財務金融學系,財經學群,財務金融學類,1703
079132,079,真理大學,財務金融學系,財經學群,財務金融學類,1703
,045,義守大學,財務與商業分析英語學士學位學程,財經學群,財務金融學類,1703
045172,045,義守大學,財務金融管理學系,財經學群,財務金融學類,1703
020572,020,輔仁大學,金融與國際企業學系,財經學群,財務金融學類,1703
015452,015,逢甲大學,澳洲昆士蘭大學商學雙學士學位學程,財經學群,財務金融學類,1703
015402,015,逢甲大學,財務工程與精算學士學位學程,財經學群,財務金融學類,1703
015382,015,逢甲大學,財務金融學系,財經學群,財務金融學類,1703
015412,015,逢甲大學,金融學院學士班,財經學群,財務金融學類,1703
,046,銘傳大學,財務金融學系,財經學群,財務金融學類,1703
,046,銘傳大學,金融科技應用學系,財經學群,財務金融學類,1703
,030,長庚大學,數位金融科技學系,財經學群,財務金融學類,1703
,051,長榮大學,國際財務與商務管理學士學位學程,財經學群,財務金融學類,1703
,051,長榮大學,財務金融學系,財經學群,財務金融學類,1703
018112,018,靜宜大學,財務工程學系,財經學群,財務金融學類,1703
018202,018,靜宜大學,財務金融學系,財經學群,財務金融學類,1703
,008,中原大學,商學院不分系,財經學群,國際企業學類,1704
008262,008,中原大學,國際經營與貿易學系,財經學群,國際企業學類,1704
017072,017,中國文化大學,全球商務學士學位學程,財經學群,國際企業學類,1704
017342,017,中國文化大學,國際企業管理學系,財經學群,國際企業學類,1704
017332,017,中國文化大學,國際貿易學系,財經學群,國際企業學類,1704
,040,元智大學,管理學院學士班,財經學群,國際企業學類,1704
059122,059,南華大學,管理學院國際企業學士學位學程,財經學群,國際企業學類,1704
027262,027,國立中山大學,國際經營管理全英語學士學位學程,財經學群,國際企業學類,1704
036212,036,國立屏東大學,國際經營與貿易學系,財經學群,國際企業學類,1704
006152,006,國立政治大學,國際經營與貿易學系,財經學群,國際企業學類,1704
058072,058,國立暨南國際大學,國際企業學系,財經學群,國際企業學類,1704
034232,034,國立東華大學,國際企業學系,財經學群,國際企業學類,1704
031202,031,國立臺中教育大學,國際企業學系,財經學群,國際企業學類,1704
001542,001,國立臺灣大學,國際企業學系,財經學群,國際企業學類,1704
,042,大葉大學,國際企業管理學系,財經學群,國際企業學類,1704
,050,實踐大學,國際企業管理學系,財經學群,國際企業學類,1704
,050,實踐大學,國際企業英語學士學位學程,財經學群,國際企業學類,1704
,050,實踐大學,國際經營與貿易學系,財經學群,國際企業學類,1704
,050,實踐大學,國際貿易學系,財經學群,國際企業學類,1704
005192,005,東吳大學,國際經營與貿易學系,財經學群,國際企業學類,1704
009412,009,東海大學,國際學院國際經營管理學位學程,財經學群,國際企業學類,1704
009212,009,東海大學,國際經營與貿易學系,財經學群,國際企業學類,1704
,014,淡江大學,國際企業學系,財經學群,國際企業學類,1704
079152,079,真理大學,國際經營與貿易學系,財經學群,國際企業學類,1704
,045,義守大學,國際企業經營英語學士學位學程,財經學群,國際企業學類,1704
,045,義守大學,國際商務學系,財經學群,國際企業學類,1704
020572,020,輔仁大學,金融與國際企業學系,財經學群,國際企業學類,1704
015152,015,逢甲大學,國際企業管理全英語學士學位學程,財經學群,國際企業學類,1704
015142,015,逢甲大學,國際經營與貿易學系,財經學群,國際企業學類,1704
015452,015,逢甲大學,澳洲昆士蘭大學商學雙學士學位學程,財經學群,國際企業學類,1704
,046,銘傳大學,國際企業學系,財經學群,國際企業學類,1704
,046,銘傳大學,國際企業與貿易學士學位學程,財經學群,國際企業學類,1704
,051,長榮大學,國際企業學系,財經學群,國際企業學類,1704
110042,110,開南大學,商學院國際榮譽學士學位學程,財經學群,國際企業學類,1704
110032,110,開南大學,國際企業學系,財經學群,國際企業學類,1704
018172,018,靜宜大學,國際企業學系,財經學群,國際企業學類,1704
006072,006,國立政治大學,財政學系,財經學群,財稅學類,1705
099192,099,國立臺北大學,財政學系,財經學群,財稅學類,1705
015162,015,逢甲大學,財稅學系,財經學群,財稅學類,1705
006232,006,國立政治大學,風險管理與保險學系,財經學群,保險學類,1706
,050,實踐大學,風險管理與保險學系,財經學群,保險學類,1706
014192,014,淡江大學,風險管理與保險學系,財經學群,保險學類,1706
,079,真理大學,統計資訊與精算學系,財經學群,保險學類,1706
015392,015,逢甲大學,風險管理與保險學系,財經學群,保險學類,1706
,046,銘傳大學,資訊應用與金融保險學系,財經學群,保險學類,1706
,047,世新大學,經濟學系,財經學群,經濟學類,1707
017202,017,中國文化大學,政治與經濟學系,財經學群,經濟學類,1707
,017,中國文化大學,經濟學系(115學年度併入政治與經濟學系),財經學群,經濟學類,1707
,130,佛光大學,應用經濟學系,財經學群,經濟學類,1707
016212,016,國立中央大學,經濟學系,財經學群,經濟學類,1707
027302,027,國立中山大學,政治經濟學系,財經學群,經濟學類,1707
041222,041,國立中正大學,經濟學系,財經學群,經濟學類,1707
003112,003,國立中興大學,應用經濟學系,財經學群,經濟學類,1707
100132,100,國立嘉義大學,應用經濟學系,財經學群,經濟學類,1707
150022,150,國立宜蘭大學,應用經濟與管理學系,財經學群,經濟學類,1707
004422,004,國立成功大學,經濟學系,財經學群,經濟學類,1707
006122,006,國立政治大學,經濟學系,財經學群,經濟學類,1707
058082,058,國立暨南國際大學,經濟學系,財經學群,經濟學類,1707
034352,034,國立東華大學,經濟學系,財經學群,經濟學類,1707
011142,011,國立清華大學,經濟學系,財經學群,經濟學類,1707
099242,099,國立臺北大學,經濟學系,財經學群,經濟學類,1707
,001,國立臺灣大學,經濟學系,財經學群,經濟學類,1707
001432,001,國立臺灣大學,農業經濟學系,財經學群,經濟學類,1707
101092,101,國立高雄大學,應用經濟學系,財經學群,經濟學類,1707
005162,005,東吳大學,經濟學系,財經學群,經濟學類,1707
009272,009,東海大學,經濟學系,財經學群,經濟學類,1707
014312,014,淡江大學,全球政治經濟學系全英語學士班,財經學群,經濟學類,1707
014202,014,淡江大學,經濟學系,財經學群,經濟學類,1707
079172,079,真理大學,經濟學系,財經學群,經濟學類,1707
020602,020,輔仁大學,經濟學系,財經學群,經濟學類,1707
015452,015,逢甲大學,澳洲昆士蘭大學商學雙學士學位學程,財經學群,經濟學類,1707
015202,015,逢甲大學,經濟學系,財經學群,經濟學類,1707
,046,銘傳大學,金融學系,財經學群,經濟學類,1707
012112,012,中國醫藥大學,運動醫學系,遊憩與運動學群,運動保健學類,1801
130182,130,佛光大學,運動與健康促進管理學士學位學程,遊憩與運動學群,運動保健學類,1801
060052,060,國立臺灣體育運動大學,運動健康科學學系,遊憩與運動學群,運動保健學類,1801
,039,國立體育大學,運動保健學系,遊憩與運動學群,運動保健學類,1801
035292,035,臺北市立大學,運動健康科學系,遊憩與運動學群,運動保健學類,1801
007022,007,高雄醫學大學,運動醫學系,遊憩與運動學群,運動保健學類,1801
,017,中國文化大學,體育學系,遊憩與運動學群,體育學類,1802
,017,中國文化大學,體育運動健康學院不分系學士班,遊憩與運動學群,體育學類,1802
,059,南華大學,運動與健康促進學士學位學程,遊憩與運動學群,體育學類,1802
,041,國立中正大學,運動競技學系,遊憩與運動學群,體育學類,1802
100492,100,國立嘉義大學,體育與健康休閒學系,遊憩與運動學群,體育學類,1802
036402,036,國立屏東大學,體育學系,遊憩與運動學群,體育學類,1802
,023,國立彰化師範大學,運動學系,遊憩與運動學群,體育學類,1802
034532,034,國立東華大學,體育與運動科學系,遊憩與運動學群,體育學類,1802
011502,011,國立清華大學,運動科學系,遊憩與運動學群,體育學類,1802
,031,國立臺中教育大學,體育學系,遊憩與運動學群,體育學類,1802
032352,032,國立臺北教育大學,體育學系,遊憩與運動學群,體育學類,1802
033282,033,國立臺南大學,體育學系,遊憩與運動學群,體育學類,1802
,038,國立臺東大學,競技與運動科學學系,遊憩與運動學群,體育學類,1802
038232,038,國立臺東大學,體育學系,遊憩與運動學群,體育學類,1802
,002,國立臺灣師範大學,運動競技學系,遊憩與運動學群,體育學類,1802
002582,002,國立臺灣師範大學,體育與運動科學系,遊憩與運動學群,體育學類,1802
,060,國立臺灣體育運動大學,技擊運動學系,遊憩與運動學群,體育學類,1802
,060,國立臺灣體育運動大學,球類運動學系,遊憩與運動學群,體育學類,1802
,060,國立臺灣體育運動大學,競技運動學系,遊憩與運動學群,體育學類,1802
,060,國立臺灣體育運動大學,體育學系,遊憩與運動學群,體育學類,1802
,039,國立體育大學,技擊運動技術學系,遊憩與運動學群,體育學類,1802
,039,國立體育大學,球類運動技術學系,遊憩與運動學群,體育學類,1802
039082,039,國立體育大學,適應體育學系,遊憩與運動學群,體育學類,1802
,039,國立體育大學,陸上運動技術學系,遊憩與運動學群,體育學類,1802
039072,039,國立體育大學,體育推廣學系,遊憩與運動學群,體育學類,1802
,101,國立高雄大學,運動競技學系,遊憩與運動學群,體育學類,1802
022242,022,國立高雄師範大學,體育學系,遊憩與運動學群,體育學類,1802
,035,臺北市立大學,技擊運動學系,遊憩與運動學群,體育學類,1802
,035,臺北市立大學,水上運動學系,遊憩與運動學群,體育學類,1802
,035,臺北市立大學,球類運動學系,遊憩與運動學群,體育學類,1802
,035,臺北市立大學,運動藝術學系,遊憩與運動學群,體育學類,1802
,035,臺北市立大學,陸上運動學系,遊憩與運動學群,體育學類,1802
035262,035,臺北市立大學,體育學系,遊憩與運動學群,體育學類,1802
,020,輔仁大學,體育學系,遊憩與運動學群,體育學類,1802
051602,051,長榮大學,運動競技學系,遊憩與運動學群,體育學類,1802
,017,中國文化大學,舞蹈學系,遊憩與運動學群,舞蹈學類,1803
,028,國立臺北藝術大學,舞蹈學系,遊憩與運動學群,舞蹈學類,1803
056212,056,國立臺灣藝術大學,舞蹈學系,遊憩與運動學群,舞蹈學類,1803
,035,臺北市立大學,舞蹈學系,遊憩與運動學群,舞蹈學類,1803
,047,世新大學,觀光學系,遊憩與運動學群,觀光事業學類,1804
017362,017,中國文化大學,觀光事業學系,遊憩與運動學群,觀光事業學類,1804
,059,南華大學,旅遊管理學系,遊憩與運動學群,觀光事業學類,1804
100172,100,國立嘉義大學,行銷與觀光管理學系,遊憩與運動學群,觀光事業學類,1804
,058,國立暨南國際大學,觀光休閒與餐旅管理學系,遊憩與運動學群,觀光事業學類,1804
034252,034,國立東華大學,觀光暨休閒遊憩學系,遊憩與運動學群,觀光事業學類,1804
151222,151,國立聯合大學,文化觀光產業學系,遊憩與運動學群,觀光事業學類,1804
021062,021,國立臺灣海洋大學,海洋觀光管理學士學位學程,遊憩與運動學群,觀光事業學類,1804
153102,153,國立金門大學,觀光管理學系,遊憩與運動學群,觀光事業學類,1804
042262,042,大葉大學,觀光休閒學系,遊憩與運動學群,觀光事業學類,1804
,050,實踐大學,觀光管理學系,遊憩與運動學群,觀光事業學類,1804
014302,014,淡江大學,國際觀光管理學系全英語學士班,遊憩與運動學群,觀光事業學類,1804
079222,079,真理大學,觀光事業學系,遊憩與運動學群,觀光事業學類,1804
,045,義守大學,智慧觀光餐旅管理英語學士學位學程,遊憩與運動學群,觀光事業學類,1804
,045,義守大學,觀光智慧服務與科技學系,遊憩與運動學群,觀光事業學類,1804
,046,銘傳大學,觀光事業學系,遊憩與運動學群,觀光事業學類,1804
,051,長榮大學,觀光與餐飲管理學系,遊憩與運動學群,觀光事業學類,1804
110072,110,開南大學,觀光與餐飲旅館學系,遊憩與運動學群,觀光事業學類,1804
018192,018,靜宜大學,觀光事業學系,遊憩與運動學群,觀光事業學類,1804
113062,113,中信金融管理學院,運動產業管理學士學位學程,遊憩與運動學群,運動管理學類,1805
130182,130,佛光大學,運動與健康促進管理學士學位學程,遊憩與運動學群,運動管理學類,1805
099152,099,國立臺北大學,休閒運動管理學系,遊憩與運動學群,運動管理學類,1805
038082,038,國立臺東大學,身心整合與運動休閒產業學系,遊憩與運動學群,運動管理學類,1805
001652,001,國立臺灣大學,國際體育運動事務學士學位學程,遊憩與運動學群,運動管理學類,1805
060032,060,國立臺灣體育運動大學,休閒運動學系,遊憩與運動學群,運動管理學類,1805
060042,060,國立臺灣體育運動大學,運動事業管理學系,遊憩與運動學群,運動管理學類,1805
153022,153,國立金門大學,運動與休閒學系,遊憩與運動學群,運動管理學類,1805
039072,039,國立體育大學,體育推廣學系,遊憩與運動學群,運動管理學類,1805
101022,101,國立高雄大學,運動健康與休閒學系,遊憩與運動學群,運動管理學類,1805
042492,042,大葉大學,運動健康管理學系,遊憩與運動學群,運動管理學類,1805
079192,079,真理大學,運動管理學系,遊憩與運動學群,運動管理學類,1805
035282,035,臺北市立大學,休閒運動管理學系,遊憩與運動學群,運動管理學類,1805
110082,110,開南大學,休閒與運動管理學系,遊憩與運動學群,運動管理學類,1805
,130,佛光大學,健康與創意蔬食產業學系,遊憩與運動學群,餐旅管理學類,1806
,059,南華大學,旅遊管理學系,遊憩與運動學群,餐旅管理學類,1806
042302,042,大葉大學,烘焙暨飲料調製學士學位學程,遊憩與運動學群,餐旅管理學類,1806
042282,042,大葉大學,餐旅管理學系,遊憩與運動學群,餐旅管理學類,1806
,050,實踐大學,智慧服務管理英語學士學位學程,遊憩與運動學群,餐旅管理學類,1806
,050,實踐大學,餐飲管理學系,遊憩與運動學群,餐旅管理學類,1806
009342,009,東海大學,餐旅管理學系,遊憩與運動學群,餐旅管理學類,1806
065062,065,玄奘大學,餐旅管理學系,遊憩與運動學群,餐旅管理學類,1806
045212,045,義守大學,廚藝暨美食學學系,遊憩與運動學群,餐旅管理學類,1806
,045,義守大學,智慧觀光餐旅管理英語學士學位學程,遊憩與運動學群,餐旅管理學類,1806
045202,045,義守大學,餐旅管理學系,遊憩與運動學群,餐旅管理學類,1806
020462,020,輔仁大學,餐旅管理學系,遊憩與運動學群,餐旅管理學類,1806
,046,銘傳大學,餐旅管理學系,遊憩與運動學群,餐旅管理學類,1806
,051,長榮大學,觀光與餐飲管理學系,遊憩與運動學群,餐旅管理學類,1806
110072,110,開南大學,觀光與餐飲旅館學系,遊憩與運動學群,餐旅管理學類,1806
150032,150,國立宜蘭大學,休閒產業與健康促進學系,遊憩與運動學群,休閒管理學類,1807
036192,036,國立屏東大學,休閒事業經營學系,遊憩與運動學群,休閒管理學類,1807
,058,國立暨南國際大學,觀光休閒與餐旅管理學系,遊憩與運動學群,休閒管理學類,1807
034252,034,國立東華大學,觀光暨休閒遊憩學系,遊憩與運動學群,休閒管理學類,1807
099152,099,國立臺北大學,休閒運動管理學系,遊憩與運動學群,休閒管理學類,1807
038052,038,國立臺東大學,文化資源與休閒產業學系,遊憩與運動學群,休閒管理學類,1807
038082,038,國立臺東大學,身心整合與運動休閒產業學系,遊憩與運動學群,休閒管理學類,1807
060032,060,國立臺灣體育運動大學,休閒運動學系,遊憩與運動學群,休閒管理學類,1807
153022,153,國立金門大學,運動與休閒學系,遊憩與運動學群,休閒管理學類,1807
039012,039,國立體育大學,休閒產業經營學系,遊憩與運動學群,休閒管理學類,1807
101022,101,國立高雄大學,運動健康與休閒學系,遊憩與運動學群,休閒管理學類,1807
,042,大葉大學,婚禮企劃暨節慶管理學士學位學程,遊憩與運動學群,休閒管理學類,1807
042262,042,大葉大學,觀光休閒學系,遊憩與運動學群,休閒管理學類,1807
,050,實踐大學,休閒產業管理學系,遊憩與運動學群,休閒管理學類,1807
,112,康寧大學,休閒管理學系,遊憩與運動學群,休閒管理學類,1807
035282,035,臺北市立大學,休閒運動管理學系,遊憩與運動學群,休閒管理學類,1807
,046,銘傳大學,休閒遊憩管理學系,遊憩與運動學群,休閒管理學類,1807
,051,長榮大學,國際會展管理學士學位學程,遊憩與運動學群,休閒管理學類,1807
110082,110,開南大學,休閒與運動管理學系,遊憩與運動學群,休閒管理學類,1807
027322,027,國立中山大學,人文暨科技跨領域學系,不分系學群,不分系學類,1901
041332,041,國立中正大學,紫荊不分系學士學位學程,不分系學群,不分系學類,1901
004592,004,國立成功大學,全校不分系學士學位學程,不分系學群,不分系學類,1901
006452,006,國立政治大學,創新國際學院學士班,不分系學群,不分系學類,1901
034492,034,國立東華大學,縱谷跨域書院學士學位學程,不分系學群,不分系學類,1901
,011,國立清華大學,清華學院學士班,不分系學群,不分系學類,1901
031012,031,國立臺中教育大學,全校不分系學士學位學程,不分系學群,不分系學類,1901
038012,038,國立臺東大學,全校不分系學士學位學程,不分系學群,不分系學類,1901
013562,013,國立陽明交通大學,學士班大一大二不分系,不分系學群,不分系學類,1901
