dept_id,univ_id,department,學群,學類,category_id
001012,001,中國文學系,文史哲學群,中國語文學類,1304
001022,001,外國語文學系,外語學群,英語文學類,1201
001032,001,歷史學系,文史哲學群,歷史學類,1305
001042,001,哲學系,文史哲學群,哲學學類,1306
001052,001,人類學系,社會與心理學群,人類/民族學學類,1004
001062,001,圖書資訊學系,文史哲學群,圖書資訊學類,1301
001072,001,日本語文學系,外語學群,日語文學類,1203
001082,001,戲劇學系,藝術學群,表演藝術學類,0903
001092,001,數學系,數理化學群,數學學類,0301
001102,001,物理學系,數理化學群,物理學類,0303
001112,001,化學系,數理化學群,化學學類,0302
001122,001,地質科學系,地球與環境學群,地質地球與環境科學學類,0703
001132,001,心理學系,社會與心理學群,心理學類,1001
001142,001,地理環境資源學系,地球與環境學群,地理學類,0704
001152,001,大氣科學系,地球與環境學群,大氣科學學類,0706
001162,001,政治學系政治理論組,法政學群,政治學類,1504
001172,001,政治學系國際關係組,法政學群,政治學類,1504
001182,001,政治學系公共行政組,法政學群,行政管理學類,1505
001192,001,經濟學系A組,財經學群,經濟學類,1707
001202,001,經濟學系B組,財經學群,經濟學類,1707
001212,001,經濟學系C組,財經學群,經濟學類,1707
001222,001,社會學系,社會與心理學群,社會學學類,1002
001232,001,社會工作學系,社會與心理學群,社會工作學類,1003
001242,001,醫學系,醫藥衛生學群,醫學學類,0401
001252,001,醫學系(公費生),醫藥衛生學群,醫學學類,0401
001262,001,牙醫學系,醫藥衛生學群,牙醫學類,0403
001272,001,藥學系,醫藥衛生學群,藥學學類,0409
001282,001,醫學檢驗暨生物技術學系,醫藥衛生學群,醫學檢驗暨生物技術學類,0407
001292,001,護理學系,醫藥衛生學群,護理學類,0406
001302,001,物理治療學系,醫藥衛生學群,物理治療學類,0404
001312,001,職能治療學系,醫藥衛生學群,職能治療學類,0405
001322,001,土木工程學系,工程學群,土木工程學類,0208
001332,001,機械工程學系,工程學群,機械工程學類,0206
001342,001,化學工程學系,工程學群,化學工程學類,0210
001352,001,工程科學及海洋工程學系,工程學群,工程科學學類,0205
001362,001,材料科學與工程學系,工程學群,材料工程學類,0211
001372,001,醫學工程學系,工程學群,生醫/醫學工程學類,0212
001382,001,農藝學系,生物資源學群,農藝學類,0604
001392,001,生物環境系統工程學系,生物資源學群,森林學類,0607
001402,001,農業化學系,生物資源學群,農藝學類,0604
001412,001,森林環境暨資源學系,生物資源學群,森林學類,0607
001422,001,動物科學技術學系,生物資源學群,動物科學學類,0605
001432,001,農業經濟學系,財經學群,經濟學類,1707
001442,001,園藝暨景觀學系,生物資源學群,園藝學類,0606
001452,001,獸醫學系,醫藥衛生學群,獸醫學類,0415
001462,001,生物產業傳播暨發展學系,管理學群,文化與產業學類,1605
001472,001,生物機電工程學系,工程學群,工程科學學類,0205
001482,001,昆蟲學系,生物資源學群,植物保護與昆蟲學類,0602
001492,001,植物病理與微生物學系,生物資源學群,植物保護與昆蟲學類,0602
001502,001,工商管理學系企業管理組,管理學群,企業管理學類,1608
001512,001,工商管理學系科技管理組,管理學群,企業管理學類,1608
001522,001,會計學系,財經學群,會計學類,1702
001532,001,財務金融學系,財經學群,財務金融學類,1703
001542,001,國際企業學系,財經學群,國際企業學類,1704
001552,001,資訊管理學系,管理學群,資訊管理學類,1601
001562,001,公共衛生學系,醫藥衛生學群,公共衛生學類,0402
001572,001,電機工程學系,工程學群,電機工程學類,0201
001582,001,資訊工程學系,資訊學群,資訊工程學類,0101
001592,001,資訊工程學系(APCS組),資訊學群,資訊工程學類,0101
001602,001,法律學系法學組,法政學群,法律學類,1502
001612,001,法律學系司法組,法政學群,法律學類,1502
001622,001,法律學系財經法學組,法政學群,財經法律學類,1503
001632,001,生命科學系,生命科學學群,生命科學學類,0504
001642,001,生化科技學系,生命科學學群,生化學類,0503
001652,001,國際體育運動事務學士學位學程,遊憩與運動學群,體育學類,1802
001662,001,希望組甲組(文社法),不分系學群,不分系學類,1901
001672,001,希望組乙組(地理及生傳),不分系學群,不分系學類,1901
001682,001,希望組丙組(理),不分系學群,不分系學類,1901
001692,001,希望組丁組(生醫),不分系學群,不分系學類,1901
001702,001,希望組戊組(工電資),不分系學群,不分系學類,1901
001712,001,希望組己組(經管),不分系學群,不分系學類,1901
001722,001,希望組庚組(生農),不分系學群,不分系學類,1901
001732,001,希望組辛組(醫牙),不分系學群,不分系學類,1901
002012,002,教育學系,教育學群,教育學類,1407
002022,002,教育心理與輔導學系,教育學群,輔導與諮商學類,1404
002032,002,社會教育學系,教育學群,社會科教育學類,1411
002042,002,社會教育學系(青年儲蓄帳戶組),教育學群,社會科教育學類,1411
002052,002,健康促進與衛生教育學系,醫藥衛生學群,健康照護學類,0412
002062,002,幼兒與家庭科學學系家庭生活與教育組,教育學群,幼兒教育學類,1409
002072,002,幼兒與家庭科學學系幼兒發展與教育組,教育學群,幼兒教育學類,1409
002082,002,公民教育與活動領導學系,教育學群,社會科教育學類,1411
002092,002,公民教育與活動領導學系(公費生A組),教育學群,社會科教育學類,1411
002102,002,公民教育與活動領導學系(公費生B組),教育學群,社會科教育學類,1411
002112,002,特殊教育學系,教育學群,特殊教育學類,1408
002122,002,特殊教育學系(公費生),教育學群,特殊教育學類,1408
002132,002,學習科學學士學位學程,教育學群,教育學類,1407
002142,002,學習科學學士學位學程(青年儲蓄帳戶組),教育學群,教育學類,1407
002152,002,教育學院學士班,教育學群,教育學類,1407
002162,002,教育學院學士班(青年儲蓄帳戶組),教育學群,教育學類,1407
002172,002,國文學系,文史哲學群,中國語文學類,1304
002182,002,國文學系(公費生),文史哲學群,中國語文學類,1304
002192,002,英語學系,外語學群,英語文學類,1201
002202,002,歷史學系,文史哲學群,歷史學類,1305
002212,002,地理學系,地球與環境學群,地理學類,0704
002222,002,地理學系(青年儲蓄帳戶組),地球與環境學群,地理學類,0704
002232,002,臺灣語文學系,文史哲學群,臺灣語文學類,1307
002242,002,數學系,數理化學群,數學學類,0301
002252,002,物理學系,數理化學群,物理學類,0303
002262,002,物理學系國際組,數理化學群,物理學類,0303
002272,002,物理學系(公費生),數理化學群,物理學類,0303
002282,002,化學系,數理化學群,化學學類,0302
002292,002,化學系(公費生),數理化學群,化學學類,0302
002302,002,生命科學系,生命科學學群,生命科學學類,0504
002312,002,生命科學系(青年儲蓄帳戶組),生命科學學群,生命科學學類,0504
002322,002,地球科學系,地球與環境學群,地質地球與環境科學學類,0703
002332,002,資訊工程學系,資訊學群,資訊工程學類,0101
002342,002,資訊工程學系(APCS組),資訊學群,資訊工程學類,0101
002352,002,資訊工程學系(資安組),資訊學群,資訊工程學類,0101
002362,002,營養科學學士學位學程,醫藥衛生學群,食品營養保健學類,0410
002372,002,科技應用與人力資源發展學系,管理學群,工業工程與管理學類,1603
002382,002,圖文傳播學系,大眾傳播學群,大眾傳播學類,1102
002392,002,機電工程學系,工程學群,工程科學學類,0205
002402,002,電機工程學系,工程學群,電機工程學類,0201
002412,002,光電工程學士學位學程,工程學群,光電學類,0202
002422,002,光電工程學士學位學程(青年儲蓄帳戶組),工程學群,光電學類,0202
002432,002,華語文教學系應用華語文學組,文史哲學群,華語文教育學類,1309
002442,002,東亞學系,文史哲學群,史地學類,1308
002452,002,企業管理學系,管理學群,企業管理學類,1608
002462,002,設計學系產品設計組,建築與設計學群,工業設計學類,0805
002472,002,晨光招生(學習科學學士學位學程),不分系學群,不分系學類,1901
002482,002,晨光招生(生命科學系),不分系學群,不分系學類,1901
002492,002,晨光招生(光電工程學士學位學程),不分系學群,不分系學類,1901
002502,002,晨光招生(企業管理學系),不分系學群,不分系學類,1901
002512,002,晨光招生(表演藝術學系),不分系學群,不分系學類,1901
002522,002,體育與運動科學系(青年儲蓄帳戶組),遊憩與運動學群,體育學類,1802
002532,002,音樂學系,藝術學群,音樂學類,0902
002542,002,表演藝術學系,藝術學群,表演藝術學類,0903
002552,002,設計學系視覺設計組,建築與設計學群,商業設計學類,0807
002562,002,美術學系繪畫組,藝術學群,美術學類,0901
002572,002,美術學系水墨畫組,藝術學群,美術學類,0901
002582,002,體育與運動科學系,遊憩與運動學群,體育學類,1802
003012,003,中國文學系,文史哲學群,中國語文學類,1304
003022,003,外國語文學系,外語學群,英語文學類,1201
003032,003,歷史學系,文史哲學群,歷史學類,1305
003042,003,台灣人文創新學士學位學程,文史哲學群,文化與產業學類,1303
003052,003,財務金融學系,財經學群,財務金融學類,1703
003062,003,企業管理學系,管理學群,企業管理學類,1608
003072,003,資訊管理學系,管理學群,資訊管理學類,1601
003082,003,資訊管理學系(APCS組),管理學群,資訊管理學類,1601
003092,003,會計學系,財經學群,會計學類,1702
003102,003,行銷學系,管理學群,行銷經營學類,1609
003112,003,應用經濟學系,財經學群,經濟學類,1707
003122,003,法律學系,法政學群,法律學類,1502
003132,003,化學系,數理化學群,化學學類,0302
003142,003,物理學系一般物理組,數理化學群,物理學類,0303
003152,003,物理學系光電物理組,數理化學群,物理學類,0303
003162,003,應用數學系應用數學組,數理化學群,數學學類,0301
003172,003,應用數學系數據科學與計算組,數理化學群,數學學類,0301
003182,003,應用數學系數據科學與計算組(資安組),數理化學群,數學學類,0301
003192,003,機械工程學系,工程學群,機械工程學類,0206
003202,003,土木工程學系,工程學群,土木工程學類,0208
003212,003,環境工程學系,地球與環境學群,環境工程學類,0702
003222,003,化學工程學系,工程學群,化學工程學類,0210
003232,003,材料科學與工程學系,工程學群,材料工程學類,0211
003242,003,智慧創意工程學士學位學程,工程學群,工程科學學類,0205
003252,003,電機工程學系,工程學群,電機工程學類,0201
003262,003,資訊工程學系,資訊學群,資訊工程學類,0101
003272,003,資訊工程學系(APCS組),資訊學群,資訊工程學類,0101
003282,003,資訊工程學系(資安組),資訊學群,資訊工程學類,0101
003292,003,電機資訊學院學士班,資訊學群,資訊工程學類,0101
003302,003,生物產業機電工程學系,工程學群,工程科學學類,0205
003312,003,水土保持學系,地球與環境學群,綠環境與防災學類,0707
003322,003,食品暨應用生物科技學系,生命科學學群,食品生技學類,0508
003332,003,農藝學系,生物資源學群,農藝學類,0604
003342,003,園藝學系,生物資源學群,園藝學類,0606
003352,003,森林學系林學組,生物資源學群,森林學類,0607
003362,003,森林學系木材科學組,生物資源學群,森林學類,0607
003372,003,植物病理學系,生物資源學群,植物保護與昆蟲學類,0602
003382,003,昆蟲學系,生物資源學群,植物保護與昆蟲學類,0602
003392,003,動物科學系,生物資源學群,動物科學學類,0605
003402,003,土壤環境科學系,地球與環境學群,地質地球與環境科學學類,0703
003412,003,生物科技學士學位學程,生命科學學群,生物科技學類,0505
003422,003,景觀與遊憩學士學位學程,建築與設計學群,景觀與空間設計學類,0804
003432,003,國際農企業學士學位學程,管理學群,國際企業學類,1704
003442,003,生命科學系,生命科學學群,生命科學學類,0504
003452,003,獸醫學系,醫藥衛生學群,獸醫學類,0415
003462,003,興翼招生A組(商學管理),不分系學群,不分系學類,1901
003472,003,興翼招生B組(文史法律),不分系學群,不分系學類,1901
003482,003,興翼招生C組(化學數學),不分系學群,不分系學類,1901
003492,003,興翼招生D組(化材電資暨工程),不分系學群,不分系學類,1901
003502,003,興翼招生E組(生物資源暨農業科技),不分系學群,不分系學類,1901
003512,003,興翼招生F組(生物科技暨獸醫),不分系學群,不分系學類,1901
004012,004,中國文學系,文史哲學群,中國語文學類,1304
004022,004,外國語文學系,外語學群,英語文學類,1201
004032,004,歷史學系,文史哲學群,歷史學類,1305
004042,004,台灣文學系,文史哲學群,臺灣語文學類,1307
004052,004,數學系,數理化學群,數學學類,0301
004062,004,物理學系,數理化學群,物理學類,0303
004072,004,化學系,數理化學群,化學學類,0302
004082,004,地球科學系,地球與環境學群,地質地球與環境科學學類,0703
004092,004,光電科學與工程學系,工程學群,光電學類,0202
004102,004,機械工程學系,工程學群,機械工程學類,0206
004112,004,機械工程學系(普渡雙聯組),工程學群,機械工程學類,0206
004122,004,化學工程學系,工程學群,化學工程學類,0210
004132,004,材料科學及工程學系,工程學群,材料工程學類,0211
004142,004,資源工程學系,工程學群,工程科學學類,0205
004152,004,土木工程學系,工程學群,土木工程學類,0208
004162,004,土木工程學系(普渡雙聯組),工程學群,土木工程學類,0208
004172,004,水利及海洋工程學系,工程學群,水利/海洋工程學類,0209
004182,004,水利及海洋工程學系(普渡雙聯組),工程學群,水利/海洋工程學類,0209
004192,004,工程科學系,工程學群,工程科學學類,0205
004202,004,系統及船舶機電工程學系,工程學群,工程科學學類,0205
004212,004,航空太空工程學系,工程學群,航空工程學類,0207
004222,004,能源工程國際學士學位學程,工程學群,工程科學學類,0205
004232,004,環境工程學系,地球與環境學群,環境工程學類,0702
004242,004,環境工程學系(普渡雙聯組),地球與環境學群,環境工程學類,0702
004252,004,測量及空間資訊學系,地球與環境學群,地質地球與環境科學學類,0703
004262,004,測量及空間資訊學系(普渡雙聯組),地球與環境學群,地質地球與環境科學學類,0703
004272,004,生物醫學工程學系,工程學群,生醫/醫學工程學類,0212
004282,004,工業與資訊管理學系,管理學群,工業工程與管理學類,1603
004292,004,交通管理科學系,管理學群,運輸物流管理學類,1610
004302,004,統計與資料科學學系,財經學群,統計學類,1701
004312,004,會計學系,財經學群,會計學類,1702
004322,004,企業管理學系,管理學群,企業管理學類,1608
004332,004,醫學系,醫藥衛生學群,醫學學類,0401
004342,004,醫學系(公費生),醫藥衛生學群,醫學學類,0401
004352,004,牙醫學系,醫藥衛生學群,牙醫學類,0403
004362,004,醫學檢驗生物技術學系,醫藥衛生學群,醫學檢驗暨生物技術學類,0407
004372,004,護理學系,醫藥衛生學群,護理學類,0406
004382,004,物理治療學系,醫藥衛生學群,物理治療學類,0404
004392,004,職能治療學系,醫藥衛生學群,職能治療學類,0405
004402,004,藥學系,醫藥衛生學群,藥學學類,0409
004412,004,政治學系,法政學群,政治學類,1504
004422,004,經濟學系,財經學群,經濟學類,1707
004432,004,法律學系,法政學群,法律學類,1502
004442,004,法律學系(青年儲蓄帳戶組),法政學群,法律學類,1502
004452,004,心理學系,社會與心理學群,心理學類,1001
004462,004,電機工程學系(甲組),工程學群,電機工程學類,0201
004472,004,電機工程學系(乙組),工程學群,電機工程學類,0201
004482,004,電機工程學系(普渡雙聯組),工程學群,電機工程學類,0201
004492,004,資訊工程學系,資訊學群,資訊工程學類,0101
004502,004,資訊工程學系(智慧系統組),資訊學群,資訊工程學類,0101
004512,004,資訊工程學系(普渡雙聯組),資訊學群,資訊工程學類,0101
004522,004,建築學系,建築與設計學群,建築學類,0802
004532,004,都市計劃學系,建築與設計學群,都市計畫學類,0803
004542,004,工業設計學系,建築與設計學群,工業設計學類,0805
004552,004,生命科學系,生命科學學群,生命科學學類,0504
004562,004,生物科技與產業科學系,生命科學學群,生物科技學類,0505
004572,004,生物科技與產業科學系(青年儲蓄帳戶組),生命科學學群,生物科技學類,0505
004582,004,生物科技與產業科學系(APCS組),生命科學學群,生物科技學類,0505
004592,004,全校不分系學士學位學程,不分系學群,不分系學類,1901
004602,004,全校不分系學士學位學程(運動科學組),不分系學群,不分系學類,1901
004612,004,成星招生甲組(文社),不分系學群,不分系學類,1901
004622,004,成星招生乙組(管理),不分系學群,不分系學類,1901
004632,004,成星招生丙組(理),不分系學群,不分系學類,1901
004642,004,成星招生丁組(工),不分系學群,不分系學類,1901
004652,004,成星招生戊組(生醫),不分系學群,不分系學類,1901
005012,005,中國文學系,文史哲學群,中國語文學類,1304
005022,005,歷史學系,文史哲學群,歷史學類,1305
005032,005,哲學系,文史哲學群,哲學學類,1306
005042,005,政治學系,法政學群,政治學類,1504
005052,005,社會學系,社會與心理學群,社會學學類,1002
005062,005,社會工作學系,社會與心理學群,社會工作學類,1003
005072,005,英文學系,外語學群,英語文學類,1201
005082,005,日本語文學系,外語學群,日語文學類,1203
005092,005,德國文化學系,外語學群,歐語文學類,1202
005102,005,數學系,數理化學群,數學學類,0301
005112,005,物理學系,數理化學群,物理學類,0303
005122,005,化學系,數理化學群,化學學類,0302
005132,005,微生物學系,生命科學學群,生命科學學類,0504
005142,005,心理學系,社會與心理學群,心理學類,1001
005152,005,法律學系,法政學群,法律學類,1502
005162,005,經濟學系,財經學群,經濟學類,1707
005172,005,會計學系,財經學群,會計學類,1702
005182,005,企業管理學系,管理學群,企業管理學類,1608
005192,005,國際經營與貿易學系,財經學群,國際企業學類,1704
005202,005,財務工程與精算數學系,財經學群,財務金融學類,1703
005212,005,資訊管理學系(資訊管理組),管理學群,資訊管理學類,1601
005222,005,資訊管理學系(人工智慧組),管理學群,資訊管理學類,1601
005232,005,資訊管理學系(APCS組),管理學群,資訊管理學類,1601
005242,005,資料科學系,數理化學群,統計學類,0307
005252,005,音樂學系,藝術學群,音樂學類,0902
006012,006,中國文學系,文史哲學群,中國語文學類,1304
006022,006,歷史學系,文史哲學群,歷史學類,1305
006032,006,哲學系,文史哲學群,哲學學類,1306
006042,006,教育學系,教育學群,教育學類,1407
006052,006,政治學系,法政學群,政治學類,1504
006062,006,社會學系,社會與心理學群,社會學學類,1002
006072,006,財政學系,財經學群,財稅學類,1705
006082,006,公共行政學系,法政學群,行政管理學類,1505
006092,006,地政學系土地資源規劃組,法政學群,地政與土地資產管理學類,1506
006102,006,地政學系土地管理組,法政學群,地政與土地資產管理學類,1506
006112,006,地政學系土地測量與資訊組,法政學群,地政與土地資產管理學類,1506
006122,006,經濟學系,財經學群,經濟學類,1707
006132,006,民族學系,社會與心理學群,人類/民族學學類,1004
006142,006,外交學系,法政學群,政治學類,1504
006152,006,國際經營與貿易學系,財經學群,國際企業學類,1704
006162,006,金融學系,財經學群,財務金融學類,1703
006172,006,會計學系,財經學群,會計學類,1702
006182,006,統計學系(甲組),財經學群,統計學類,1701
006192,006,統計學系(乙組),財經學群,統計學類,1701
006202,006,企業管理學系,管理學群,企業管理學類,1608
006212,006,資訊管理學系,管理學群,資訊管理學類,1601
006222,006,財務管理學系,財經學群,財務金融學類,1703
006232,006,風險管理與保險學系,財經學群,保險學類,1706
006242,006,傳播學院大一大二不分系(社會組),大眾傳播學群,大眾傳播學類,1102
006252,006,傳播學院大一大二不分系(自然組),大眾傳播學群,大眾傳播學類,1102
006262,006,英國語文學系,外語學群,英語文學類,1201
006272,006,阿拉伯語文學系,外語學群,東方語文學類,1204
006282,006,斯拉夫語文學系,外語學群,歐語文學類,1202
006292,006,日本語文學系,外語學群,日語文學類,1203
006302,006,韓國語文學系,外語學群,東方語文學類,1204
006312,006,土耳其語文學系,外語學群,東方語文學類,1204
006322,006,歐洲語文學系法文組,外語學群,歐語文學類,1202
006332,006,歐洲語文學系德文組,外語學群,歐語文學類,1202
006342,006,歐洲語文學系西班牙文組,外語學群,歐語文學類,1202
006352,006,東南亞語文學系越文組,外語學群,東方語文學類,1204
006362,006,東南亞語文學系泰文組,外語學群,東方語文學類,1204
006372,006,東南亞語文學系印尼文組,外語學群,東方語文學類,1204
006382,006,法律學系,法政學群,法律學類,1502
006392,006,應用數學系,數理化學群,數學學類,0301
006402,006,心理學系,社會與心理學群,心理學類,1001
006412,006,資訊科學系,資訊學群,資訊工程學類,0101
006422,006,資訊科學系(跨領域組),資訊學群,資訊工程學類,0101
006432,006,資訊科學系(APCS組),資訊學群,資訊工程學類,0101
006442,006,資訊科學系(資安組),資訊學群,資訊工程學類,0101
006452,006,創新國際學院學士班,管理學群,企業管理學類,1608
006462,006,政星招生(甲組),不分系學群,不分系學類,1901
006472,006,政星招生(乙組),不分系學群,不分系學類,1901
007012,007,醫學系,醫藥衛生學群,醫學學類,0401
007022,007,運動醫學系,醫藥衛生學群,運動保健學類,0417
007032,007,呼吸治療學系,醫藥衛生學群,呼吸治療學類,0411
007042,007,牙醫學系,醫藥衛生學群,牙醫學類,0403
007052,007,口腔衛生學系,醫藥衛生學群,健康照護學類,0412
007062,007,口腔衛生學系(英語組),醫藥衛生學群,健康照護學類,0412
007072,007,藥學系,醫藥衛生學群,藥學學類,0409
007082,007,香粧品學系,醫藥衛生學群,化妝品學類,0413
007092,007,護理學系,醫藥衛生學群,護理學類,0406
007102,007,公共衛生學系,醫藥衛生學群,公共衛生學類,0402
007112,007,醫學檢驗生物技術學系,醫藥衛生學群,醫學檢驗暨生物技術學類,0407
007122,007,醫學影像暨放射科學系,醫藥衛生學群,醫學影像暨放射科學學類,0408
007132,007,職能治療學系,醫藥衛生學群,職能治療學類,0405
007142,007,物理治療學系,醫藥衛生學群,物理治療學類,0404
007152,007,醫務管理暨醫療資訊學系,醫藥衛生學群,醫務管理學類,0416
007162,007,醫務管理暨醫療資訊學系(APCS組),醫藥衛生學群,醫務管理學類,0416
007172,007,醫藥暨應用化學系應用化學組,生命科學學群,生化學類,0503
007182,007,醫藥暨應用化學系醫藥化學組,生命科學學群,生化學類,0503
007192,007,生物醫學暨環境生物學系,生命科學學群,生命科學學類,0504
007202,007,生物科技學系,生命科學學群,生物科技學類,0505
007212,007,生命科學院學士班(英語組),生命科學學群,生命科學學類,0504
007222,007,心理學系,社會與心理學群,心理學類,1001
007232,007,醫學社會學與社會工作學系,社會與心理學群,社會工作學類,1003
007242,007,薪火招生(醫學系),不分系學群,不分系學類,1901
007252,007,薪火招生(牙醫學系),不分系學群,不分系學類,1901
007262,007,薪火招生(藥學系),不分系學群,不分系學類,1901
007272,007,薪火招生(運動醫學系),不分系學群,不分系學類,1901
007282,007,薪火招生B組(醫事證照類),不分系學群,不分系學類,1901
007292,007,薪火招生C組(應化、醫化與香粧品學系),不分系學群,不分系學類,1901
007302,007,薪火招生D組(人文社會科學類),不分系學群,不分系學類,1901
007312,007,薪火招生E組(生命科學類),不分系學群,不分系學類,1901
007322,007,薪火招生F組(口衛、公衛與醫管資學系),不分系學群,不分系學類,1901
008012,008,應用數學系,數理化學群,數學學類,0301
008022,008,物理學系物理組,數理化學群,物理學類,0303
008032,008,物理學系光電與材料科學組,數理化學群,物理學類,0303
008042,008,化學系化學組,數理化學群,化學學類,0302
008052,008,化學系材料化學組,數理化學群,化學學類,0302
008062,008,心理學系,社會與心理學群,心理學類,1001
008072,008,生物科技學系,生命科學學群,生物科技學類,0505
008082,008,化學工程學系綠能製程組,工程學群,化學工程學類,0210
008092,008,化學工程學系生化工程組,工程學群,化學工程學類,0210
008102,008,化學工程學系材料工程組,工程學群,化學工程學類,0210
008112,008,土木工程學系,工程學群,土木工程學類,0208
008122,008,機械工程學系,工程學群,機械工程學類,0206
008132,008,生物醫學工程學系,工程學群,生醫/醫學工程學類,0212
008142,008,環境工程學系,地球與環境學群,環境工程學類,0702
008152,008,電機資訊學院學士班,資訊學群,資訊工程學類,0101
008162,008,工業與系統工程學系工程組,管理學群,工業工程與管理學類,1603
008172,008,工業與系統工程學系管理組,管理學群,工業工程與管理學類,1603
008182,008,電子工程學系,工程學群,電子工程學類,0203
008192,008,資訊工程學系,資訊學群,資訊工程學類,0101
008202,008,電機工程學系,工程學群,電機工程學類,0201
008212,008,"美國威大密爾瓦基分校電機與資訊工程雙學士學位學程
(008212)",工程學群,電機工程學類,0201
008222,008,電機資訊學院智慧運算與大數據學士班,資訊學群,資訊工程學類,0101
008232,008,企業管理學系服務業管理組,管理學群,企業管理學類,1608
008242,008,企業管理學系高科技業管理組,管理學群,企業管理學類,1608
008252,008,企業管理學系工商管理組,管理學群,企業管理學類,1608
008262,008,國際經營與貿易學系,財經學群,國際企業學類,1704
008272,008,會計學系,財經學群,會計學類,1702
008282,008,資訊管理學系,管理學群,資訊管理學類,1601
008292,008,財務金融學系,財經學群,財務金融學類,1703
008302,008,"與美國天普大學商學管理雙學士學位學程
(008302)",管理學群,企業管理學類,1608
008312,008,財經法律學系財貿法組,法政學群,財經法律學類,1503
008322,008,財經法律學系科技法組,法政學群,財經法律學類,1503
008332,008,建築學系,建築與設計學群,建築學類,0802
008342,008,室內設計學系,建築與設計學群,工業設計學類,0805
008352,008,商業設計學系商業設計組,建築與設計學群,商業設計學類,0807
008362,008,商業設計學系產品設計組乙類,建築與設計學群,工業設計學類,0805
008372,008,地景建築學系,建築與設計學群,景觀與空間設計學類,0804
008382,008,英國牛津布魯克斯大學建築及都市設計雙學士學位學程,建築與設計學群,建築學類,0802
008392,008,特殊教育學系,教育學群,特殊教育學類,1408
008402,008,應用外國語文學系,外語學群,英語文學類,1201
008412,008,應用華語文學系,文史哲學群,華語文教育學類,1309
008422,008,半導體產業學士學位學程,工程學群,電子工程學類,0203
008432,008,商業設計學系產品設計組甲類,建築與設計學群,工業設計學類,0805
009012,009,中國文學系,文史哲學群,中國語文學類,1304
009022,009,外國語文學系,外語學群,英語文學類,1201
009032,009,歷史學系,文史哲學群,歷史學類,1305
009042,009,日本語言文化學系,外語學群-日語文學類,1203
009052,009,哲學系,文史哲學群-哲學學類,1304
009062,009,應用物理學系,數理化學群-物理學類,0303
009072,009,化學系化學組,數理化學群-化學學類,0302
009082,009,化學系化學生物組,生命科學學群-生化學類,0503
009092,009,生命科學系(生物醫學組),生命科學學群-生命科學學類,0504
009102,009,生命科學系(生態暨生物多樣性組),生命科學學群-生態學類,0507
009112,009,智慧計算暨應用數學系(A組),數理化學群-數學學類,0301
009122,009,智慧計算暨應用數學系(B組),數理化學群-應用數學學類,0301
009132,009,化學工程與材料工程學系,工程學群-化學工程學類,0210
009142,009,工業工程與經營資訊學系(智慧設計與生產組),工程學群-工業工程與管理學類,0214
009152,009,工業工程與經營資訊學系(智慧經營與管理組),工程學群-工業工程與管理學類,0214
009162,009,環境科學與工程學系,地球與環境學群-環境工程學類,0702
009172,009,資訊工程學系,資訊學群-資訊工程學類,0101
009182,009,資訊工程學系(APCS組),資訊學群-資訊工程學類,0101
009192,009,電機工程學系,工程學群-電機工程學類,0201
009202,009,企業管理學系,管理學群-企業管理學類,1608
009212,009,國際經營與貿易學系,財經學群-國際企業學類,1704
009222,009,會計學系,財經學群-會計學類,1702
009232,009,財務金融學系,財經學群-財務金融學類,1703
009242,009,統計學系(巨量資料管理組),數理化學群-統計學類,0307
009252,009,統計學系(決策管理組),數理化學群-統計學類,0307
009262,009,資訊管理學系,資訊學群-資訊管理學類,0107
009272,009,經濟學系,財經學群-經濟學類,1707
009282,009,政治學系,法政學群-政治學類,1504
009292,009,行政管理暨政策學系,法政學群-行政管理學類,1505
009302,009,社會學系,社會與心理學群-社會學學類,1002
009312,009,社會工作學系,社會與心理學群-社會工作學類,1003
009322,009,畜產與生物科技學系,生物資源學群-動物科學學類,0605
009332,009,食品科學系,生物資源學群-食品生技學類,0609
009342,009,餐旅管理學系,遊憩與運動學群-餐旅管理學類,1806
009352,009,高齡健康與運動科學學士學位學程,醫藥衛生學群-健康照護學類,0412
009362,009,建築學系,建築與設計學群-建築學類,0802
009372,009,工業設計學系(A組),建築與設計學群-工業設計學類,0805
009382,009,工業設計學系(B組),建築與設計學群-工業設計學類,0805
009392,009,景觀學系,建築與設計學群-景觀與空間設計學類,0804
009402,009,法律學系,法政學群-法律學類,1501
009412,009,國際學院國際經營管理學位學程,管理學群-國際企業管理學類,1607
009422,009,永續科學與管理學士學位學程,地球與環境學群-綠環境與防災學類,0706
009432,009,音樂學系(演奏唱組),藝術學群-音樂學類,0902
009442,009,音樂學系(音樂治療組),藝術學群-音樂學類,0902
009452,009,美術學系,藝術學群-美術學類,0901
011012,011,中國文學系甲組(一般組),文史哲學群-中國語文學類,1301
011022,011,中國文學系乙組(華語文教學組),文史哲學群-華語文教育學類,1309
011032,011,外國語文學系,外語學群-外語文學類,1201
011042,011,人文社會學院學士班,文史哲學學群-不分系,1999
011052,011,教育與學習科技學系,教育學群-教育學類,1407
011062,011,教育與學習科技學系(公費生),教育學群-教育學類,1407
011072,011,幼兒教育學系,教育學群-幼兒教育學類,1406
011082,011,教育心理與諮商學系,教育學群-輔導與諮商學類,1404
011092,011,教育心理與諮商學系(公費生),教育學群-輔導與諮商學類,1404
011102,011,特殊教育學系,教育學群-特殊教育學類,1408
011112,011,英語教學系,外語學群-英語文學類,1202
011122,011,竹師教育學院學士班,教育學群-教育學類,1407
011132,011,環境與文化資源學系,地球與環境學群-地理學類,0704
011142,011,經濟學系,財經學群-經濟學類,1707
011152,011,科技管理學院學士班,管理學群-管理學類綜合,1600
011162,011,計量財務金融學系,財經學群-財務金融學類,1703
011172,011,數學系甲組(數學組),數理化學群-數學學類,0301
011182,011,數學系乙組(應用數學組),數理化學群-應用數學學類,0301
011192,011,物理學系物理組(甲組一般組),數理化學群-物理學類,0303
011202,011,物理學系物理組(乙組天文物理組),數理化學群-物理學類,0303
011212,011,物理學系光電物理組,工程學群-光電學類,0202
011222,011,化學系,數理化學群-化學學類,0302
011232,011,理學院學士班,不分系學群-不分系學類,1901
011242,011,生醫工程與環境科學系,醫藥衛生學群-生醫/醫學工程學類,0411
011252,011,工程與系統科學系甲組(低碳綠能組),工程學群-工程科學學類,0205
011262,011,工程與系統科學系乙組(智慧奈米系統組),工程學群-工程科學學類,0205
011272,011,原子科學院學士班,不分系學群-不分系學類,1901
011282,011,化學工程學系,工程學群-化學工程學類,0210
011292,011,動力機械工程學系,工程學群-機械工程學類,0206
011302,011,材料科學工程學系,工程學群-材料工程學類,0211
011312,011,工業工程與工程管理學系,工程學群-工業工程與管理學類,0214
011322,011,工學院學士班,不分系學群-不分系學類,1901
011332,011,電機工程學系甲組,工程學群-電機工程學類,0201
011342,011,電機工程學系乙組,工程學群-電機工程學類,0201
011352,011,資訊工程學系甲組(電子資訊組),資訊學群-資訊工程學類,0101
011362,011,資訊工程學系乙組(資訊工程組),資訊學群-資訊工程學類,0101
011372,011,資訊工程學系丙組(人工智慧組),資訊學群-資訊工程學類,0101
011382,011,資訊工程學系(APCS組),資訊學群-資訊工程學類,0101
011392,011,資訊工程學系(資安組),資訊學群-資訊工程學類,0101
011402,011,電機資訊學院學士班,資訊學群-資訊工程學類,0101
011412,011,生命科學系,生命科學學群-生命科學學類,0504
011422,011,醫學科學系,生命科學學群-生命科學學類,0504
011432,011,生命科學暨醫學院學士班,不分系學群-不分系學類,1901
011442,011,清華學院學士班甲組(不分系招生–創新設計),不分系學群-不分系學類,1901
011452,011,清華學院學士班乙組(青年儲蓄帳戶組),不分系學群-不分系學類,1901
011462,011,旭日招生甲組(人文、教育),不分系學群-不分系學類,1901
011472,011,旭日招生乙組(科管),不分系學群-不分系學類,1901
011482,011,旭日招生丙組(理工、原科、生科),不分系學群-不分系學類,1901
011492,011,旭日招生丁組(電資院),不分系學群-不分系學類,1901
011502,011,運動科學系,遊憩與運動學群-運動保健學類,1801
011512,011,運動科學系(公費生),遊憩與運動學群-運動保健學類,1801
011522,011,藝術學院學士班(科技藝術組),藝術學群-藝術與設計學類,0904
011532,011,藝術學院學士班(音樂組),藝術學群-音樂學類,0902
011542,011,藝術學院學士班(創意媒體實踐組),藝術學群-藝術與設計學類,0904
011552,011,音樂學系,藝術學群-音樂學類,0902
011562,011,藝術與設計學系創作組,藝術學群-藝術與設計學類,0904
011572,011,藝術與設計學系設計組,藝術學群-藝術與設計學類,0904
012012,012,牙醫學系,醫藥衛生學群-牙醫學類,0403
012022,012,醫學系,醫藥衛生學群-醫學學類,0401
012032,012,中醫學系甲組,醫藥衛生學群-中醫學類,0402
012042,012,中醫學系乙組,醫藥衛生學群-中醫學類,0402
012052,012,藥學系,醫藥衛生學群-藥學學類,0409
012062,012,護理學系,醫藥衛生學群-護理學類,0406
012072,012,醫學檢驗生物技術學系,醫藥衛生學群-醫技/生物技術學類,0407
012082,012,營養學系,醫藥衛生學群-食品營養保健學類,0410
012092,012,物理治療學系,醫藥衛生學群-物理治療學類,0404
012102,012,生物科技學系,生命科學學群-生物科技學類,0503
012112,012,運動醫學系,遊憩與運動學群-運動保健學類,1801
012122,012,中國藥學暨中藥資源學系,醫藥衛生學群-中醫學類,0402
012132,012,藥用化妝品學系,醫藥衛生學群-化妝品學類,0413
012142,012,生物醫學影像暨放射科學學系,醫藥衛生學群-醫學影像學類,0408
012152,012,公共衛生學院大一不分系,不分系學群-不分系學類,1901
012162,012,生物醫學工程學系,醫藥衛生學群-生醫/醫學工程學類,0411
012172,012,醫療資訊學系,資訊學群-資訊工程學類(醫資方向),0101
013012,013,電機工程學系甲組(電資國際組),工程學群-電機工程學類,0201
013022,013,電機工程學系乙組(電機工程組),工程學群-電機工程學類,0201
013032,013,電機工程學系丙組(醫學電資組),工程學群-電機工程學類,0201
013042,013,光電工程學系甲組(智慧系統組),工程學群-光電學類,0202
013052,013,光電工程學系乙組(半導體光電組),工程學群-光電學類,0202
013062,013,資訊工程學系(甲組),資訊學群-資訊工程學類,0101
013072,013,資訊工程學系(乙組),資訊學群-資訊工程學類,0101
013082,013,資訊工程學系(APCS組),資訊學群-資訊工程學類,0101
013092,013,資訊工程學系(資安組),資訊學群-資訊工程學類,0101
013102,013,半導體工程學系固態電子組,工程學群-電子工程學類,0203
013112,013,半導體工程學系奈米科學組,工程學群-電子工程學類,0203
013122,013,材料科學與工程學系,工程學群-材料工程學類,0211
013132,013,機械工程學系,工程學群-機械工程學類,0206
013142,013,土木工程學系甲組(科技暨基礎建設永續發展組),工程學群-土木工程學類,0207
013152,013,土木工程學系乙組(科技暨基礎建設永續發展國際組),工程學群-土木工程學類,0207
013162,013,理學院科學學士學位學程(乙組),不分系學群-不分系學類,1901
013172,013,理學院科學學士學位學程(丙組),不分系學群-不分系學類,1901
013182,013,電子物理學系光電與奈米科學組,工程學群-光電學類,0202
013192,013,電子物理學系電子物理組,數理化學群-物理學類,0303
013202,013,應用化學系,數理化學群-化學學類,0302
013212,013,應用數學系,數理化學群-應用數學學類,0301
013222,013,生物科技學系(甲組),生命科學學群-生物科技學類,0503
013232,013,生物科技學系(乙組),生命科學學群-生物科技學類,0503
013242,013,資訊管理與財務金融學系資訊管理組,管理學群-資訊管理學類,1602
013252,013,資訊管理與財務金融學系財務金融組,財經學群-財務金融學類,1703
013262,013,管理科學系,管理學群-管理科學學類,1605
013272,013,運輸與物流管理學系,管理學群-運輸物流管理學類,1607
013282,013,工業工程與管理學系,工程學群-工業工程與管理學類,0214
013292,013,外國語文學系甲組(跨域人文組),外語學群-外語文學類,1201
013302,013,外國語文學系乙組(語言科學組),外語學群-外語文學類,1201
013312,013,傳播與科技學系,大眾傳播學群-大眾傳播學類,1102
013322,013,人文社會學系,文史哲學學群-通識人文社會學類,1300
013332,013,屯蒙-電機資訊組,資訊學群-資訊工程學類,0101
013342,013,屯蒙-工程組,工程學群-綜合工程學類,0200
013352,013,屯蒙-理學生物科技組,生命科學學群-生命科學學類,0504
013362,013,屯蒙-管理組,管理學群-綜合管理類,1600
013372,013,屯蒙-人文社會組,文史哲學/社會心理綜合類,1300
013382,013,屯蒙-醫學組,醫藥衛生學群-醫學學類,0401
013392,013,屯蒙-牙醫組,醫藥衛生學群-牙醫學類,0403
013402,013,屯蒙-醫事證照組,醫藥衛生學群-醫技/證照類,0407
013412,013,屯蒙-生醫科學組,生命科學學群-生命科學學類,0504
013422,013,醫學系醫師組,醫藥衛生學群-醫學學類,0401
013432,013,醫學系醫師科學家組,醫藥衛生學群-醫學學類,0401
013442,013,醫學系醫師工程師組,醫藥衛生學群-醫學學類,0401
013452,013,醫學系(公費生),醫藥衛生學群-醫學學類,0401
013462,013,牙醫學系,醫藥衛生學群-牙醫學類,0403
013472,013,醫學生物技術暨檢驗學系(生技及檢驗醫學組),醫藥衛生學群-醫技/生物技術學類,0407
013482,013,醫學生物技術暨檢驗學系(資訊及精準醫學組),醫藥衛生學群-醫技/生物技術學類,0407
013492,013,生物醫學影像暨放射科學系,醫藥衛生學群-醫學影像學類,0408
013502,013,護理學系,醫藥衛生學群-護理學類,0406
013512,013,物理治療暨輔助科技學系,醫藥衛生學群-物理治療學類,0404
013522,013,生命科學系暨基因體科學研究所(生物醫學科學組),生命科學學群-生命科學學類,0504
013532,013,生命科學系暨基因體科學研究所(生醫光電與資訊組),生命科學學群-生命科學學類,0504
013542,013,生物醫學工程學系,醫藥衛生學群-生醫/醫學工程學類,0411
013552,013,藥學系,醫藥衛生學群-藥學學類,0409
013562,013,學士班大一大二不分系,不分系學群-不分系學類,1901
013572,013,中醫學系,醫藥衛生學群-中醫學類,0402
014012,014,中國文學學系,文史哲學群-中國語文學類,1304
014022,014,歷史學系,文史哲學群-歷史學類,1305
014032,014,資訊與圖書館學系,資訊學群-圖書資訊學類,0105
014042,014,大眾傳播學系,大眾傳播學群-大眾傳播學類,1102
014052,014,資訊傳播學系,大眾傳播學群-資訊傳播學類,1101
014062,014,教育科技學系,教育學群-教育學類,1407
014072,014,教育與未來設計學系,教育學群-教育學類,1407
014082,014,英文學系,外語學群-英語文學類,1201
014092,014,英文學系全英語學士班,外語學群-英語文學類,1201
014102,014,歐洲語文學系法文組,外語學群-歐語文學類,1202
014112,014,歐洲語文學系德文組,外語學群-歐語文學類,1202
014122,014,歐洲語文學系西文組,外語學群-歐語文學類,1202
014132,014,歐洲語文學系俄文組,外語學群-歐語文學類,1202
014142,014,日本語文學系,外語學群-日語文學類,1203
014152,014,財務金融學系,財經學群-財務金融學類,1703
014162,014,財務金融學系全球財務管理全英語學士班,財經學群-財務金融學類,1703
014172,014,國際企業學系經貿管理組,財經學群-國際企業學類,1704
014182,014,國際企業學系國際商學全英語組,財經學群-國際企業學類,1704
014192,014,風險管理與保險學系,財經學群-保險學類,1706
014202,014,經濟學系,財經學群-經濟學類,1707
014212,014,會計學系,財經學群-會計學類,1702
014222,014,企業管理學系,管理學群-企業管理學類,1603
014232,014,企業管理學系全英語學士班,管理學群-企業管理學類,1603
014242,014,統計與資料科學學系,財經學群-統計學類,1701
014252,014,資訊管理學系,管理學群-資訊管理學類,1602
014262,014,運輸管理學系,管理學群-運輸物流管理學類,1607
014272,014,公共行政暨法律學系,法政學群-行政管理學類,1505
014282,014,管理科學學系,管理學群-管理科學學類,1605
014292,014,外交與國際關係學系全英語學士班,法政學群-政治學類,1504
014302,014,國際觀光管理學系全英語學士班,遊憩與運動學群-觀光事業學類,1804
014312,014,全球政治經濟學系全英語學士班,法政學群-政治學類,1504
014322,014,應用數學與數據科學學系,數理化學群-數學學類,0301
014332,014,化學學系,數理化學群-化學學類,0302
014342,014,物理學系(量子材料組),數理化學群-物理學類,0303
014352,014,物理學系(天文與基礎物理組),數理化學群-物理學類,0303
014362,014,建築學系,建築與設計學群-建築學類,0802
014372,014,土木工程學系,工程學群-土木工程學類,0207
014382,014,資訊工程學系A組,資訊學群-資訊工程學類,0101
014392,014,資訊工程學系B組,資訊學群-資訊工程學類,0101
014402,014,資訊工程學系全英語學士班,資訊學群-資訊工程學類,0101
014412,014,機械與機電工程學系,工程學群-機械工程學類,0206
014422,014,電機工程學系(電機資訊組),工程學群-電機工程學類,0201
014432,014,電機工程學系(電機通訊組),工程學群-通訊工程學類,0204
014442,014,電機工程學系(電機與系統組),工程學群-電機工程學類,0201
014452,014,化學工程與材料工程學系,工程學群-化學工程學類,0210
014462,014,航空太空工程學系,工程學群-航空工程學類,0208
014472,014,水資源及環境工程學系,工程學群-環境工程學類,0209
014482,014,人工智慧學系,資訊學群-資訊工程學類,0101
014492,014,資訊工程學系(APCS組),資訊學群-資訊工程學類,0101
014502,014,電機工程學系(APCS組),工程學群-電機工程學類,0201
014512,014,人工智慧學系(APCS組),資訊學群-資訊工程學類,0101
014522,014,資訊管理學系(APCS組),管理學群-資訊管理學類,1602
014532,014,教育與未來設計學系(青年儲蓄帳戶組),教育學群-教育學類,1407
014542,014,會計學系(青年儲蓄帳戶組),財經學群-會計學類,1702
014552,014,管理科學學系(青年儲蓄帳戶組),管理學群-管理科學學類,1605
014562,014,建築學系(青年儲蓄帳戶組),建築與設計學群-建築學類,0802
015012,015,中國文學系,文史哲學群-中國語文學類,1304
015022,015,外國語文學系,外語學群-英語文學類,1201
015032,015,歷史與文物研究學系,文史哲學學群-歷史學類,1305
015042,015,教育學院學士班,教育學群-教育學類,1407
015052,015,特殊教育學系,教育學群-特殊教育學類,1402
015062,015,英語教學系,外語學群-英語教育學類,1205
015072,015,國際企業管理學系,財經學群-國際企業學類,1704
015082,015,會計學系,財經學群-會計學類,1702
015092,015,財務金融學系,財經學群-財務金融學類,1703
015102,015,公共事務與管理學系,法政學群-行政管理學類,1505
015112,015,統計學系,財經學群-統計學類,1701
015122,015,應用經濟與社會發展學系,財經學群-經濟學類,1707
015132,015,企業管理學系,管理學群-企業管理學類,1603
015142,015,行銷學系,管理學群-行銷經營學類,1604
015152,015,國際經營與貿易學系,財經學群-國際企業學類,1704
015162,015,運輸科技與物流管理學系,管理學群-運輸物流管理學類,1607
015172,015,休閒遊憩管理學系,遊憩與運動學群-休閒管理學類,1807
015182,015,餐旅管理學系,遊憩與運動學群-餐旅管理學類,1806
015192,015,風險管理與保險學系,財經學群-保險學類,1706
015202,015,觀光與都市計畫學系,遊憩與運動學群-觀光事業學類,1804
015212,015,經營管理學院學士班,管理學群-企業管理學類,1603
015222,015,會展與活動管理學士學位學程,管理學群-企業管理學類,1603
015232,015,資訊工程學系,資訊學群-資訊工程學類,0101
015242,015,資訊管理學系,管理學群-資訊管理學類,1602
015252,015,電子工程學系,工程學群-電子工程學類,0203
015262,015,電機工程學系,工程學群-電機工程學類,0201
015272,015,自動控制工程學系,工程學群-機械工程學類,0206
015282,015,材料與製造工程學系,工程學群-材料工程學類,0211
015292,015,工業工程與系統管理學系,工程學群-工業工程與管理學類,0216
015302,015,航空太空工程學系,工程學群-航空工程學類,0208
015312,015,化學工程系,工程學群-化學工程學類,0210
015322,015,土木工程學系,工程學群-土木工程學類,0207
015332,015,都市計畫系,建築與設計學群-都市計畫學類,0803
015342,015,建築學系,建築與設計學群-建築學類,0802
015352,015,建築專業學院學士班,建築與設計學群-建築學類,0802
015362,015,應用數學系,數理化學群-數學學類,0301
015372,015,光電科學與工程學系,工程學群-光電學類,0202
015382,015,物理學系,數理化學群-物理學類,0303
015392,015,化學系,數理化學群-化學學類,0302
015402,015,職能治療學系,醫藥衛生學群-職能治療學類,0405
015412,015,醫學工程與智慧系統學系,醫藥衛生學群-生醫/醫學工程學類,0412
015422,015,生物醫學工程學系,醫藥衛生學群-生醫/醫學工程學類,0412
015432,015,運動科學系,遊憩與運動學群-運動保健學類,1801
015442,015,醫學影像暨放射科學系,醫藥衛生學群-醫學影像暨放射科學學類,0408
015452,015,醫學檢驗生物技術學系,醫藥衛生學群-醫學檢驗暨生物技術學類,0407
015462,015,食品營養與保健學系,醫藥衛生學群-食品營養保健學類,0410
015472,015,生物科技學系,生命科學學群-生物科技學類,0505
015482,015,環境科學與工程學系,地球與環境學群-環境工程學類,0702
015492,015,水資源與環境工程學士學位學程,工程學群-環境工程學類,0209
015502,015,自然科學學士學位學程,數理化學群-自然科學學類,0304
015512,015,跨領域設計學士學位學士班,建築與設計學群-藝術與設計學類,0809
015522,015,全球企業管理學士學位學程(英語專班),財經學群-國際企業學類,1704
015532,015,大數據分析研究中心學士程,資訊學群-資訊工程學類,0101
016012,016,中國文學系,文史哲學學群-中國語文學類,1304
016022,016,英美語文學系,外語學群-英語文學類,1201
016032,016,法國語文學系,外語學群-歐洲語文與文化學類,1202
016042,016,文學院學士班,文史哲學學群-不分組文學類,1399
016052,016,數學系數學科學組,數理化學群-數學學類,0301
016062,016,數學系計算與資料科學組,資訊學群-資訊工程學類,0101
016072,016,物理學系,數理化學群-物理學類,0303
016082,016,化學學系,數理化學群-化學學類,0302
016092,016,光電科學與工程學系,工程學群-光電工程學類,0202
016102,016,理學院學士班,數理化學群-不分組理科學類,0399
016112,016,土木工程學系,工程學群-土木工程學類,0207
016122,016,機械工程學系先進材料與精密製造組,工程學群-機械工程學類,0206
016132,016,機械工程學系光機電工程組,工程學群-機械工程學類,0206
016142,016,機械工程學系智慧系統與永續能源組,工程學群-機械工程學類,0206
016152,016,機械工程學系前瞻半導體國際組,工程學群-機械工程學類,0206
016162,016,化學工程與材料工程學系,工程學群-化學工程學類,0210
016172,016,工學院學士班,工程學群-不分組工程類,0299
016182,016,企業管理學系,管理學群-企業管理學類,1603
016192,016,資訊管理學系,管理學群-資訊管理學類,1602
016202,016,資訊管理學系(APCS組),管理學群-資訊管理學類,1602
016212,016,經濟學系,財經學群-經濟學類,1707
016222,016,財務金融學系,財經學群-財務金融學類,1703
016232,016,電機工程學系,工程學群-電機工程學類,0201
016242,016,資訊工程學系,資訊學群-資訊工程學類,0101
016252,016,資訊工程學系(APCS組),資訊學群-資訊工程學類,0101
016262,016,資訊工程學系(資安組),資訊學群-資安與網路工程學類,0103
016272,016,通訊工程學系,工程學群-通訊工程學類,0204
016282,016,資訊電機學院學士班,資訊學群-資訊工程學類,0101
016292,016,大氣科學學系,地球與環境學群-大氣科學學類,0701
016302,016,太空科學與工程學系,地球與環境學群-太空科學學類,0705
016312,016,地球科學學系,地球與環境學群-地質與地球科學類,0703
016322,016,地球科學學院學士班,地球與環境學群-不分組地科類,0799
016332,016,客家語文暨社會科學學系客家語文及傳播組,社會與心理學群-社會科學學類,1005
016342,016,客家語文暨社會科學學系客家社會及政策組,社會與心理學群-社會學類,1003
016352,016,法律與政府學系,法政學群-法學類,1502
016362,016,生命科學系,生命科學學群-生命科學學類,0501
016372,016,生醫科學與工程學系,醫藥衛生學群-生醫/醫學工程學類,0412
016382,016,向日葵聯合招生甲組(電資),資訊學群-資訊工程學類,0101
016392,016,向日葵聯合招生乙組(商管),管理學群-企業管理學類,1603
016402,016,向日葵聯合招生丙組(理學),數理化學群-自然科學學類,0304
016412,016,向日葵聯合招生丁組(工程),工程學群-不分組工程類,0299
016422,016,向日葵聯合招生戊組(人社),社會與心理學群-社會科學學類,1005
017012,017,哲學與歷史學系(哲學組),文史哲學學群-哲學學類,1303
017022,017,哲學與歷史學系(史學組),文史哲學學群-歷史學類,1305
017032,017,中國文學系,文史哲學學群-中國語文學類,1304
017042,017,日本語文學系,外語學群-日本語文學類,1204
017052,017,韓國語文學系,外語學群-亞洲語文學類,1207
017062,017,歐美語文學系,外語學群-歐洲語文與文化學類,1202
017072,017,全球商務學士學位學程,管理學群-企業管理學類,1603
017082,017,應用數學系,數理化學群-應用數學學類,0305
017092,017,光電物理學系,數理化學學群-光電物理學類,0306
017102,017,化學系,數理化學學群-化學學類,0302
017112,017,地理學系,地球與環境學群-地理學類,0704
017122,017,大氣與地質科學系,地球與環境學群-地質與地球科學類,0703
017132,017,生命科學系,生命科學學群-生命科學學類,0501
017142,017,化學工程與材料工程學系,工程學群-化學工程學類,0210
017152,017,電機工程學系,工程學群-電機工程學類,0201
017162,017,機械工程學系,工程學群-機械工程學類,0206
017172,017,紡織科技創新與應用工程學系,工程學群-纖維與複合材料工程學類,0214
017182,017,資訊工程學系,資訊學群-資訊工程學類,0101
017192,017,法律學系,法政學群-法學類,1502
017202,017,政治與經濟學系,法政學群-政治學類,1503
017212,017,勞動暨人力資源學系,社會與心理學群-社會學類,1003
017222,017,社會福利學系,社會與心理學群-社會工作學類,1002
017232,017,行政管理學系,法政學群-行政管理學類,1505
017242,017,動物科學保健暨園藝科技學系(園藝科技組),生物資源學群-園藝學類,0605
017252,017,動物科學保健暨園藝科技學系(動物科學組),生物資源學群-畜牧獸醫學類,0603
017262,017,森林暨自然保育學系,生物資源學群-森林與自然資源學類,0604
017272,017,土地資源學系,生物資源學群-農業資源與環境學類,0606
017282,017,家庭科學系,社會與心理學群-家庭與兒童學類,1004
017292,017,都市計畫與開發管理學系(智慧城市與都市更新組),建築與設計學群-都市計畫學類,0803
017302,017,都市計畫與開發管理學系(不動產投資與估價組),建築與設計學群-都市計畫學類,0803
017312,017,建築及都市設計學系,建築與設計學群-建築學類,0802
017322,017,景觀學系,建築與設計學群-景觀設計學類,0804
017332,017,國際貿易學系,財經學群-國際企業學類,1704
017342,017,國際企業管理學系,財經學群-國際企業學類,1704
017352,017,會計學系,財經學群-會計學類,1702
017362,017,觀光事業學系,遊憩與運動學群-觀光事業學類,1804
017372,017,資訊管理學系(智慧商務科技組),管理學群-資訊管理學類,1602
017382,017,資訊管理學系(人工智慧組),管理學群-資訊管理學類,1602
017392,017,財務金融學系金融行銷組,財經學群-財務金融學類,1703
017402,017,財務金融學系財務金融組,財經學群-財務金融學類,1703
017412,017,財務金融學系數位金融組,財經學群-財務金融學類,1703
017422,017,行銷學士學位學程,管理學群-行銷經營學類,1604
017432,017,新聞學系,大眾傳播學群-新聞學類,1101
017442,017,廣告學系,大眾傳播學群-廣告學類,1102
017452,017,資訊傳播學系,大眾傳播學群-資訊傳播學類,1104
017462,017,大眾傳播學系,大眾傳播學群-廣電與傳播學類,1103
017472,017,教育與學習科技學系,教育學群-教育科技學類,1404
017482,017,心理輔導學系,社會與心理學群-心理學及輔導學類,1001
017492,017,保健營養學系,醫藥衛生學群-食品營養保健學類,0410
017502,017,戲劇學系,藝術學群-表演藝術學類,0903
017512,017,音樂學系(西樂組),藝術學群-音樂學類,0901
017522,017,音樂學系(國樂組),藝術學群-音樂學類,0901
017532,017,音樂學系(應用組),藝術學群-音樂學類,0901
017542,017,美術學系,藝術學群-美術學類,0902
018012,018,英國語文學系,外語學群,英語文學類,1201
018022,018,西班牙語文學系,外語學群,歐語文學類,1202
018032,018,日本語文學系,外語學群,亚洲語文學類,1203
018042,018,中國文學系,文史哲學群,中國語文學類,1304
018052,018,社會工作與兒童少年福利學系,社會與心理學群,社會工作學類,1003
018062,018,台灣文學系,文史哲學群,中國語文學類,1304
018072,018,法律學系,法政學群,法律學類,1501
018082,018,生態人文學系,生命科學學群,生態學類,0507
018092,018,生態人文學系(青年儲蓄帳戶組),生命科學學群,生態學類,0507
018102,018,大眾傳播學系,大眾傳播學群,大眾傳播學類,1102
018112,018,財務工程學系,財經學群,財務金融學類,1703
018122,018,應用化學系,數理化學群,化學學類,0302
018132,018,食品營養學系,生物資源學群,食品生技學類,0609
018142,018,化粧品科學系,生物資源學群,食品生技學類,0609
018152,018,永續環境與智慧科技學士學位學程,地球與環境學群,環境科學學類,0703
018162,018,行銷與數位經營管理學系,管理學群,企業管理學類,1601
018172,018,國際企業學系,管理學群,國際企業學類,1604
018182,018,會計學系,財經學群,會計學類,1702
018192,018,觀光事業學系,遊憩與運動學群,觀光事業學類,1804
018202,018,財務金融學系,財經學群,財務金融學類,1703
018212,018,資訊管理學系(人工智慧應用組),管理學群,資訊管理學類,1607
018222,018,資訊管理學系(智慧商務與大數據應用組),管理學群,資訊管理學類,1607
018232,018,資訊管理學系(APCS組),管理學群,資訊管理學類,1607
018242,018,資訊管理學系(資安組),管理學群,資訊管理學類,1607
018252,018,資訊工程學系,資訊學群,資訊工程學類,0101
018262,018,資訊工程學系(APCS組),資訊學群,資訊工程學類,0101
018272,018,資訊工程學系(資安組),資訊學群,資訊工程學類,0101
018282,018,資訊工程學系(青年儲蓄帳戶組),資訊學群,資訊工程學類,0101
018292,018,人工智慧應用學系,資訊學群,資訊工程學類(含AI),0101
018302,018,人工智慧應用學系(APCS組),資訊學群,資訊工程學類(含AI),0101
018312,018,人工智慧應用學系(資安組),資訊學群,資訊工程學類(含AI),0101
018322,018,晶片設計學士學位學程,工程學群,電子工程學類,0203
018332,018,晶片設計學士學位學程(資安組),工程學群,電子工程學類,0203
018342,018,資料科學暨大數據分析與應用學系,資訊學群,資訊管理學類(資料科學),0107
018352,018,寰宇管理學士學位學程,管理學群,國際企業學類,1604
018362,018,寰宇外語教育學士學位學程,外語學群,英語教育學類,1205
018372,018,智慧媒體與創新科技應用學士學位學程,大眾傳播學群,資訊傳播學類,1101
019012,019,機械與材料工程學系,工程學群,機械工程學類,0206
019022,019,化學工程與生物科技學系,工程學群,化學工程學類,0210
019032,019,工程學院學士班,工程學群,工程科學學類,0205
019042,019,電機工程學系,工程學群,電機工程學類,0201
019052,019,資訊工程學系,資訊學群,資訊工程學類,0101
019062,019,事業與資訊經營學系,管理學群,資訊管理學類,1607
019072,019,應用外語學系,外語學群,英語文學類,1201
019082,019,工業設計學系,建築與設計學群,工業設計學類,0805
019092,019,數位媒體設計學系,建築與設計學群,數位媒體設計學類,0801
019102,019,電機工程學系(青年儲蓄帳戶組),工程學群,電機工程學類,0201
019112,019,應用外語學系(青年儲蓄帳戶組),外語學群,英語文學類,1201
020012,020,中國文學系,文史哲學群,中國語文學類,1304
020022,020,歷史學系,文史哲學群,歷史學類,1305
020032,020,哲學系,文史哲學群,哲學學類,1306
020042,020,人文與社區創新學士學位學程,文史哲學群,人文學類,1308
020052,020,景觀設計學系,建築與設計學群,景觀學類,0803
020062,020,景觀設計學系(青年儲蓄帳戶組),建築與設計學群,景觀學類,0803
020072,020,影像傳播學系,大眾傳播學群,廣電與傳播學類,1102
020082,020,新聞傳播學系,大眾傳播學群,新聞學類,1101
020092,020,廣告傳播學系,大眾傳播學群,廣告學類,1103
020102,020,圖書資訊學系,文史哲學群,圖書資訊學類,1301
020112,020,教育領導與科技發展學士學位學程,教育學群,教育行政與科技學類,1402
020122,020,護理學系,醫藥衛生學群,護理學類,0404
020132,020,公共衛生學系,醫藥衛生學群,公共衛生學類,0406
020142,020,公共衛生學系(青年儲蓄帳戶組),醫藥衛生學群,公共衛生學類,0406
020152,020,醫學系,醫藥衛生學群,醫學學類,0407
020162,020,醫學系(公費生),醫藥衛生學群,醫學學類,0407
020172,020,臨床心理學系,社會與心理學群,心理學類,1003
020182,020,職能治療學系,醫藥衛生學群,復健醫學類,0409
020192,020,呼吸治療學系,醫藥衛生學群,復健醫學類,0410
020202,020,數學系資訊數學組,數理化學群,數學學類,0303
020212,020,數學系應用數學組,數理化學群,數學學類,0303
020222,020,化學系,數理化學群,化學學類,0304
020232,020,資訊工程學系,資訊學群,資訊工程學類,0101
020242,020,資訊工程學系(APCS組),資訊學群,資訊工程學類,0101
020252,020,生命科學系,生命科學學群,生命科學學類,0501
020262,020,物理學系電子物理組,數理化學群,物理學類,0302
020272,020,物理學系光電物理組,數理化學群,物理學類,0302
020282,020,電機工程學系,工程學群,電機工程學類,0201
020292,020,電機工程學系(APCS組),工程學群,電機工程學類,0201
020302,020,醫學資訊與創新應用學士學位學程,資訊學群,資訊科學學類,0103
020312,020,醫學資訊與創新應用學士學位學程(APCS組),資訊學群,資訊科學學類,0103
020322,020,醫學資訊與創新應用學士學位學程(資安組),資訊學群,資訊科學學類,0103
020332,020,人工智慧與資訊安全學士學位學程,資訊學群,資訊科學學類,0103
020342,020,人工智慧與資訊安全學士學位學程(APCS組),資訊學群,資訊科學學類,0103
020352,020,人工智慧與資訊安全學士學位學程(資安組),資訊學群,資訊科學學類,0103
020362,020,英國語文學系,外語學群,英語文學類,1201
020372,020,法國語文學系,外語學群,法語文學類,1202
020382,020,西班牙語文學系,外語學群,西班牙語文學類,1203
020392,020,日本語文學系,外語學群,日語文學類,1204
020402,020,義大利語文學系,外語學群,其他外國語文學類,1299
020412,020,德語語文學系,外語學群,其他外國語文學類,1299
020422,020,國際溝通與科技創新學士學位學程,大眾傳播或管理跨領域,國際事務學類,1710
020432,020,織品服裝學系織品設計組,建築與設計學群,服飾設計學類,0806
020442,020,織品服裝學系服飾設計組,建築與設計學群,服飾設計學類,0806
020452,020,織品服裝學系織品服飾行銷組,管理學群,行銷管理學類,1603
020462,020,餐旅管理學系,遊憩與運動學群,餐旅學類,1801
020472,020,兒童與家庭學系,社會與心理學群,家庭兒童學類,1005
020482,020,食品科學系,生命科學學群,食品科學學類,0505
020492,020,營養科學系,醫藥衛生學群,營養學類,0405
020502,020,法律學系,法政學群,法律學類,1501
020512,020,財經法律學系,法政學群,法律學類,1501
020522,020,企業管理學系,管理學群,企業管理學類,1602
020532,020,會計學系,財經學群,會計學類,1701
020542,020,資訊管理學系,資訊學群,資訊管理學類,1607
020552,020,資訊管理學系(APCS組),資訊學群,資訊管理學類,1607
020562,020,統計資訊學系,數理化學學群,統計學類,0305
020572,020,金融與國際企業學系,財經學群,國際企業學類,1704
020582,020,社會學系,社會與心理學群,社會學類,1001
020592,020,社會工作學系,社會與心理學群,社會工作學類,1002
020602,020,經濟學系,財經學群,經濟學類,1702
020612,020,宗教學系,文史哲學群,宗教學類,1310
020622,020,心理學系(社會組),社會與心理學群,心理學類,1003
020632,020,心理學系(自然組),社會與心理學群,心理學類,1003
020642,020,天主教研修學士學位學程,文史哲學群,宗教學類,1310
020652,020,跨領域全英語學士學位學程,不分系學群,不分系學類,1901
020662,020,音樂學系應用音樂組,藝術學群,音樂學類,0901
020672,020,音樂學系器樂組,藝術學群,音樂學類,0901
020682,020,音樂學系爵士音樂組,藝術學群,音樂學類,0901
020692,020,音樂學系音樂治療組,藝術學群,音樂治療學類,0903
020702,020,應用美術學系,藝術學群,美術學類,0902
020712,020,體育學系體育學組,遊憩與運動學群,體育學類,1802
020722,020,體育學系運動健康管理組,遊憩與運動學群,運動科學類,1803
021012,021,商船學系,運輸與物流或管理學群,運輸管理學類,1609
021022,021,航運管理學系,管理學群,運輸物流管理學類,1609
021032,021,運輸科學系A組,管理學群,運輸物流管理學類,1609
021042,021,運輸科學系B組,管理學群,運輸物流管理學類,1609
021052,021,輪機工程學系,工程學群,機械工程學類,0203
021062,021,海洋觀光管理學士學位學程,遊憩與運動學群,觀光學類,1804
021072,021,海洋觀光管理學士學位學程(青年儲蓄帳戶組),遊憩與運動學群,觀光學類,1804
021082,021,海洋經營管理學士學位學程,管理學群,運輸物流管理學類,1609
021092,021,食品科學系,生命科學學群,食品科學學類,0505
021102,021,水產養殖學系,生物資源學群,動物科學學類,0603
021112,021,生命科學暨生物科技學系,生命科學學群,生物科技學類,0503
021122,021,海洋生物科技學士學位學程,生命科學學群,海洋生物科技學類,0504
021132,021,環境生物與漁業科學學系,生物資源學群,海洋資源學類,0608
021142,021,環境生物與漁業科學學系(青年儲蓄帳戶組),生物資源學群,海洋資源學類,0608
021152,021,海洋環境資訊系,地球與環境學群,地球科學學類,0703
021162,021,機械與機電工程學系,工程學群,機械工程學類,0203
021172,021,系統工程暨造船學系,工程學群,造船工程學類,0210
021182,021,河海工程學系,工程學群,水利土木學類,0206
021192,021,海洋工程科技學士學位學程,工程學群,海洋工程學類,0211
021202,021,電機工程學系,工程學群,電機工程學類,0201
021212,021,電機工程學系(青年儲蓄帳戶組),工程學群,電機工程學類,0201
021222,021,資訊工程學系,資訊學群,資訊工程學類,0101
021232,021,資訊工程學系(APCS組),資訊學群,資訊工程學類,0101
021242,021,資訊工程學系(資安組),資訊學群,資訊工程學類,0101
021252,021,通訊與導航工程學系,工程學群,通訊工程學類,0202
021262,021,光電與材料科技學系,工程學群,光電工程學類,0208
021272,021,海洋文創設計產業學士學位學程,建築與設計學群,工藝與設計學類,0804
021282,021,海洋文創設計產業學士學位學程(青年儲蓄帳戶組),建築與設計學群,工藝與設計學類,0804
021292,021,海洋法政學士學位學程,法政學群,法政綜合學類,1599
021302,021,海洋法政學士學位學程(青年儲蓄帳戶組),法政學群,法政綜合學類,1599
022012,022,國文學系,文史哲學群,中國語文學類,1304
022022,022,英語學系,外語學群,英語文學類,1201
022032,022,地理學系,地球與環境學群,地理學類,0702
022042,022,數學系數學組,數理化學群,數學學類,0303
022052,022,數學系應用數學組,數理化學群,數學學類,0303
022062,022,化學系,數理化學群,化學學類,0304
022072,022,物理學系,數理化學群,物理學類,0302
022082,022,生物科技系,生命科學學群,生物科技學類,0503
022092,022,教育學系,教育學群,教育學類,1401
022102,022,特殊教育學系,教育學群,特殊教育學類,1404
022112,022,事業經營學系,管理學群,企業管理學類,1602
022122,022,工業科技教育學系科技教育與訓練組,教育學群,科技教育學類,1403
022132,022,工業科技教育學系能源與冷凍空調組,工程學群,能源工程學類,0212
022142,022,工業設計學系(A組),建築與設計學群,工業設計學類,0805
022152,022,工業設計學系(B組),建築與設計學群,工業設計學類,0805
022162,022,電機工程學系,工程學群,電機工程學類,0201
022172,022,電子工程學系,工程學群,電子工程學類,0204
022182,022,軟體工程與管理學系,資訊學群,資訊管理學類,1607
022192,022,軟體工程與管理學系(APCS組),資訊學群,資訊管理學類,1607
022202,022,軟體工程與管理學系(資安組),資訊學群,資訊管理學類,1607
022212,022,音樂學系,藝術學群,音樂學類,0901
022222,022,美術學系,藝術學群,美術學類,0902
022232,022,視覺設計學系,建築與設計學群,視覺設計學類,0802
022242,022,體育學系,遊憩與運動學群,體育學類,1802
023012,023,輔導與諮商學系學校輔導與諮商組,社會與心理學群,輔導與諮商學類,1006
023022,023,輔導與諮商學系社區輔導與諮商組,社會與心理學群,輔導與諮商學類,1006
023032,023,特殊教育學系,教育學群,特殊教育學類,1404
023042,023,數學系,數理化學群,數學學類,0303
023052,023,物理學系物理組,數理化學群,物理學類,0302
023062,023,物理學系光電組,工程學群,光電工程學類,0208
023072,023,生物學系,生命科學學群,生命科學學類,0501
023082,023,化學系,數理化學群,化學學類,0304
023092,023,智慧車輛工程學系,工程學群,機械工程學類,0203
023102,023,英語學系,外語學群,英語文學類,1201
023112,023,國文學系,文史哲學群,中國語文學類,1304
023122,023,地理學系,地球與環境學群,地理學類,0702
023132,023,機電工程學系,工程學群,機械工程學類,0203
023142,023,電機工程學系,工程學群,電機工程學類,0201
023152,023,電子工程學系,工程學群,電子工程學類,0204
023162,023,資訊工程學系,資訊學群,資訊工程學類,0101
023172,023,資訊工程學系(APCS組),資訊學群,資訊工程學類,0101
023182,023,企業管理學系,管理學群,企業管理學類,1602
023192,023,會計學系,財經學群,會計學類,1701
023202,023,資訊管理學系資訊管理組,資訊學群,資訊管理學類,1607
023212,023,資訊管理學系數位內容科技與管理組,資訊學群,資訊管理學類,1607
023222,023,公共事務與公民教育學系公民教育組,法政學群,政治學類,1503
023232,023,公共事務與公民教育學系公共事務組,法政學群,政治學類,1503
023242,023,揚鷹招生A組(教社),教育學群,教育綜合學類,1499
023252,023,揚鷹招生B組(文),文史哲學群,文學綜合學類,1399
023262,023,揚鷹招生C組(管理),管理學群,管理綜合學類,1699
023272,023,揚鷹招生D組(理),數理化學群,理學綜合學類,0399
023282,023,揚鷹招生E組(工),工程學群,工程綜合學類,0299
023292,023,美術學系,藝術學群,美術學類,0902
023302,023,運動學系(競技運動與表演藝術組),遊憩與運動學群,體育學類,1802
023312,023,運動學系(運動健康組),遊憩與運動學群,運動科學類,1803
026012,026,醫學系,醫藥衛生學群,醫學學類,0401
026022,026,牙醫學系,醫藥衛生學群,牙醫學類,0402
026032,026,物理治療學系,醫藥衛生學群,物理治療學類,0403
026042,026,職能治療學系(A組),醫藥衛生學群,職能治療學類,0404
026052,026,職能治療學系(B組),醫藥衛生學群,職能治療學類,0404
026062,026,語言治療與聽力學系語言治療組,醫藥衛生學群,語言治療學類,0405
026072,026,語言治療與聽力學系聽力組,醫藥衛生學群,語言治療學類,0405
026082,026,生物醫學科學學系,生命科學學群,生命科學學類,0501
026092,026,視光學系,醫藥衛生學群,視光學類,0406
026102,026,醫學影像暨放射科學系,醫藥衛生學群,放射醫學類,0407
026112,026,心理學系,社會與心理學群,心理學類,1001
026122,026,營養學系(A組),醫藥衛生學群,食品營養學類,0408
026132,026,營養學系(B組),醫藥衛生學群,食品營養學類,0408
026142,026,職業安全衛生學系,醫藥衛生學群,職安衛生學類,0410
026152,026,醫學應用化學系(A組),數理化學群,化學學類,0304
026162,026,醫學應用化學系(B組),數理化學群,化學學類,0304
026172,026,健康產業科技管理學系,管理學群,醫務管理學類,1610
026182,026,護理學系,醫藥衛生學群,護理學類,0409
026192,026,醫學檢驗暨生物技術學系,醫藥衛生學群,檢驗醫學類,0407
026202,026,應用外國語言學系,外語學群,英語文學類,1201
026212,026,公共衛生學系(A組),醫藥衛生學群,公共衛生學類,0411
026222,026,公共衛生學系(B組),醫藥衛生學群,公共衛生學類,0411
026232,026,醫學社會暨社會工作學系,社會與心理學群,社會工作學類,1003
026242,026,醫學資訊學系,資訊學群,醫學資訊學類,0109
026252,026,醫學資訊學系(APCS組),資訊學群,醫學資訊學類,0109
026262,026,醫療產業科技管理學系,管理學群,醫務管理學類,1610
027012,027,中國文學系,文史哲學群,中國語文學類,1304
027022,027,外國語文學系,外語學群,英語文學類,1201
027032,027,劇場藝術學系,藝術學群,表演藝術學類,0903
027042,027,生物科學系,生命科學學群,生命科學學類,0501
027052,027,生物科學系英語組,生命科學學群,生命科學學類,0501
027062,027,化學系,數理化學群,化學學類,0304
027072,027,化學系英語組,數理化學群,化學學類,0304
027082,027,物理學系,數理化學群,物理學類,0302
027092,027,物理學系量子科技組(全英),數理化學群,物理學類,0302
027102,027,應用數學系,數理化學群,數學學類,0303
027112,027,應用數學系英語組,數理化學群,數學學類,0303
027122,027,電機工程學系,工程學群,電機工程學類,0201
027132,027,電機工程學系英語組,工程學群,電機工程學類,0201
027142,027,電機工程學系(APCS組),工程學群,電機工程學類,0201
027152,027,機械與機電工程學系,工程學群,機械工程學類,0203
027162,027,機械與機電工程學系全英語組,工程學群,機械工程學類,0203
027172,027,資訊工程學系,資訊學群,資訊工程學類,0101
027182,027,資訊工程學系全英語學士班,資訊學群,資訊工程學類,0101
027192,027,光電工程學系,工程學群,光電工程學類,0208
027202,027,光電工程學系全英語組,工程學群,光電工程學類,0208
027212,027,材料與光電科學學系,工程學群,材料工程學類,0205
027222,027,材料與光電科學學系全英語組,工程學群,材料工程學類,0205
027232,027,企業管理學系,管理學群,企業管理學類,1602
027242,027,資訊管理學系,資訊學群,資訊管理學類,1607
027252,027,財務管理學系,財經學群,財務金融學類,1702
027262,027,國際經營管理全英語學士學位學程,管理學群,國際企業學類,1603
027272,027,海洋生物科技暨資源學系,生物資源學群,海洋資源學類,0608
027282,027,海洋環境及工程學系,地球與環境學群,海洋科學學類,0704
027292,027,海洋科學系,地球與環境學群,海洋科學學類,0704
027302,027,政治經濟學系,法政學群,政治學類,1503
027312,027,社會學系,社會與心理學群,社會學學類,1002
027322,027,人文暨科技跨領域學系,管理學群,管理綜合學類,1699
027332,027,生物醫學科技學系全英語學士班生物醫學組,生命科學學群,生物科技學類,0503
027342,027,生物醫學科技學系全英語學士班生醫工程組,生命科學學群,生物醫學工程學類,0506
027352,027,護理學系,醫藥衛生學群,護理學類,0409
027362,027,西灣南星A組(文),文史哲學群,文學綜合學類,1399
027372,027,西灣南星B組(管),管理學群,管理綜合學類,1699
027382,027,西灣南星C組(理),數理化學群,理學綜合學類,0399
027392,027,西灣南星D組(工),工程學群,工程綜合學類,0299
027402,027,西灣南星E組(海),地球與環境學群,地球科學綜合學類,0799
027412,027,西灣南星F組(社),社會與心理學群,社會科學綜合學類,1099
027422,027,西灣南星G組(西灣),跨領域學群,跨領域綜合學類,1999
027432,027,西灣南星H組(醫),醫藥衛生學群,醫學綜合學類,0499
027442,027,音樂學系,藝術學群,音樂學類,0901
027452,027,音樂學系創作與應用組,藝術學群,音樂學類,0901
028012,028,音樂與影像跨域學士學位學程,藝術學群,新媒體藝術學類,0904
028022,028,劇場設計學系,藝術學群,表演藝術學類,0903
028032,028,新媒體藝術學系,藝術學群,新媒體藝術學類,0904
028042,028,新媒體藝術學系(青年儲蓄帳戶組),藝術學群,新媒體藝術學類,0904
030012,030,醫學系,醫藥衛生學群,醫學學類,0401
030022,030,中醫學系,醫藥衛生學群,中醫學類,0402
030032,030,護理學系,醫藥衛生學群,護理學類,0409
030042,030,醫學生物技術暨檢驗學系,醫藥衛生學群,檢驗醫學類,0407
030052,030,醫學影像暨放射科學系,醫藥衛生學群,放射醫學類,0407
030062,030,物理治療學系,醫藥衛生學群,物理治療學類,0403
030072,030,職能治療學系,醫藥衛生學群,職能治療學類,0404
030082,030,生物醫學系,生命科學學群,生命科學學類,0501
030092,030,呼吸治療學系,醫藥衛生學群,呼吸治療學類,0412
030102,030,電機工程學系,工程學群,電機工程學類,0201
030112,030,機械工程學系,工程學群,機械工程學類,0203
030122,030,化工與材料工程學系(化學工程組),工程學群,化學工程學類,0204
030132,030,化工與材料工程學系(材料工程組),工程學群,材料工程學類,0205
030142,030,電子工程學系,工程學群,電子工程學類,0202
030152,030,資訊工程學系,資訊學群,資訊工程學類,0101
030162,030,資訊工程學系(資安組),資訊學群,資訊工程學類,0101
030172,030,生物醫學工程學系,工程學群,生物醫學工程學類,0207
030182,030,生物醫學工程學系(國際雙聯學位組),工程學群,生物醫學工程學類,0207
030192,030,人工智慧學系,資訊學群,人工智慧學類,0110
030202,030,人工智慧學系(資安組),資訊學群,人工智慧學類,0110
030212,030,醫務管理學系,管理學群,醫務管理學類,1610
030222,030,工商管理學系,管理學群,企業管理學類,1602
030232,030,工商管理學系(雙聯學位組）,管理學群,企業管理學類,1602
030242,030,工商管理學系(青年儲蓄帳戶組),管理學群,企業管理學類,1602
030252,030,工業設計學系,設計學群,工業設計學類,0907
030262,030,工業設計學系(青年儲蓄帳戶組),設計學群,工業設計學類,0907
030272,030,資訊管理學系,資訊學群,資訊管理學類,1607
030282,030,資訊管理學系(資安組),資訊學群,資訊管理學類,1607
030292,030,數位金融科技學系(甲組),財經學群,金融科技學類,1704
030302,030,數位金融科技學系(乙組),財經學群,金融科技學類,1704
031012,031,全校不分系學士學位學程,跨領域學群,跨領域綜合學類,1999
031022,031,教育學系,教育學群,教育學類,1401
031032,031,特殊教育學系,教育學群,特殊教育學類,1402
031042,031,幼兒教育學系,教育學群,幼兒教育學類,1403
031052,031,柳川招生組,跨領域學群,跨領域綜合學類,1999
031062,031,體育學系非運動專長組,教育學群,體育學類,1404
031072,031,語文教育學系,文史哲學群,語文教育學類,1307
031082,031,區域與社會發展學系,社會與心理學群,社會福利學類,1003
031092,031,諮商與應用心理學系,社會與心理學群,心理學類,1001
031102,031,諮商與應用心理學系(公費生A組),社會與心理學群,心理學類,1001
031112,031,諮商與應用心理學系(公費生B組),社會與心理學群,心理學類,1001
031122,031,臺灣語文學系,文史哲學群,中國語文學類,1304
031132,031,臺灣語文學系（青年儲蓄帳戶組),文史哲學群,中國語文學類,1304
031142,031,英語學系,外語學群,英語文學類,1201
031152,031,數學教育學系,教育學群,數理教育學類,1406
031162,031,科學教育與應用學系,教育學群,自然科學教育學類,1405
031172,031,資訊工程學系,資訊學群,資訊工程學類,0101
031182,031,數位內容科技學系,資訊學群,數位內容應用學類,0108
031192,031,數位內容科技學系（青年儲蓄帳戶組),資訊學群,數位內容應用學類,0108
031202,031,國際企業學系,管理學群,國際企業學類,1603
031212,031,文化創意產業設計與營運學系,管理學群,文創設計管理學類,1611
031222,031,音樂學系（A組）,藝術學群,音樂學類,0901
031232,031,音樂學系（B組）,藝術學群,音樂學類,0901
031242,031,美術學系,藝術學群,美術學類,0902
031252,031,體育學系運動專長組,教育學群,體育學類,1404
032012,032,教育學系,教育學群,教育學類,1401
032022,032,教育學系（芝山組）,教育學群,教育學類,1401
032032,032,教育學系（公費生）,教育學群,教育學類,1401
032042,032,教育經營與管理學系,管理學群,管理綜合學類,1699
032052,032,教育經營與管理學系（芝山組）,管理學群,管理綜合學類,1699
032062,032,幼兒與家庭教育學系,教育學群,幼兒教育學類,1403
032072,032,幼兒與家庭教育學系（芝山組）,教育學群,幼兒教育學類,1403
032082,032,幼兒與家庭教育學系（公費生）,教育學群,幼兒教育學類,1403
032092,032,特殊教育學系,教育學群,特殊教育學類,1402
032102,032,特殊教育學系（芝山組）,教育學群,特殊教育學類,1402
032112,032,心理與諮商學系,社會與心理學群,心理學類,1001
032122,032,心理與諮商學系（芝山組）,社會與心理學群,心理學類,1001
032132,032,社會與區域發展學系,社會與心理學群,社會學學類,1002
032142,032,社會與區域發展學系(青年儲蓄帳戶組),社會與心理學群,社會學學類,1002
032152,032,兒童英語教育學系,外語學群,英語文學類,1201
032162,032,兒童英語教育學系（公費生）,外語學群,英語文學類,1201
032172,032,語文與創作學系語文師資組,文史哲學群,語文教育學類,1307
032182,032,語文與創作學系文學創作組,文史哲學群,語言文學綜合學類,1399
032192,032,文化創意產業經營學系,管理學群,文創設計管理學類,1611
032202,032,文化創意產業經營學系(青年儲蓄帳戶組),管理學群,文創設計管理學類,1611
032212,032,台灣語言與文化學系,文史哲學群,中國語文學類,1304
032222,032,數學暨資訊教育學系數學組,教育學群,數理教育學類,1406
032232,032,數學暨資訊教育學系人工智慧與資訊教育組,教育學群,資訊教育學類,1407
032242,032,數學暨資訊教育學系人工智慧與資訊教育組(APCS組),教育學群,資訊教育學類,1407
032252,032,數學暨資訊教育學系人工智慧與資訊教育組（公費生）,教育學群,資訊教育學類,1407
032262,032,自然科學教育學系,教育學群,自然科學教育學類,1405
032272,032,自然科學教育學系（芝山組）,教育學群,自然科學教育學類,1405
032282,032,自然科學教育學系（公費生A組),教育學群,自然科學教育學類,1405
032292,032,自然科學教育學系（公費生B組),教育學群,自然科學教育學類,1405
032302,032,資訊科學系,資訊學群,資訊工程學類,0101
032312,032,數位科技設計學系,資訊學群,數位內容應用學類,0108
032322,032,數位科技設計學系(APCS組),資訊學群,數位內容應用學類,0108
032332,032,藝術與造形設計學系設計組,藝術學群,視覺藝術與設計學類,0908
032342,032,藝術與造形設計學系藝術組,藝術學群,美術學類,0902
032352,032,體育學系,教育學群,體育學類,1404
032362,032,體育學系（雙語教學組）,教育學群,體育學類,1404
033012,033,教育學系,教育學群,教育學類,1401
033022,033,教育學系(公費生),教育學群,教育學類,1401
033032,033,諮商與輔導學系,社會與心理學群,心理學類,1001
033042,033,特殊教育學系,教育學群,特殊教育學類,1402
033052,033,特殊教育學系(青年儲蓄帳戶組),教育學群,特殊教育學類,1402
033062,033,幼兒教育學系,教育學群,幼兒教育學類,1403
033072,033,文化與自然資源學系,社會與心理學群,文化資源學類,1005
033082,033,國語文學系,文史哲學群,中國語文學類,1304
033092,033,英語學系,外語學群,英語文學類,1201
033102,033,英語學系(公費生),外語學群,英語文學類,1201
033112,033,應用數學系,數理化學群,數學學類,0303
033122,033,數位學習科技學系,資訊學群,教育科技學類,0106
033132,033,數位學習科技學系(公費生),資訊學群,教育科技學類,0106
033142,033,數位學習科技學系(資安組),資訊學群,資訊工程學類,0101
033152,033,材料科學系,工程學群,材料工程學類,0205
033162,033,資訊工程學系,資訊學群,資訊工程學類,0101
033172,033,資訊工程學系(APCS組),資訊學群,資訊工程學類,0101
033182,033,電機工程學系,工程學群,電機工程學類,0201
033192,033,綠色能源科技學系,工程學群,能源科學與工程學類,0211
033202,033,生物科技學系,生命科學學群,生物科技學類,0503
033212,033,生態暨環境資源學系,地球與環境學群,生態與資源學類,0703
033222,033,戲劇創作與應用學系,藝術學群,表演藝術學類,0903
033232,033,行政管理學系,法政學群,公共行政學類,1504
033242,033,經營與管理學系,管理學群,企業管理學類,1602
033252,033,音樂學系(A組),藝術學群,音樂學類,0901
033262,033,音樂學系(B組),藝術學群,音樂學類,0901
033272,033,視覺藝術與設計學系,藝術學群,視覺藝術與設計學類,0908
033282,033,體育學系,教育學群,體育學類,1404
034012,034,應用數學系數學科學組,數理化學群,數學學類,0301
034022,034,應用數學系統計科學組,數理化學群,統計學類,0307
034032,034,物理學系,數理化學群,物理學類,0303
034042,034,化學系,數理化學群,化學學類,0302
034052,034,生命科學系,生命科學學群,生命科學學類,0504
034062,034,海洋生物科技學系,生命科學學群,生物科技學類,0505
034072,034,資訊管理學系,管理學群,資訊管理學類,1607
034082,034,電機工程學系,工程學群,電機工程學類,0201
034092,034,光電工程學系,工程學群,光電學類,0202
034102,034,材料科學與工程學系,工程學群,材料工程學類,0209
034112,034,自然資源與環境學系,地球與環境學群,環境工程學類,0703
034122,034,環境科學與工程學系,地球與環境學群,環境工程學類,0703
034132,034,土木工程學系,工程學群,土木工程學類,0207
034142,034,工程科技與管理學系,管理學群,工業工程與管理學類,1603
034152,034,建築學系,建築與設計學群,建築學類,0802
034162,034,應用數學系(原青年儲蓄帳戶組),數理化學群,數學學類,0301
034172,034,資訊工程學系,資訊學群,資訊工程學類,0101
034182,034,資訊工程學系(原青年儲蓄帳戶組),資訊學群,資訊工程學類,0101
034192,034,環境學院學士班,地球與環境學群,地質地球與環境科學學類,0702
034202,034,管理學院運籌與物流管理學士學位學程,管理學群,運輸物流管理學類,1608
034212,034,管理學院會計與資訊管理國際學士班,管理學群,會計學類,1605
034222,034,企業管理學系,管理學群,企業管理學類,1601
034232,034,企業管理學系(青年儲蓄帳戶組),管理學群,企業管理學類,1601
034242,034,財務金融學系,財經學群,財務金融學類,1703
034252,034,觀光暨休閒遊憩學系,遊憩與運動學群,休閒管理學類,1803
034262,034,管理學院管理科學與財金國際學士學位學程,管理學群,企業管理學類,1601
034272,034,管理學院會計與資訊管理國際學士班智慧會計與風險管理組,管理學群,會計學類,1605
034282,034,管理學院會計與資訊管理國際學士班會計資訊與電腦稽核組,管理學群,會計學類,1605
034292,034,管理學院數位行銷與服務創新國際學士班,管理學群,行銷經營學類,1604
034302,034,華文文學與創作學系,文史哲學群,中國語文學類,1304
034312,034,中國語文學系,文史哲學群,中國語文學類,1304
034322,034,英美語文學系,外語學群,英語文學類,1201
034332,034,臺灣文化學系,文史哲學群,臺灣語文學類,1308
034342,034,歷史學系,文史哲學群,歷史學類,1305
034352,034,經濟學系,財經學群,經濟學類,1707
034362,034,諮商與臨床心理學系,社會與心理學群,心理學類,1001
034372,034,社會學系,社會與心理學群,社會學學類,1002
034382,034,公共行政學系,法政學群,行政管理學類,1504
034392,034,法律學系,法政學群,法律學類,1502
034402,034,教育與潛能開發學系,教育學群,教育學類,1401
034412,034,教育行政與管理學系,教育學群,教育學類,1401
034422,034,特殊教育學系,教育學群,特殊教育學類,1402
034432,034,幼兒教育學系,教育學群,幼兒教育學類,1403
034442,034,族群關係與文化學系,社會與心理學群,人類/民族學學類,1004
034452,034,民族語言與傳播學系,外語學群,東方語文學類,1204
034462,034,民族發展與社會工作學系民族發展組,社會與心理學群,人類/民族學學類,1004
034472,034,民族發展與社會工作學系社會工作組,社會與心理學群,社會工作學類,1003
034482,034,自然資源與環境學系,地球與環境學群,環境工程學類,0703
034492,034,縱谷跨域書院學士學位學程,不分系學群,不分系學類,1901
034502,034,音樂學系,藝術學群,音樂學類,0902
034512,034,藝術與設計學系,藝術學群,藝術與設計學類,0904
034522,034,藝術創意產業學系,藝術學群,藝術與設計學類,0904
034532,034,體育與運動科學系,遊憩與運動學群,運動管理學類,1802
035012,035,教育學系,教育學群,教育學類,1401
035022,035,特殊教育學系,教育學群,特殊教育學類,1402
035032,035,幼兒教育學系,教育學群,幼兒教育學類,1403
035042,035,心理與諮商學系,社會與心理學群,心理學類,1001
035052,035,學習與媒材設計學系,教育學群,教育學類,1401
035062,035,中國語文學系,文史哲學群,中國語文學類,1304
035072,035,英語教學系,外語學群,英語教育學類,1205
035082,035,公共事務學系,法政學群,行政管理學類,1504
035092,035,歷史與地理學系,文史哲學群,史地學類,1309
035102,035,地球環境暨生物資源學系,地球與環境學群,地質地球與環境科學學類,0702
035112,035,地球環境暨生物資源學系（青年儲蓄帳戶組）,地球與環境學群,地質地球與環境科學學類,0702
035122,035,應用物理暨化學系電子物理組,數理化學群,物理學類,0303
035132,035,應用物理暨化學系應用化學組,數理化學群,化學學類,0302
035142,035,應用物理暨化學系應用化學組（青年儲蓄帳戶組）,數理化學群,化學學類,0302
035152,035,數據科學與數學系,數理化學群,統計學類,0307
035162,035,資訊科學系,資訊學群,資訊工程學類,0101
035172,035,資訊科學系（APCS組）,資訊學群,資訊工程學類,0101
035182,035,資訊科學系（資安組）,資訊學群,資訊工程學類,0101
035192,035,城市發展學系,地球與環境學群,地理學類,0704
035202,035,行銷與管理學系(數位行銷組),管理學群,行銷經營學類,1604
035212,035,行銷與管理學系(創新管理組),管理學群,企業管理學類,1601
035222,035,衛生福利學系,社會與心理學群,社會工作學類,1003
035232,035,衛生福利學系（青年儲蓄帳戶組）,社會與心理學群,社會工作學類,1003
035242,035,音樂學系,藝術學群,音樂學類,0902
035252,035,視覺藝術學系,藝術學群,藝術與設計學類,0904
035262,035,體育學系,遊憩與運動學群,體育學類,1801
035272,035,體育學系(公費生),遊憩與運動學群,體育學類,1801
035282,035,休閒運動管理學系,遊憩與運動學群,休閒管理學類,1803
035292,035,運動健康科學系,遊憩與運動學群,運動保健學類,1802
035302,035,運動健康科學系（青年儲蓄帳戶組）,遊憩與運動學群,運動保健學類,1802
036012,036,教育學系,教育學群,教育學類,1401
036022,036,幼兒教育學系,教育學群,幼兒教育學類,1403
036032,036,特殊教育學系,教育學群,特殊教育學類,1402
036042,036,特殊教育學系(公費生),教育學群,特殊教育學類,1402
036052,036,教育心理與輔導學系,教育學群,輔導與諮商學類,1404
036062,036,教育心理與輔導學系(公費生),教育學群,輔導與諮商學類,1404
036072,036,中國語文學系,文史哲學群,中國語文學類,1304
036082,036,中國語文學系(青年儲蓄帳戶組),文史哲學群,中國語文學類,1304
036092,036,文化創意產業學系,管理學群,文化與產業學類,1606
036102,036,社會發展學系,社會與心理學群,社會學學類,1002
036112,036,英語學系,外語學群,英語文學類,1201
036122,036,英語學系(公費生),外語學群,英語文學類,1201
036132,036,應用英語學系,外語學群,英語文學類,1201
036142,036,應用日語學系,外語學群,東方語文學類,1204
036152,036,商業大數據學系,管理學群,企業管理學類,1601
036162,036,行銷與流通管理學系,管理學群,行銷經營學類,1604
036172,036,企業管理學系,管理學群,企業管理學類,1601
036182,036,財務金融學系,財經學群,財務金融學類,1703
036192,036,休閒事業經營學系,遊憩與運動學群,休閒管理學類,1803
036202,036,不動產經營學系,管理學群,地政與土地資產管理學類,1506
036212,036,國際經營與貿易學系,財經學群,國際企業學類,1704
036222,036,會計學系,管理學群,會計學類,1605
036232,036,應用化學系,數理化學群,化學學類,0302
036242,036,應用數學系,數理化學群,數學學類,0301
036252,036,應用物理系半導體組,數理化學群,物理學類,0303
036262,036,應用物理系光電暨材料組,工程學群,光電學類,0202
036272,036,科學傳播學系,大眾傳播學群,資訊傳播學類,1101
036282,036,科學傳播學系(青年儲蓄帳戶組),大眾傳播學群,資訊傳播學類,1101
036292,036,電腦科學與人工智慧學系,資訊學群,資訊工程學類,0101
036302,036,電腦科學與人工智慧學系(公費生),資訊學群,資訊工程學類,0101
036312,036,電腦科學與人工智慧學系(資安組),資訊學群,資訊工程學類,0101
036322,036,智慧機器人學系,工程學群,機械工程學類,0206
036332,036,資訊工程學系,資訊學群,資訊工程學類,0101
036342,036,電腦與通訊學系,工程學群,通訊工程學類,0204
036352,036,資訊管理學系,管理學群,資訊管理學類,1607
036362,036,音樂學系A組,藝術學群,音樂學類,0902
036372,036,音樂學系B組,藝術學群,音樂學類,0902
036382,036,視覺藝術學系美術組,藝術學群,美術學類,0901
036392,036,視覺藝術學系數位媒體設計組,藝術學群,數位媒體設計學類,0104
036402,036,體育學系,遊憩與運動學群,體育學類,1801
038012,038,全校不分系學士學位學程,跨領域學群,不分系學類,1901
038022,038,教育學系,教育學群,教育學類,1401
038032,038,幼兒教育學系,教育學群,幼兒教育學類,1403
038042,038,特殊教育學系,教育學群,特殊教育學類,1402
038052,038,文化資源與休閒產業學系,社會與心理學群,休閒與文化產業學類,1810
038062,038,數位媒體與文教產業學系(設計組),藝術學群,新媒體/設計學類,0904
038072,038,公共與文化事務學系,法政學群,公共行政/政策學類,1505
038082,038,身心整合與運動休閒產業學系,遊憩與運動學群,運動／休閒管理學類,1803
038092,038,英美語文學系,外語學群,英語文學類,1201
038102,038,華語文學系,文史哲學群,中文語文學類,1304
038112,038,生命科學系,生命科學學群,生命科學學類,0501
038122,038,資訊工程學系,資訊學群,資訊工程學類,0101
038132,038,資訊管理學系,資訊學群,資訊管理學類,1607
038142,038,應用數學系,數理化學群,數學學類,0301
038152,038,應用科學系化學及奈米科學組,數理化學群,化學學類,0302
038162,038,應用科學系物理暨光電科學組,工程學群,光電工程學類,0202
038172,038,綠能與資訊科技學系,工程學群,環境/能源科技學類,0705
038182,038,護理學系,醫藥衛生學群,護理學類,0409
038192,038,音樂學系(A組),藝術學群,音樂學類,0902
038202,038,音樂學系(B組),藝術學群,音樂學類,0902
038212,038,數位媒體與文教產業學系(創作組),藝術學群,新媒體/設計學類,0904
038222,038,美術產業學系,藝術學群,美術學類,0901
038232,038,體育學系,遊憩與運動學群,體育學類,1801
039012,039,休閒產業經營學系,遊憩與運動學群,休閒管理學類,1803
039022,039,運動保健學系(一般組),遊憩與運動學群,運動保健學類,1802
039032,039,休閒產業經營學系(青年儲蓄帳戶組),遊憩與運動學群,休閒管理學類,1803
039042,039,運動保健學系(青年儲蓄帳戶組),遊憩與運動學群,運動保健學類,1802
039052,039,體育推廣學系(青年儲蓄帳戶組),遊憩與運動學群,體育學類,1801
039062,039,適應體育學系(青年儲蓄帳戶組),遊憩與運動學群,特殊體育學類,1804
039072,039,體育推廣學系,遊憩與運動學群,體育學類,1801
039082,039,適應體育學系,遊憩與運動學群,特殊體育學類,1804
039092,039,運動保健學系(體育術科組),遊憩與運動學群,運動保健學類,1802
040012,040,護理學系,醫藥衛生學群,護理學類,0409
040022,040,管理學院學士班(主修：數位行銷與人力資源),管理學群,行銷經營學類,1604
040032,040,管理學院學士班(主修：財務金融),財經學群,財務金融學類,1703
040042,040,管理學院學士班(主修：國際企業管理),管理學群,國際企業學類,1704
040052,040,管理學院學士班(主修：會計),管理學群,會計學類,1605
040062,040,管理學院學士班(英語專班),管理學群,企業管理學類,1601
040072,040,應用外語學系,外語學群,英語文學類,1201
040082,040,中國語文學系,文史哲學群,中文語文學類,1304
040092,040,社會暨政策科學學系,社會與心理學群,公共政策學類,1505
040102,040,藝術與設計學系(AI創新組),藝術學群,新媒體/設計學類,0904
040112,040,人文社會學院英語學士班,外語學群,英語文學類,1201
040122,040,資訊管理學系,資訊學群,資訊管理學類,1607
040132,040,資訊管理學系(資安組),資訊學群,資訊管理學類,1607
040142,040,資訊傳播學系(智慧科技應用組),大眾傳播學群,資訊傳播學類,1101
040152,040,資訊傳播學系(數位媒體設計_創作組),大眾傳播學群,資訊傳播學類,1101
040162,040,資訊工程學系,資訊學群,資訊工程學類,0101
040172,040,資訊工程學系(資安組),資訊學群,資訊工程學類,0101
040182,040,資訊工程學系(APCS組),資訊學群,資訊工程學類,0101
040192,040,資訊學院英語學士班,外語學群,英語文學類,1201
040202,040,機械工程學系,工程學群,機械工程學類,0203
040212,040,化學工程與材料科學學系,工程學群,材料工程學類,0205
040222,040,工業工程與管理學系,工程學群,工業工程學類,0206
040232,040,工程學院英語學士班,工程學群,工程科學學類,0299
040242,040,電機工程學系(甲組),工程學群,電機工程學類,0201
040252,040,電機工程學系(甲組)(APCS組),工程學群,電機工程學類,0201
040262,040,電機工程學系(乙組),工程學群,電機工程學類,0201
040272,040,電機工程學系(丙組),工程學群,電機工程學類,0201
040282,040,電機通訊學院英語學士班,工程學群,電機工程學類,0201
040292,040,藝術與設計學系(藝術與設計組),藝術學群,藝術與設計學類,0904
040302,040,資訊傳播學系(數位媒體設計_美術組),大眾傳播學群,資訊傳播學類,1101
041012,041,中國文學系,文史哲學群,中國語文學類,1304
041022,041,外國語文學系,外語學群,英語文學類,1201
041032,041,歷史學系,文史哲學群,歷史學類,1305
041042,041,哲學系,文史哲學群,哲學學類,1306
041052,041,數學系,數理化學群,數學學類,0301
041062,041,地球與環境科學系,地球與環境學群,地球科學學類,0702
041072,041,物理學系,數理化學群,物理學類,0302
041082,041,化學暨生物化學系,數理化學群,化學學類,0302
041092,041,生物醫學科學系,生命科學學群,生命科學學類,0501
041102,041,社會福利學系,社會與心理學群,社會工作學類,1003
041112,041,心理學系,社會與心理學群,心理學類,1001
041122,041,勞工關係學系,社會與心理學群,人力資源與勞工關係學類,1506
041132,041,政治學系,法政學群,政治學類,1503
041142,041,傳播學系,大眾傳播學群,資訊傳播學類,1101
041152,041,資訊工程學系,資訊學群,資訊工程學類,0101
041162,041,電機工程學系,工程學群,電機工程學類,0201
041172,041,機械工程學系機械工程組,工程學群,機械工程學類,0203
041182,041,機械工程學系光機電整合工程組,工程學群,機械工程學類,0203
041192,041,機械工程國際學士學位學程,工程學群,機械工程學類,0203
041202,041,化學工程學系,工程學群,化學工程學類,0210
041212,041,通訊工程學系,工程學群,通訊工程學類,0204
041222,041,經濟學系,財經學群,經濟學類,1707
041232,041,財務金融學系,財經學群,財務金融學類,1703
041242,041,企業管理學系,管理學群,企業管理學類,1601
041252,041,會計與資訊科技學系,管理學群,會計學類,1605
041262,041,資訊管理學系,資訊學群,資訊管理學類,1607
041272,041,資訊管理學系(APCS組),資訊學群,資訊管理學類,1607
041282,041,法律學系法學組,法政學群,法律學類,1502
041292,041,法律學系法制組,法政學群,法律學類,1502
041302,041,財經法律學系,法政學群,法律學類,1502
041312,041,成人及繼續教育學系,教育學群,教育學類,1401
041322,041,犯罪防治學系,社會與心理學群,社會工作／法律交叉學類,1507
041332,041,紫荊不分系學士學位學程,跨領域學群,不分系學類,1901
041342,041,嘉星招生甲組(工),工程學群,工程綜合學類,0299
041352,041,嘉星招生乙組(管),管理學群,管理綜合學類,1699
041362,041,嘉星招生丙組(法),法政學群,法政綜合學類,1599
041372,041,嘉星招生丁組(文),文史哲學群,文學綜合學類,1399
041382,041,嘉星招生戊組(理),數理化學群,理學綜合學類,0399
041392,041,嘉星招生己組(社),社會與心理學群,社會科學綜合學類,1099
041402,041,嘉星招生庚組(教),教育學群,教育學類,1401
041412,041,嘉星招生辛組(心),社會與心理學群,心理學類,1001
042012,042,機械與自動化工程學系(智慧車輛與綠能科技組),工程學群,機械工程學類,0203
042022,042,機械與自動化工程學系(AI機械與機器人科技組),工程學群,機械工程學類,0203
042032,042,電機工程學系(半導體與光電組),工程學群,電機工程學類,0201
042042,042,電機工程學系(智慧系統組),工程學群,電機工程學類,0201
042052,042,電機工程學系(APCS組),工程學群,電機工程學類,0201
042062,042,半導體學士學位學程,工程學群,材料/半導體工程學類,0205
042072,042,資訊工程學系(資訊工程組),資訊學群,資訊工程學類,0101
042082,042,資訊工程學系(人工智慧組),資訊學群,資訊工程學類,0101
042092,042,資訊工程學系(APCS組),資訊學群,資訊工程學類,0101
042102,042,環境與安全工程學系(環境永續組),工程學群,環境工程學類,0703
042112,042,環境與安全工程學系(安全科技組),工程學群,環境工程學類,0703
042122,042,環境與安全工程學系(青年儲蓄帳戶組),工程學群,環境工程學類,0703
042132,042,會計與資訊管理學系(人工智慧科技管理組),管理學群,資訊管理學類,1607
042142,042,會計與資訊管理學系(會計暨投資理財組),管理學群,會計學類,1605
042152,042,會計與資訊管理學系(青年儲蓄帳戶組),管理學群,會計學類,1605
042162,042,財務金融學系(銀行專業組),財經學群,財務金融學類,1703
042172,042,財務金融學系(智慧投資組),財經學群,財務金融學類,1703
042182,042,財務金融學系(公司財務組),財經學群,財務金融學類,1703
042192,042,財務金融學系(青年儲蓄帳戶組),財經學群,財務金融學類,1703
042202,042,應用日語學系(AI商務應用組),外語學群,東方語文學類,1204
042212,042,應用日語學系(觀光旅遊組),外語學群,東亞語文學類,1204
042222,042,生物醫學系(生物醫藥組),生命科學學群,生物醫學工程學類,0506
042232,042,生物醫學系(檢驗醫學組),生命科學學群,生命科學學類,0501
042242,042,藥用植物與食品保健學系(藥粧保健組),生命科學學群,藥用與保健科學學類,0609
042252,042,藥用植物與食品保健學系(食藥生技組),生命科學學群,藥用與保健科學學類,0609
042262,042,觀光休閒學系,遊憩與運動學群,觀光／休閒管理學類,1804
042272,042,觀光休閒學系(青年儲蓄帳戶組),遊憩與運動學群,觀光／休閒管理學類,1804
042282,042,餐旅管理學系,遊憩與運動學群,餐旅管理學類,1801
042292,042,餐旅管理學系(青年儲蓄帳戶組),遊憩與運動學群,餐旅管理學類,1801
042302,042,烘焙暨飲料調製學士學位學程,遊憩與運動學群,餐旅／飲食管理學類,1801
042312,042,烘焙暨飲料調製學士學位學程(青年儲蓄帳戶組),遊憩與運動學群,餐旅／飲食管理學類,1801
042322,042,護理學系,醫藥衛生學群,護理學類,0409
042332,042,視光學系(國際組),醫藥衛生學群,視光學類,0410
042342,042,視光學系(臨床組),醫藥衛生學群,視光學類,0410
042352,042,職能治療學系(A組),醫藥衛生學群,職能治療學類,0404
042362,042,職能治療學系(B組),醫藥衛生學群,職能治療學類,0404
042372,042,設計學系(工業設計組),建築與設計學群,工業設計學類,0805
042382,042,設計學系(視覺傳達設計組),建築與設計學群,視覺設計學類,0802
042392,042,多媒體數位內容學士學位學程(動畫與影視特效組),藝術學群,新媒體/設計學類,0904
042402,042,多媒體數位內容學士學位學程(遊戲與人工智慧應用組),藝術學群,新媒體/設計學類,0904
042412,042,多媒體數位內容學士學位學程(動漫美術與模型製作組),藝術學群,新媒體/設計學類,0904
042422,042,多媒體數位內容學士學位學程(漫畫創作組),藝術學群,新媒體/設計學類,0904
042432,042,AI創新設計學士學位學程(商業視覺設計組),藝術學群,新媒體/設計學類,0904
042442,042,AI創新設計學士學位學程(創新數位媒體組),藝術學群,新媒體/設計學類,0904
042452,042,空間設計學系建築組,建築與設計學群,建築學類,0706
042462,042,空間設計學系建築組(青年儲蓄帳戶組),建築與設計學群,建築學類,0706
042472,042,空間設計學系室內設計組,建築與設計學群,室內設計學類,0804
042482,042,空間設計學系室內設計組(青年儲蓄帳戶組),建築與設計學群,室內設計學類,0804
042492,042,運動健康管理學系,遊憩與運動學群,運動健康管理學類,1802
044012,044,智慧生活科技學系大數據與管理組,管理學群,資訊管理學類,1607
044022,044,智慧生活科技學系智慧產品開發組,工程學群,工業工程學類,0206
044032,044,智慧生活設計學系空間設計組,建築與設計學群,室內設計學類,0804
044042,044,智慧生活設計學系空間設計組(青年儲蓄帳戶組),建築與設計學群,室內設計學類,0804
044052,044,智慧生活設計學系創意產品與汽車設計組,建築與設計學群,工業設計學類,0805
044062,044,攝影與VR設計學系攝影與科技藝術組,藝術學群,新媒體/設計學類,0904
044072,044,攝影與VR設計學系VR與互動媒體組,藝術學群,新媒體/設計學類,0904
044082,044,佛教藝術學系佛學組,文史哲學群,宗教學類,1303
044092,044,佛教藝術學系藝術組,藝術學群,藝術與設計學類,0903
044102,044,美術與文創學系文創設計組,藝術學群,藝術與設計學類,0903
044112,044,美術與文創學系美術創作組,藝術學群,美術學類,0901
045012,045,電機工程學系,電機通訊學群,電機工程學類,0301
045022,045,電子工程學系,電機通訊學群,電子工程學類,0302
045032,045,資訊工程學系資訊工程組,資訊學群,資訊工程學類,1501
045042,045,資訊工程學系資訊應用組,資訊學群,資訊工程學類,1501
045052,045,資訊工程學系(APCS組),資訊學群,資訊工程學類,1501
045062,045,資訊工程學系(資安組),資訊學群,資訊管理學類,1607
045072,045,機械與自動化工程學系,工程學群,機械工程學類,0201
045082,045,化學工程學系,工程學群,化學工程學類,0202
045092,045,土木工程學系,工程學群,土木工程學類,0203
045102,045,材料科學與工程學系,工程學群,材料工程學類,0204
045112,045,生物醫學工程學系,生命科學學群,生物醫學工程學類,0705
045122,045,智慧科技英語學士學位學程,資訊學群,資訊管理學類,1607
045132,045,半導體學士學位學程,工程學群,電子工程學類,0302
045142,045,資訊管理學系人工智慧技術與應用組,管理學群,資訊管理學類,1607
045152,045,資訊管理學系智慧商務與物聯網組,管理學群,資訊管理學類,1607
045162,045,企業管理學系,管理學群,企業管理學類,1601
045172,045,財務金融管理學系,管理學群,財務金融學類,1603
045182,045,會計學系,管理學群,會計學類,1602
045192,045,醫務管理學系,管理學群,醫務管理學類,1606
045202,045,餐旅管理學系,民生與餐旅學群,餐旅管理學類,1102
045212,045,廚藝暨美食學學系,民生與餐旅學群,餐飲學類,1103
045222,045,國際企業經營英語學士學位學程(國際學院),管理學群,國際企業學類,1604
045232,045,應用日語學系,外語學群,日本語文學類,1203
045242,045,大眾傳播學系,社會與心理學群,傳播學類,1005
045252,045,電影與電視學系,藝術學群,戲劇與影視學類,0902
045262,045,醫學科學與生物科技學系醫藥組,生命科學學群,生物科技學類,0704
045272,045,醫學科學與生物科技學系生技組,生命科學學群,生物科技學類,0704
045282,045,營養學系,生命科學學群,營養學類,0703
045292,045,護理學系,醫藥衛生學群,護理學類,0603
045302,045,醫學影像暨放射科學系,醫藥衛生學群,放射醫學類,0610
045312,045,物理治療學系,醫藥衛生學群,物理治療學類,0605
045322,045,職能治療學系,醫藥衛生學群,職能治療學類,0606
045332,045,醫學檢驗技術學系,醫藥衛生學群,醫事檢驗學類,0607
045342,045,醫學系(公費生),醫藥衛生學群,醫學學類,0601
045352,045,視覺藝術與設計學系,藝術學群,藝術與設計學類,0903
046012,046,企業管理學系品牌行銷組（臺北校區）,管理學群,企業管理學類,1601
046022,046,企業管理學系企業管理組（臺北校區）,管理學群,企業管理學類,1601
046032,046,會計學系會計審計組（臺北校區）,管理學群,會計學類,1602
046042,046,會計學系稅務規劃組（臺北校區）,管理學群,會計學類,1602
046052,046,財務金融學系（臺北校區）,管理學群,財務金融學類,1603
046062,046,資訊應用與金融保險學系金融組（臺北校區）,資訊學群,資訊管理學類,1607
046072,046,資訊應用與金融保險學系資訊組（臺北校區）,資訊學群,資訊管理學類,1607
046082,046,國際企業學系跨境電商經營組（臺北校區）,管理學群,國際企業學類,1604
046092,046,國際企業學系外貿行銷管理組（臺北校區）,管理學群,國際企業學類,1604
046102,046,人工智慧應用暨管理學士學位學程（臺北校區）,資訊學群,資訊管理學類,1607
046112,046,新媒體暨傳播管理學系（臺北校區）,社會與心理學群,傳播學類,1005
046122,046,廣播電視學系（臺北校區）,藝術學群,戲劇與影視學類,0902
046132,046,廣告暨策略行銷學系（臺北校區）,管理學群,企業管理學類,1601
046142,046,影音新聞暨社群傳播學系（臺北校區）,社會與心理學群,傳播學類,1005
046152,046,傳播學院全媒體大一不分系學士班（臺北校區）,社會與心理學群,傳播學類,1005
046162,046,法律學系（臺北校區）,法政學群,法律學類,1401
046172,046,財金法律學系（臺北校區）,法政學群,法律學類,1401
046182,046,國際企業與貿易學士學位學程（全英語課程．臺北校區）,管理學群,國際企業學類,1604
046192,046,新聞與大眾傳播學士學位學程（全英語課程．臺北校區）,社會與心理學群,傳播學類,1005
046202,046,時尚與創新管理學士學位學程（全英語課程．臺北校區）,管理學群,企業管理學類,1601
046212,046,國際事務與外交學士學位學程（全英語課程．臺北校區）,法政學群,政治學類,1402
046222,046,資訊科技應用與管理學士學位學程（全英語授課．桃園校區）,資訊學群,資訊管理學類,1607
046232,046,應用中文與華語文教學系文教傳播組（桃園校區）,文史哲學群,中國語文學類,1304
046242,046,應用中文與華語文教學系語文創作組（桃園校區）,文史哲學群,中國語文學類,1304
046252,046,應用英語學系（桃園校區）,外語學群,英語文學類,1201
046262,046,應用日語學系（桃園校區）,外語學群,日本語文學類,1203
046272,046,商業設計學系（桃園校區）,藝術學群,藝術與設計學類,0903
046282,046,商品設計學系（桃園校區）,藝術學群,藝術與設計學類,0903
046292,046,數位媒體設計學系（桃園校區）,藝術學群,藝術與設計學類,0903
046302,046,建築學系（桃園校區）,建築與設計學群,建築學類,0801
046312,046,都市設計與永續發展學系智慧城市與無人機應用組（桃園校區）,建築與設計學群,都市計畫學類,0803
046322,046,都市設計與永續發展學系都市更新與土地開發組（桃園校區）,建築與設計學群,都市計畫學類,0803
046332,046,觀光事業學系（桃園校區）,民生與餐旅學群,餐旅管理學類,1102
046342,046,休閒遊憩管理學系（桃園校區）,民生與餐旅學群,休閒與遊憩管理學類,1101
046352,046,餐旅管理學系（桃園校區）,民生與餐旅學群,餐旅管理學類,1102
046362,046,犯罪防治學系（桃園校區）,法政學群,司法學類,1404
046372,046,公共事務與行政管理學系（桃園校區）,法政學群,公共行政學類,1403
046382,046,諮商臨床與工商心理學系（桃園校區）,社會與心理學群,心理學類,1002
046392,046,金融學系（桃園校區）,財經學群,財務金融學類,1703
046402,046,金融科技應用學系（桃園校區）,財經學群,財務金融學類,1703
046412,046,資訊管理學系人工智慧應用組（桃園校區）,管理學群,資訊管理學類,1607
046422,046,資訊管理學系巨量資料管理組（桃園校區）,管理學群,資訊管理學類,1607
046432,046,資訊管理學系電子商務管理組（桃園校區）,管理學群,資訊管理學類,1607
046442,046,人工智慧應用學系（桃園校區）,資訊學群,資訊工程學類,1501
046452,046,資訊工程學系甲組（桃園校區）,資訊學群,資訊工程學類,1501
046462,046,資訊工程學系乙組（桃園校區）,資訊學群,資訊工程學類,1501
046472,046,電機工程學系（桃園校區）,電機通訊學群,電機工程學類,0301
046482,046,半導體應用學士學位學程（桃園校區）,工程學群,電子工程學類,0302
046492,046,智慧醫療與永續管理學系健康永續管理組（桃園校區）,醫藥衛生學群,公共衛生學類,0609
046502,046,智慧醫療與永續管理學系智慧醫療產業組（桃園校區）,醫藥衛生學群,公共衛生學類,0609
046512,046,生物科技學系智慧應用生技組（桃園校區）,生命科學學群,生物科技學類,0704
046522,046,生物科技學系食品生技組（桃園校區）,生命科學學群,生物科技學類,0704
046532,046,生物醫學工程學系生醫光電組（桃園校區）,生命科學學群,生物醫學工程學類,0705
046542,046,生物醫學工程學系人工智慧醫療組（桃園校區）,生命科學學群,生物醫學工程學類,0705
046552,046,資訊應用與金融保險學系（青年儲蓄帳戶組．臺北校區）,資訊學群,資訊管理學類,1607
046562,046,影音新聞暨社群傳播學系（青年儲蓄帳戶組．臺北校區）,社會與心理學群,傳播學類,1005
046572,046,金融科技應用學系（青年儲蓄帳戶組．桃園校區）,財經學群,財務金融學類,1703
046582,046,智慧醫療與永續管理學系（青年儲蓄帳戶組．桃園校區）,醫藥衛生學群,公共衛生學類,0609
047012,047,新聞學系,大眾傳播學群,新聞傳播學類,1101
047022,047,廣播電視電影學系廣播與聲音設計組,大眾傳播學群,傳播製作學類,1102
047032,047,廣播電視電影學系電視組,大眾傳播學群,傳播製作學類,1102
047042,047,廣播電視電影學系電影組,大眾傳播學群,傳播製作學類,1102
047052,047,圖文傳播學系,大眾傳播學群,傳播設計學類,1103
047062,047,公共關係暨廣告學系,大眾傳播學群,廣告與公關學類,1104
047072,047,口語傳播暨社群媒體學系,大眾傳播學群,傳播學類,1101
047082,047,資訊傳播學系,大眾傳播學群,資訊傳播學類,1101
047092,047,數位多媒體設計學系,藝術學群,新媒體/設計學類,0904
047102,047,傳播管理學系,管理學群,企業管理學類,1601
047112,047,資訊管理學系智慧商務暨數據傳播組,資訊學群,資訊管理學類,1607
047122,047,資訊管理學系智慧商務暨數據傳播組(資安組),資訊學群,資訊管理學類,1607
047132,047,資訊管理學系人工智慧暨科技傳播組,資訊學群,資訊管理學類,1607
047142,047,資訊管理學系人工智慧暨科技傳播組(資安組),資訊學群,資訊 management學類,1607
047152,047,財務金融學系,財經學群,財務金融學類,1703
047162,047,行政管理學系行政與法律組,法政學群,行政管理學類,1504
047172,047,行政管理學系政策與傳播組,法政學群,公共政策學類,1505
047182,047,觀光學系餐旅經營管理組,民生與餐旅學群,餐旅管理學類,1102
047192,047,觀光學系旅遊暨休閒事業管理組,民生與餐旅學群,休閒旅遊管理學類,1101
047202,047,經濟學系產業經濟組,財經學群,經濟學類,1707
047212,047,經濟學系總體金融組,財經學群,經濟學類,1707
047222,047,經濟學系AI與商業分析組,財經學群,經濟學類,1707
047232,047,企業管理學系人工智慧管理組,管理學群,企業管理學類,1601
047242,047,企業管理學系跨域創新組,管理學群,企業管理學類,1601
047252,047,社會心理學系,社會與心理學群,心理學類,1001
047262,047,英語暨傳播應用學系,外語學群,英語文學類,1201
047272,047,日本語文學系,外語學群,日本語文學類,1203
047282,047,法律學系,法政學群,法律學類,1502
050012,050,食品營養與保健生技學系(臺北校區),醫藥衛生學群,食品營養保健學類,1807
050022,050,食品營養與保健生技學系食品創新與科技法律組(臺北校區),醫藥衛生學群,食品營養保健學類,1807
050032,050,食品營養與保健生技學系(青年儲蓄帳戶組)(臺北校區),醫藥衛生學群,食品營養保健學類,1807
050042,050,社會工作學系兒少、家庭與司法組(臺北校區),社會與心理學群,社會工作學類,1003
050052,050,社會工作學系老人、長照與身障組(臺北校區),社會與心理學群,社會工作學類,1003
050062,050,社會工作學系心理衛生與醫務組(臺北校區),社會與心理學群,社會工作學類,1003
050072,050,家庭研究與兒童發展學系幼兒教保組(臺北校區),教育學群,幼兒教育學類,1403
050082,050,家庭研究與兒童發展學系家庭教育與輔導組(臺北校區),教育學群,教育學類,1401
050092,050,餐飲管理學系廚藝組(臺北校區),民生與餐旅學群,餐旅管理學類,1102
050102,050,餐飲管理學系餐旅組(臺北校區),民生與餐旅學群,餐旅管理學類,1102
050112,050,法律學系(臺北校區),法政學群,法律學類,1501
050122,050,服裝設計學系(臺北校區),藝術學群,時尚設計學類,0908
050132,050,媒體傳達設計學系動畫影像設計組(臺北校區),藝術學群,新媒體/設計學類,0904
050142,050,媒體傳達設計學系創意媒體設計組(臺北校區),藝術學群,新媒體/設計學類,0904
050152,050,工業產品設計學系(臺北校區),藝術學群,工藝設計學類,0906
050162,050,建築設計學系人文藝術組(臺北校區),建築與設計學群,建築學類,0801
050172,050,建築設計學系創意科技組(臺北校區),建築與設計學群,建築學類,0801
050182,050,建築職人學士學位學程(臺北校區),建築與設計學群,建築學類,0801
050192,050,會計學系會計審計組(臺北校區),管理學群,會計學類,1602
050202,050,會計學系永續會計組(臺北校區),管理學群,會計學類,1602
050212,050,國際經營與貿易學系經貿管理組(臺北校區),財經學群,國際企業學類,1704
050222,050,國際經營與貿易學系跨境行銷組(臺北校區),財經學群,國際企業學類,1704
050232,050,國際經營與貿易學系國際金融組(臺北校區),財經學群,國際企業學類,1704
050242,050,國際經營與貿易學系智慧物流組(臺北校區),財經學群,國際企業學類,1704
050252,050,企業管理學系策略管理組(臺北校區),管理學群,企業管理學類,1601
050262,050,企業管理學系ＡＩ行銷組(臺北校區),管理學群,企業管理學類,1601
050272,050,企業管理學系綠色永續組(臺北校區),管理學群,企業管理學類,1601
050282,050,企業管理學系創新創業組(臺北校區),管理學群,企業管理學類,1601
050292,050,企業管理學系(青年儲蓄帳戶組)(臺北校區),管理學群,企業管理學類,1601
050302,050,財務金融學系(臺北校區),財經學群,財務金融學類,1703
050312,050,財務金融學系數位行銷設計組(臺北校區),財經學群,財務金融學類,1703
050322,050,風險管理與保險學系(臺北校區),財經學群,保險學類,1706
050332,050,應用外語學系(臺北校區),外語學群,外語學類,1201
050342,050,應用外語學系數位應用組(臺北校區),外語學群,外語學類,1201
050352,050,資訊科技與管理學系人工智慧與大數據組(臺北校區),資訊學群,資訊管理學類,1607
050362,050,資訊科技與管理學系雲端運算與物聯網組(臺北校區),資訊學群,資訊管理學類,1607
050372,050,資訊科技與管理學系數位媒體設計組(臺北校區),資訊學群,資訊管理學類,1607
050382,050,資訊科技與管理學系(APCS組)(臺北校區),資訊學群,資訊管理學類,1607
050392,050,資訊科技與管理學系(資安組)(臺北校區),資訊學群,資訊管理學類,1607
050402,050,資訊科技與管理學系(青年儲蓄帳戶組)(臺北校區),資訊學群,資訊管理學類,1607
050412,050,國際企業英語學士學位學程(社會組)(臺北校區),外語學群,英語教育學類,1204
050422,050,國際企業英語學士學位學程(自然組)(臺北校區),外語學群,英語教育學類,1204
050432,050,智慧服務管理英語學士學位學程(社會組)(臺北校區),管理學群,企業管理學類,1601
050442,050,智慧服務管理英語學士學位學程(自然組)(臺北校區),管理學群,企業管理學類,1601
050452,050,國際企業管理學系公司理財投資組(高雄校區),財經學群,國際企業學類,1704
050462,050,國際企業管理學系外匯數位金融組(高雄校區),財經學群,國際企業學類,1704
050472,050,國際企業管理學系品牌行銷企劃組(高雄校區),財經學群,國際企業學類,1704
050482,050,國際企業管理學系日韓商務與貿易組(高雄校區),財經學群,國際企業學類,1704
050492,050,金融管理學系金融實務組(高雄校區),財經學群,財務金融學類,1703
050502,050,金融管理學系數位金融組(高雄校區),財經學群,財務金融學類,1703
050512,050,金融管理學系金融商品組(高雄校區),財經學群,財務金融學類,1703
050522,050,金融管理學系產業實習組(高雄校區),財經學群,財務金融學類,1703
050532,050,金融管理學系財務金融組(高雄校區),財經學群,財務金融學類,1703
050542,050,資訊管理學系物聯網應用組(高雄校區),資訊學群,資訊管理學類,1607
050552,050,資訊管理學系人工智慧與雲端應用組(高雄校區),資訊學群,資訊管理學類,1607
050562,050,資訊管理學系資訊科技組(高雄校區),資訊學群,資訊管理學類,1607
050572,050,資訊科技與通訊學系智慧機器人組(高雄校區),資訊學群,資訊工程學類,1606
050582,050,資訊科技與通訊學系人工智慧組(高雄校區),資訊學群,資訊工程學類,1606
050592,050,資訊科技與通訊學系無人機組(高雄校區),資訊學群,資訊工程學類,1606
050602,050,資訊科技與通訊學系App設計組(高雄校區),資訊學群,資訊工程學類,1606
050612,050,資訊科技與通訊學系(青年儲蓄帳戶組)(高雄校區),資訊學群,資訊工程學類,1606
050622,050,數位多媒體遊戲設計學系互動遊戲設計組(高雄校區),藝術學群,新媒體/設計學類,0904
050632,050,數位多媒體遊戲設計學系(青年儲蓄帳戶組)(高雄校區),藝術學群,新媒體/設計學類,0904
050642,050,電腦動畫學士學位學程3D動畫製作及視覺特效組(高雄校區),藝術學群,新媒體/設計學類,0904
050652,050,電腦動畫學士學位學程2D3D動畫通修組(高雄校區),藝術學群,新媒體/設計學類,0904
050662,050,觀光管理學系文化與自然旅遊經營組(高雄校區),民生與餐旅學群,休閒旅遊管理學類,1101
050672,050,休閒產業管理學系環境教育與休閒規劃設計組(高雄校區),民生與餐旅學群,休閒旅遊管理學類,1101
050682,050,休閒產業管理學系精品咖啡烘焙經營組(高雄校區),民生與餐旅學群,休閒旅遊管理學類,1101
050692,050,休閒產業管理學系(青年儲蓄帳戶組)(高雄校區),民生與餐旅學群,休閒旅遊管理學類,1101
050702,050,應用日文學系(高雄校區),外語學群,日本語文學類,1203
050712,050,應用日文學系商務組(高雄校區),外語學群,日本語文學類,1203
050722,050,應用日文學系翻譯組(高雄校區),外語學群,日本語文學類,1203
050732,050,應用日文學系實習組(高雄校區),外語學群,日本語文學類,1203
050742,050,應用日文學系(青年儲蓄帳戶組)(高雄校區),外語學群,日本語文學類,1203
050752,050,音樂學系(臺北校區),藝術學群,音樂學類,0903
050762,050,音樂學系Ｂ組(臺北校區),藝術學群,音樂學類,0903
050772,050,數位多媒體遊戲設計學系數位多媒體與AI應用設計組(高雄校區),藝術學群,新媒體/設計學類,0904
050782,050,數位多媒體遊戲設計學系3D多媒體遊戲美術設計組(高雄校區),藝術學群,新媒體/設計學類,0904
050792,050,數位多媒體遊戲設計學系遊戲美術設計組(高雄校區),藝術學群,新媒體/設計學類,0904
050802,050,電腦動畫學士學位學程2D動畫創作製作組(高雄校區),藝術學群,新媒體/設計學類,0904
050812,050,電腦動畫學士學位學程2D動畫美術設計組(高雄校區),藝術學群,新媒體/設計學類,0904
050822,050,服飾設計與經營學系品牌經營與行銷組(高雄校區),藝術學群,時尚設計學類,0908
050832,050,服飾設計與經營學系服飾設計與數位應用組(高雄校區),藝術學群,時尚設計學類,0908
050842,050,時尚設計學系媒傳影像設計組(高雄校區),藝術學群,時尚設計學類,0908
050852,050,時尚設計學系髮妝造型設計組(高雄校區),藝術學群,時尚設計學類,0908
050862,050,時尚設計學系服裝造型設計組(高雄校區),藝術學群,時尚設計學類,0908
050872,050,觀光管理學系旅運暨運動觀光事業組(高雄校區),民生與餐旅學群,休閒旅遊管理學類,1101
050882,050,休閒產業管理學系遊憩運動企劃組(高雄校區),民生與餐旅學群,休閒旅遊管理學類,1101
051012,051,企業管理學系行銷組,管理學群,行銷經營學類,1604
051022,051,企業管理學系數位經營組,管理學群,企業管理學類,1601
051032,051,企業管理學系企業永續發展組,管理學群,企業管理學類,1601
051042,051,企業管理學系創新應用組,管理學群,企業管理學類,1601
051052,051,企業管理學系(青年儲蓄帳戶組),管理學群,企業管理學類,1601
051062,051,國際企業學系國際經營管理組,財經學群,國際企業學類,1704
051072,051,國際企業學系金融貿易組,財經學群,國際企業學類,1704
051082,051,國際企業學系航運物流組,財經學群,國際企業學類,1704
051092,051,會計資訊學系財務應用組,管理學群,會計學類,1602
051102,051,會計資訊學系稅務應用組,管理學群,會計學類,1602
051112,051,會計資訊學系產業實習組,管理學群,會計學類,1602
051122,051,航運管理學系,財經學群,航運管理學類,1705
051132,051,財務金融學系金融科技組,財經學群,財務金融學類,1703
051142,051,財務金融學系投資理財組,財經學群,財務金融學類,1703
051152,051,財務金融學系金融實務組,財經學群,財務金融學類,1703
051162,051,財務金融學系產業實習組,財經學群,財務金融學類,1703
051172,051,財務金融學系(青年儲蓄帳戶組),財經學群,財務金融學類,1703
051182,051,觀光與餐飲管理學系專業技術組,民生與餐旅學群,餐旅管理學類,1102
051192,051,觀光與餐飲管理學系日韓交流組,民生與餐旅學群,餐旅管理學類,1102
051202,051,觀光與餐飲管理學系國際雙聯組,民生與餐旅學群,餐旅管理學類,1102
051212,051,觀光與餐飲管理學系(青年儲蓄帳戶組),民生與餐旅學群,餐旅管理學類,1102
051222,051,醫務管理學系,生命科學學群,醫務管理學類,0708
051232,051,生物科技學系生技醫學組,生命科學學群,生物科技學類,0704
051242,051,生物科技學系生物檢測組,生命科學學群,生物科技學類,0704
051252,051,健康心理學系,社會與心理學群,心理學類,1001
051262,051,保健營養學系,生命科學學群,營養與健康學類,0703
051272,051,護理學系,醫藥衛生學群,護理學類,1804
051282,051,職業安全與衛生學系職業安全衛生管理組,工程學群,安全衛生學類,1901
051292,051,職業安全與衛生學系安全衛生AI科技組,工程學群,安全衛生學類,1901
051302,051,職業安全與衛生學系職業安全組,工程學群,安全衛生學類,1901
051312,051,職業安全與衛生學系職業衛生組,工程學群,安全衛生學類,1901
051322,051,職業安全與衛生學系(青年儲蓄帳戶組),工程學群,安全衛生學類,1901
051332,051,食品安全衛生與檢驗學士學位學程食品安全管理組,生命科學學群,食品科學學類,0703
051342,051,食品安全衛生與檢驗學士學位學程食品科技組,生命科學學群,食品科學學類,0703
051352,051,食品安全衛生與檢驗學士學位學程食品檢驗組,生命科學學群,食品科學學類,0703
051362,051,消防安全學士學位學程消防實務管理組,工學學群,消防科技學類,1902
051372,051,消防安全學士學位學程火場鑑識組,工學學群,消防科技學類,1902
051382,051,消防安全學士學位學程消防防災技術組,工學學群,消防科技學類,1902
051392,051,消防安全學士學位學程(青年儲蓄帳戶組),工學學群,消防科技學類,1902
051402,051,綠能與環境資源學系綠能產業管理組,地球與環境學群,環境管理學類,0504
051412,051,綠能與環境資源學系綠能產業實務組,地球與環境學群,環境管理學類,0504
051422,051,綠能與環境資源學系綠能環境科技組,地球與環境學群,環境科學學類,0503
051432,051,營建工程安全學士學位學程,工程學群,土木工程學類,0205
051442,051,大眾傳播學系,大眾傳播學群,新聞傳播學類,1101
051452,051,翻譯學系智慧科技與經貿媒體跨域組,外語學群,翻譯學類,1205
051462,051,翻譯學系語文教學與觀光會展實務組,外語學群,翻譯學類,1205
051472,051,社會工作學系A組,社會與心理學群,社會工作學類,1003
051482,051,社會工作學系B組,社會與心理學群,社會工作學類,1003
051492,051,社會工作學系(青年儲蓄帳戶組),社會與心理學群,社會工作學類,1003
051502,051,應用日語學系語文翻譯組,外語學群,日本語文學類,1203
051512,051,應用日語學系觀光產業組,外語學群,日本語文學類,1203
051522,051,數位媒體設計學系數位媒體設計組,藝術學群,新媒體/設計學類,0904
051532,051,數位媒體設計學系互動設計組,藝術學群,新媒體/設計學類,0904
051542,051,資訊工程學系,資訊學群,資訊工程學類,1606
051552,051,資訊工程學系(APCS組),資訊學群,資訊工程學類,1606
051562,051,美術學系藝術創作組,藝術學群,美術學類,0901
051572,051,美術學系應用藝術組,藝術學群,美術學類,0901
051582,051,書畫藝術學系甲組,藝術學群,書畫藝術學類,0902
051592,051,書畫藝術學系乙組,藝術學群,書畫藝術學類,0902
051602,051,運動競技學系,體育學群,運動競技學類,2001
056012,056,圖文傳播藝術學系,藝術學群,新媒體/設計學類,0904
056022,056,廣播電視學系,大眾傳播學群,傳播製作學類,1102
056032,056,電影學系,大眾傳播學群,傳播製作學類,1102
056042,056,戲劇學系,藝術學群,戲劇學類,0905
056052,056,音樂學系,藝術學群,音樂學類,0903
056062,056,中國音樂學系作曲組,藝術學群,音樂學類,0903
056072,056,中國音樂學系聲樂組,藝術學群,音樂學類,0903
056082,056,中國音樂學系管樂組,藝術學群,音樂學類,0903
056092,056,中國音樂學系彈弦組,藝術學群,音樂學類,0903
056102,056,中國音樂學系撥弦組,藝術學群,音樂學類,0903
056112,056,中國音樂學系擦弦組（一）–胡琴,藝術學群,音樂學類,0903
056122,056,中國音樂學系擦弦組（二）–低音擦弦,藝術學群,音樂學類,0903
056132,056,中國音樂學系擊樂組,藝術學群,音樂學類,0903
056142,056,美術學系,藝術學群,美術學類,0901
056152,056,書畫藝術學系,藝術學群,書畫藝術學類,0902
056162,056,雕塑學系,藝術學群,美術學類,0901
056172,056,古蹟藝術修護學系,藝術學群,文物保存學類,1307
056182,056,視覺傳達設計學系,藝術學群,新媒體/設計學類,0904
056192,056,工藝設計學系,藝術學群,工藝設計學類,0906
056202,056,多媒體動畫藝術學系,藝術學群,新媒體/設計學類,0904
056212,056,舞蹈學系,藝術學群,舞蹈學類,0907
058012,058,中國語文學系,文史哲學群,中國語文學類,1304
058022,058,外國語文學系,外語學群,外語學類,1201
058032,058,社會政策與社會工作學系,社會與心理學群,社會工作學類,1003
058042,058,公共行政與政策學系,法政學群,公共政策學類,1505
058052,058,歷史學系,文史哲學群,歷史學類,1305
058062,058,東南亞學系,社會與心理學群,區域研究學類,1006
058072,058,國際企業學系,財經學群,國際企業學類,1704
058082,058,經濟學系,財經學群,經濟學類,1707
058092,058,資訊管理學系,資訊學群,資訊管理學類,1607
058102,058,資訊管理學系(資安組),資訊學群,資訊管理學類,1607
058112,058,財務金融學系,財經學群,財務金融學類,1703
058122,058,觀光休閒與餐旅管理學系觀光休閒組,民生與餐旅學群,休閒旅遊管理學類,1101
058132,058,觀光休閒與餐旅管理學系餐旅管理組,民生與餐旅學群,餐旅管理學類,1102
058142,058,管理學院學士班,管理學群,企業管理學類,1601
058152,058,國際文教與比較教育學系,教育學群,教育學類,1401
058162,058,教育政策與行政學系,教育學群,教育行政學類,1405
058172,058,諮商心理與人力資源發展學系諮商心理組,社會與心理學群,心理學類,1001
058182,058,諮商心理與人力資源發展學系終身學習與人力資源發展組,社會與心理學群,人力資源學類,1007
058192,058,教育學院學士班教育科技與資訊組,教育學群,教育科技學類,1406
058202,058,教育學院學士班教育心理與輔導組,教育學群,心理與輔導學類,1402
058212,058,資訊工程學系,資訊學群,資訊工程學類,1606
058222,058,資訊工程學系(APCS組),資訊學群,資訊工程學類,1606
058232,058,資訊工程學系(資安組),資訊學群,資訊工程學類,1606
058242,058,土木工程學系,工程學群,土木工程學類,0201
058252,058,電機工程學系,工程學群,電機工程學類,0203
058262,058,應用化學系,自然科學學群,化學學類,0102
058272,058,應用材料及光電工程學系,工程學群,材料科學學類,0204
058282,058,科技學院學士班,工程學群,工程學類,0200
058292,058,科技學院學士班(資安組),工程學群,工程學類,0200
058302,058,護理學系,醫藥衛生學群,護理學類,1804
059012,059,財務金融學系,財經學群,財務金融學類,1703
059022,059,財務金融學系證券投資組,財經學群,財務金融學類,1703
059032,059,財務金融學系AI智慧理財組,財經學群,財務金融學類,1703
059042,059,企業管理學系經營管理組,管理學群,企業管理學類,1601
059052,059,企業管理學系行銷企劃組,管理學群,企業管理學類,1601
059062,059,企業管理學系創新創業組,管理學群,企業管理學類,1601
059072,059,企業管理學系文創管理組,管理學群,企業管理學類,1601
059082,059,旅遊管理學系觀光旅遊經營組,民生與餐旅學群,休閒旅遊管理學類,1101
059092,059,旅遊管理學系觀光導覽組,民生與餐旅學群,休閒旅遊管理學類,1101
059102,059,旅遊管理學系旅館管理組,民生與餐旅學群,餐旅管理學類,1102
059112,059,旅遊管理學系餐宴廚藝組,民生與餐旅學群,餐旅管理學類,1102
059122,059,管理學院國際企業學士學位學程,財經學群,國際企業學類,1704
059132,059,管理學院國際企業學士學位學程國際數位行銷組,財經學群,國際企業學類,1704
059142,059,生死學系殯葬服務組,社會與心理學群,心理學類,1001
059152,059,生死學系諮商組,社會與心理學群,心理學類,1001
059162,059,幼兒教育學系幼兒教保組,教育學群,幼兒教育學類,1403
059172,059,幼兒教育學系多元創新組,教育學群,幼兒教育學類,1403
059182,059,文學系,文史哲學學群,文學學類,1301
059192,059,文學系藝文創作組,文史哲學學群,文學學類,1301
059202,059,外國語文學系應用英語組,外語學群,外國語文學類,1201
059212,059,外國語文學系英日組,外語學群,外國語文學類,1201
059222,059,社會工作學系,社會與心理學群,社會工作學類,1003
059232,059,社會工作學系長期照顧管理組,社會與心理學群,社會工作學類,1003
059242,059,社會工作學系家庭社會工作組,社會與心理學群,社會工作學類,1003
059252,059,社會工作學系兒少社會工作組,社會與心理學群,社會工作學類,1003
059262,059,社會工作學系醫務社會工作組,社會與心理學群,社會工作學類,1003
059272,059,傳播學系廣告公關新聞組,大眾傳播學群,新聞傳播學類,1801
059282,059,傳播學系數位影音製作組,大眾傳播學群,新聞傳播學類,1801
059292,059,傳播學系影劇表演藝術組,大眾傳播學群,新聞傳播學類,1801
059302,059,國際事務與企業學系,財經學群,國際企業學類,1704
059312,059,國際事務與企業學系國際政經與貿易組,財經學群,國際企業學類,1704
059322,059,國際事務與企業學系公共事務與管理組,財經學群,國際企業學類,1704
059332,059,視覺藝術與設計學系繪畫文創組,藝術學群,新媒體與設計學類,0904
059342,059,視覺藝術與設計學系數位設計組,藝術學群,新媒體與設計學類,0904
059352,059,音樂跨域設計與藝術管理學士學位學程展演創作組,藝術學群,音樂學類,0903
059362,059,音樂跨域設計與藝術管理學士學位學程藝術管理組,藝術學群,音樂學類,0903
059372,059,建築學系,工程學群,建築學類,0206
059382,059,建築學系社會組,工程學群,建築學類,0206
059392,059,建築學系自然組,工程學群,建築學類,0206
059402,059,產品與室內設計學系,藝術學群,新媒體與設計學類,0904
059412,059,產品與室內設計學系(青年儲蓄帳戶組),藝術學群,新媒體與設計學類,0904
059422,059,資訊工程學系,資訊學群,資訊工程學類,1606
059432,059,資訊工程學系人工智慧科技組,資訊學群,資訊工程學類,1606
059442,059,資訊工程學系資訊電子組,資訊學群,資訊工程學類,1606
059452,059,資訊工程學系互動遊戲設計組,資訊學群,資訊工程學類,1606
059462,059,自然生物科技學系,生命科學學群,生物科技學類,0704
059472,059,自然生物科技學系生技療癒組,生命科學學群,生物科技學類,0704
059482,059,自然生物科技學系食品生技組,生命科學學群,生物科技學類,0704
059492,059,資訊管理學系,資訊學群,資訊管理學類,1607
059502,059,資訊管理學系人工智慧應用組,資訊學群,資訊管理學類,1607
059512,059,資訊管理學系大數據分析組,資訊學群,資訊管理學類,1607
059522,059,半導體應用學士學位學程IC設計組,工程學群,電子與半導體工程學類,0208
059532,059,半導體應用學士學位學程IC製程組,工程學群,電子與半導體工程學類,0208
059542,059,半導體應用學士學位學程封裝與材料組,工程學群,電子與半導體工程學類,0208
060012,060,體育學系(一般組),教育學群,體育學類,1404
060022,060,體育學系(青年儲蓄帳戶組),教育學群,體育學類,1404
060032,060,休閒運動學系,民生與餐旅學群,休閒旅遊管理學類,1101
060042,060,運動事業管理學系,管理學群,企業管理學類,1601
060052,060,運動健康科學學系,醫藥衛生學群,醫學相關學類,0608
060062,060,運動資訊與傳播學系,大眾傳播學群,傳播與媒體學類,1802
060072,060,體育學系(運動專長組),教育學群,體育學類,1404
063012,063,藝術史與文化資產學系,文史哲學學群,藝術史與文化資產學類,1307
063022,063,應用音樂學系,藝術學群,音樂學類,0903
063032,063,材質創作與設計系,藝術學群,新媒體與設計學類,0904
063042,063,材質創作與設計系(青年儲蓄帳戶組),藝術學群,新媒體與設計學類,0904
065012,065,社會工作學系,社會與心理學群,社會工作學類,1003
065022,065,應用心理學系,社會與心理學群,心理學類,1001
065032,065,法律學系,法政學群,法律學類,1501
065042,065,大眾傳播學系,大眾傳播學群,新聞傳播學類,1801
065052,065,應用日語學系,外語學群,外國語文學類,1201
065062,065,餐旅管理學系,民生與餐旅學群,餐旅管理學類,1102
065072,065,視覺傳達設計學系,藝術學群,新媒體與設計學類,0904
065082,065,藝術與創意設計學系,藝術學群,新媒體與設計學類,0904
079012,079,人文與資訊學系,文史哲學群,文化與產業學類,1302
079022,079,宗教文化與資訊管理學系,文史哲學群,宗教學類,1304
079032,079,宗教文化與資訊管理學系生命關懷組,文史哲學群,宗教學類,1304
079042,079,宗教文化與資訊管理學系資訊與文創組,文史哲學群,文化與產業學類,1302
079052,079,應用日語學系,外語學群,日語文學類,1203
079062,079,應用日語學系(青年儲蓄帳戶組),外語學群,日語文學類,1203
079072,079,資訊工程學系人工智慧應用組,資訊學群,資訊工程學類,0101
079082,079,資訊工程學系多媒體遊戲設計組,資訊學群,資訊工程學類,0101
079092,079,資訊工程學系(APCS組),資訊學群,資訊工程學類,0101
079102,079,資訊工程學系(青年儲蓄帳戶組),資訊學群,資訊工程學類,0101
079112,079,法律學系財經科技法律組,法政學群,法律學類,1501
079122,079,法律學系法律應用實務組,法政學群,法律學類,1501
079132,079,財務金融學系,財經學群,財務金融學類,1701
079142,079,財務金融學系(青年儲蓄帳戶組),財經學群,財務金融學類,1701
079152,079,國際經營與貿易學系,管理學群,國際企業學類,1604
079162,079,國際經營與貿易學系(青年儲蓄帳戶組),管理學群,國際企業學類,1604
079172,079,經濟學系,財經學群,經濟學類,1707
079182,079,企業管理學系,管理學群,企業管理學類,1601
079192,079,運動管理學系,遊憩與運動學群,運動管理學類,1802
079202,079,運動資訊傳播學系,遊憩與運動學群,運動管理學類,1802
079212,079,運動資訊傳播學系(青年儲蓄帳戶組),遊憩與運動學群,運動管理學類,1802
079222,079,觀光事業學系,遊憩與運動學群,觀光事業學類,1801
079232,079,航空事業學系,管理學群,運輸物流管理學類,1607
079242,079,音樂應用學系-跨域應用組,藝術學群,音樂學類,0902
079252,079,音樂應用學系-音樂表演組,藝術學群,音樂學類,0902
099012,099,法律學系法學組,法政學群,法律學類,1501
099022,099,法律學系法學組(飛鳶組),法政學群,法律學類,1501
099032,099,法律學系司法組,法政學群,法律學類,1501
099042,099,法律學系司法組(飛鳶組),法政學群,法律學類,1501
099052,099,法律學系財經法組,法政學群,財經法律學類,1503
099062,099,法律學系財經法組(飛鳶組),法政學群,財經法律學類,1503
099072,099,企業管理學系,管理學群,企業管理學類,1601
099082,099,企業管理學系(飛鳶組),管理學群,企業管理學類,1601
099092,099,金融與合作經營學系,財經學群,金融學類,1706
099102,099,金融與合作經營學系(飛鳶組),財經學群,金融學類,1706
099112,099,會計學系,財經學群,會計學類,1702
099122,099,會計學系(飛鳶組),財經學群,會計學類,1702
099132,099,統計學系,財經學群,統計學類,1707
099142,099,統計學系(飛鳶組),財經學群,統計學類,1707
099152,099,休閒運動管理學系,遊憩與運動學群,休閒管理學類,1803
099162,099,休閒運動管理學系(飛鳶組),遊憩與運動學群,休閒管理學類,1803
099172,099,公共行政暨政策學系,法政學群,行政管理學類,1505
099182,099,公共行政暨政策學系(飛鳶組),法政學群,行政管理學類,1505
099192,099,財政學系,財經學群,財稅學類,1705
099202,099,財政學系(飛鳶組),財經學群,財稅學類,1705
099212,099,不動產與城鄉環境學系甲組,法政學群,地政與土地資產管理學類,1506
099222,099,不動產與城鄉環境學系乙組,法政學群,地政與土地資產管理學類,1506
099232,099,不動產與城鄉環境學系(飛鳶組),法政學群,地政與土地資產管理學類,1506
099242,099,經濟學系,財經學群,經濟學類,1707
099252,099,經濟學系(飛鳶組),財經學群,經濟學類,1707
099262,099,社會學系,社會與心理學群,社會學學類,1002
099272,099,社會學系(飛鳶組),社會與心理學群,社會學學類,1002
099282,099,社會工作學系,社會與心理學群,社會工作學類,1003
099292,099,社會工作學系(飛鳶組),社會與心理學群,社會工作學類,1003
099302,099,中國文學系,文史哲學群,中國語文學類,1301
099312,099,中國文學系(飛鳶組),文史哲學群,中國語文學類,1301
099322,099,應用外語學系,外語學群,英語文學類,1201
099332,099,應用外語學系(飛鳶組),外語學群,英語文學類,1201
099342,099,歷史學系,文史哲學群,歷史學類,1305
099352,099,歷史學系(飛鳶組),文史哲學群,歷史學類,1305
099362,099,資訊工程學系,資訊學群,資訊工程學類,0101
099372,099,資訊工程學系(APCS組),資訊學群,資訊工程學類,0101
099382,099,資訊工程學系(飛鳶組),資訊學群,資訊工程學類,0101
099392,099,通訊工程學系,工程學群,通訊工程學類,0204
099402,099,通訊工程學系(飛鳶組),工程學群,通訊工程學類,0204
099412,099,電機工程學系,工程學群,電機工程學類,0201
099422,099,電機工程學系(飛鳶組),工程學群,電機工程學類,0201
100012,100,教育學系,教育學群,教育學類,1401
100022,100,教育學系(公費生A組),教育學群,教育學類,1401
100032,100,教育學系(公費生B組),教育學群,教育學類,1401
100042,100,輔導與諮商學系,教育學群,輔導與諮商學類,1014
100052,100,特殊教育學系,教育學群,特殊教育學類,1404
100062,100,幼兒教育學系,教育學群,幼兒教育學類,1406
100072,100,數位學習設計與管理學系,資訊學群,數位學習學類,0106
100082,100,中國文學系,文史哲學群,中國語文學類,1301
100092,100,應用歷史學系,文史哲學群,歷史學類,1305
100102,100,外國語言學系英語教學組,外語學群,英語教育學類,1205
100112,100,外國語言學系應用外語組,外語學群,英語文學類,1201
100122,100,企業管理學系,管理學群,企業管理學類,1601
100132,100,應用經濟學系,財經學群,經濟學類,1707
100142,100,科技管理學系,管理學群,企業管理學類,1601
100152,100,資訊管理學系,資訊學群,資訊管理學類,0107
100162,100,資訊管理學系(資安組),資訊學群,資訊管理學類,0107
100172,100,行銷與觀光管理學系,管理學群,行銷經營學類,1609
100182,100,行銷與觀光管理學系(青年儲蓄帳戶組),管理學群,行銷經營學類,1609
100192,100,財務金融學系,財經學群,財務金融學類,1701
100202,100,財務金融學系(青年儲蓄帳戶組),財經學群,財務金融學類,1701
100212,100,農藝學系,生物資源學群,農藝學類,0604
100222,100,園藝學系,生物資源學群,園藝學類,0606
100232,100,森林暨自然資源學系,生物資源學群,森林學類,0607
100242,100,木質材料與設計學系,生物資源學群,森林學類,0607
100252,100,動物科學系,生物資源學群,動物科學學類,0605
100262,100,農業生物科技學系,生物資源學群,生物科技學類,0505
100272,100,景觀學系,建築與設計學群,景觀與空間設計學類,0803
100282,100,植物醫學系,生物資源學群,植物保護與昆蟲學類,0602
100292,100,電子物理學系,數理化學群,物理學類,0303
100302,100,應用化學系,數理化學群,化學學類,0302
100312,100,應用數學系,數理化學群,數學學類,0301
100322,100,資訊工程學系,資訊學群,資訊工程學類,0101
100332,100,資訊工程學系(APCS組),資訊學群,資訊工程學類,0101
100342,100,生物機電工程學系,工程學群,機械工程學類,0206
100352,100,生物機電工程學系(青年儲蓄帳戶組),工程學群,機械工程學類,0206
100362,100,土木與水資源工程學系,工程學群,土木工程學類,0208
100372,100,電機工程學系,工程學群,電機工程學類,0201
100382,100,機械與能源工程學系,工程學群,機械工程學類,0206
100392,100,食品科學系,醫藥衛生學群,食品營養保健學類,0409
100402,100,水生生物科學系,生命科學學群,生物科技學類,0505
100412,100,生物資源學系,生物資源學群,生物資源學類,0609
100422,100,生化科技學系,生命科學學群,生化學類,0305
100432,100,微生物免疫與生物藥學系,生命科學學群,生命科學學類,0504
100442,100,獸醫學系,生物資源學群,獸醫學類,0610
100452,100,音樂學系(A組),藝術學群,音樂學類,0902
100462,100,音樂學系(B組),藝術學群,音樂學類,0902
100472,100,視覺藝術學系,藝術學群,藝術與設計學類,0904
100482,100,視覺藝術學系(青年儲蓄帳戶組),藝術學群,藝術與設計學類,0904
100492,100,體育與健康休閒學系,遊憩與運動學群,運動保健學類,1804
101012,101,西洋語文學系,外語學群,英語文學類,1201
101022,101,運動健康與休閒學系,遊憩與運動學群,運動保健學類,1804
101032,101,東亞語文學系日語組,外語學群,日語文學類,1203
101042,101,東亞語文學系韓語組,外語學群,東方語文學類,1204
101052,101,東亞語文學系越語組,外語學群,東方語文學類,1204
101062,101,法律學系,法政學群,法律學類,1501
101072,101,政治法律學系,法政學群,政治學類,1504
101082,101,財經法律學系,法政學群,財經法律學類,1503
101092,101,應用經濟學系,財經學群,經濟學類,1707
101102,101,亞太工商管理學系企業管理組,管理學群,企業管理學類,1601
101112,101,亞太工商管理學系工業管理組,管理學群,工業工程與管理學類,1608
101122,101,資訊管理學系,資訊學群,資訊管理學類,0107
101132,101,資訊管理學系(資安組),資訊學群,資訊管理學類,0107
101142,101,財務金融學系,財經學群,財務金融學類,1701
101152,101,應用數學系,數理化學群,數學學類,0301
101162,101,應用化學系,數理化學群,化學學類,0302
101172,101,應用物理學系,數理化學群,物理學類,0303
101182,101,生命科學系,生命科學學群,生命科學學類,0504
101192,101,電機工程學系,工程學群,電機工程學類,0201
101202,101,電機工程學系(青年儲蓄帳戶組),工程學群,電機工程學類,0201
101212,101,土木與環境工程學系土木工程組,工程學群,土木工程學類,0208
101222,101,土木與環境工程學系環境工程組,工程學群,環境工程學類,0213
101232,101,化學工程及材料工程學系,工程學群,材料工程學類,0211
101242,101,資訊工程學系,資訊學群,資訊工程學類,0101
101252,101,資訊工程學系(資安組),資訊學群,資訊工程學類,0101
101262,101,建築學系,建築與設計學群,建築學類,0802
101272,101,工藝與創意設計學系,建築與設計學群,商業設計學類,0806
108012,108,醫學系,醫藥衛生學群,醫學學類,0401
108022,108,醫學系(公費生),醫藥衛生學群,醫學學類,0401
108032,108,藥學系,醫藥衛生學群,藥學學類,0408
108042,108,醫學檢驗生物技術學系,醫藥衛生學群,醫學檢驗暨生物技術學類,0407
108052,108,物理治療學系,醫藥衛生學群,物理治療學類,0405
108062,108,公共衛生學系,醫藥衛生學群,公共衛生學類,0402
108072,108,分子生物暨人類遺傳學系,生命科學學群,生命科學學類,0504
108082,108,醫學影像暨放射科學系,醫藥衛生學群,醫學影像暨放射科學學類,0408
108092,108,護理學系,醫藥衛生學群,護理學類,0406
108102,108,資訊工程學系,資訊學群,資訊工程學類,0101
108112,108,生物醫學暨工程學系,生命科學學群,生物醫學工程學類,0506
108122,108,傳播學系,大眾傳播學群,大眾傳播學類,1102
108132,108,兒童發展與家庭教育學系,教育學群,兒童與家庭學類,1015
108142,108,社會工作學系,社會與心理學群,社會工作學類,1003
108152,108,人類發展與心理學系,社會與心理學群,心理學類,1001
108162,108,外語暨新興科技應用學系,外語學群,英語文學類,1201
108172,108,資訊科技與管理學系,資訊學群,資訊管理學類,0107
108182,108,醫務暨健康管理學系,管理學群,醫務管理學類,1604
108192,108,經營管理學系,管理學群,企業管理學類,1601
108202,108,翔飛A組(醫技系、物治系),醫藥衛生學群,醫學檢驗暨生物技術學類,0407
108212,108,翔飛B組(藥學系),醫藥衛生學群,藥學學類,0408
108222,108,翔飛C組(護理學系),醫藥衛生學群,護理學類,0406
108232,108,資訊工程學系(APCS組),資訊學群,資訊工程學類,0101
109012,109,醫學系,醫藥衛生學群,醫學學類,0401
109022,109,牙醫學系,醫藥衛生學群,牙醫學類,0403
109032,109,藥學系藥學組,醫藥衛生學群,藥學學類,0408
109042,109,藥學系藥學組(英語組),醫藥衛生學群,藥學學類,0408
109052,109,藥學系臨床藥學組,醫藥衛生學群,藥學學類,0408
109062,109,醫學檢驗暨生物技術學系,醫藥衛生學群,醫學檢驗暨生物技術學類,0407
109072,109,護理學系,醫藥衛生學群,護理學類,0406
109082,109,保健營養學系,醫藥衛生學群,食品營養保健學類,0409
109092,109,公共衛生學系,醫藥衛生學群,公共衛生學類,0402
109102,109,醫務管理學系,管理學群,醫務管理學類,1604
109112,109,呼吸治療學系,醫藥衛生學群,呼吸治療學類,0410
109122,109,高齡健康暨長期照護學系,醫藥衛生學群,健康照護學類,0411
109132,109,牙體技術學系,醫藥衛生學群,牙醫學類,0403
109142,109,口腔衛生學系,醫藥衛生學群,口腔衛生學類,0412
109152,109,生物醫學工程學系,生命科學學群,生物醫學工程學類,0506
109162,109,食品安全學系,醫藥衛生學群,食品營養保健學類,0409
109172,109,醫學系（展翅A組),醫藥衛生學群,醫學學類,0401
109182,109,牙醫學系（展翅B組),醫藥衛生學群,牙醫學類,0403
109192,109,展翅C組,醫藥衛生學群,醫學影像暨放射科學學類,0408
109202,109,展翅D組,醫藥衛生學群,護理學類,0406
109212,109,展翅E組,醫藥衛生學群,醫學檢驗暨生物技術學類,0407
110012,110,企業與創業管理學系,管理學群,企業管理學類,1601
110022,110,企業與創業管理學系(青年儲蓄帳戶組),管理學群,企業管理學類,1601
110032,110,國際企業學系,管理學群,國際企業學類,1704
110042,110,商學院國際榮譽學士學位學程,管理學群,企業管理學類,1601
110052,110,國際物流與運輸管理學系,管理學群,運輸物流管理學類,1612
110062,110,空運管理學系,管理學群,運輸物流管理學類,1612
110072,110,觀光與餐飲旅館學系,遊憩與運動學群,觀光事業學類,1805
110082,110,休閒與運動管理學系,遊憩與運動學群,休閒管理學類,1803
110092,110,資訊管理學系,資訊學群,資訊管理學類,0107
110102,110,資訊傳播學系,大眾傳播學群,資訊傳播學類,1101
110112,110,電影與創意媒體學系,大眾傳播學群,廣播電視電影學類,1103
110122,110,法律學系,法政學群,法律學類,1501
110132,110,應用日語學系,外語學群,日語文學類,1203
110142,110,應用日語學系(青年儲蓄帳戶組),外語學群,日語文學類,1203
110152,110,應用英語學系,外語學群,英語文學類,1201
110162,110,應用英語學系(青年儲蓄帳戶組),外語學群,英語文學類,1201
110172,110,保健營養學系,醫藥衛生學群,食品營養保健學類,0409
110182,110,健康產業管理學系,管理學群,運動管理學類,1802
110192,110,AI科技與創新設計學士學位學程,資訊學群,數位媒體設計學類,0104
112012,112,嬰幼兒保育學系(台北校區),教育學群,幼兒保育與教育學類,1014
112022,112,長期照護學系(台北校區),醫藥衛生學群,健康照護學類,0411
113012,113,財務金融學系,財經學群,財務金融學類,1701
113022,113,財經法律學系,法政學群,法律學類,1501
113032,113,企業管理學系,管理學群,企業管理學類,1601
113042,113,金融管理學院學士班,財經學群,財務金融學類,1701
113052,113,科技金融學系,財經學群,財務金融學類,1701
113062,113,運動產業管理學士學位學程,遊憩與運動學群,運動管理學類,1802
113072,113,財務金融學系(青年儲蓄帳戶組),財經學群,財務金融學類,1701
130012,130,建築環境設計學士學位學程(社會組),建築與設計學群,建築學類,0801
130022,130,建築環境設計學士學位學程(自然組),建築與設計學群,建築學類,0801
130032,130,傳播學系(數位媒體與智能創作組),大眾傳播學群,資訊傳播學類,1101
130042,130,傳播學系(廣告公關與精準行銷組),大眾傳播學群,大眾傳播學類,1102
130052,130,傳播學系(流行音樂傳播與策展組),大眾傳播學群,大眾傳播學類,1102
130062,130,資訊應用學系(資訊系統開發組),資訊學群,資訊管理學類,0107
130072,130,資訊應用學系(動畫與視覺特效組),資訊學群,數位媒體設計學類,0104
130082,130,資訊應用學系(數位遊戲開發組),資訊學群,資訊工程學類,0101
130092,130,人工智慧技術與應用學士學位學程,資訊學群,人工智慧學類,0105
130102,130,語文學系(華語文創組),外語學群,中國語文學類,1204
130112,130,語文學系(應用英日語組),外語學群,英語文學類,1201
130122,130,語文學系(應用英韓語組),外語學群,其他語文學類,1205
130132,130,歷史學系,文史哲學群,歷史學類,1305
130142,130,社會工作學系(A組),社會與心理學群,社會工作學類,1003
130152,130,社會工作學系(B組),社會與心理學群,社會工作學類,1003
130162,130,心理學系,社會與心理學群,心理學類,1001
130172,130,公共行政與國際事務學系,法政學群,公共行政學類,1503
130182,130,運動與健康促進管理學士學位學程,遊憩與運動學群,運動健康科學學類,1804
130192,130,應用經濟學系(財務金融組),財經學群,財務金融學類,1701
130202,130,應用經濟學系(國際商務組),財經學群,國際企業學類,1704
130212,130,產品與媒體設計學系（智慧產品設計組),藝術學群,視覺傳達設計學類,0903
130222,130,產品與媒體設計學系（視覺媒體設計組),藝術學群,視覺傳達設計學類,0903
134012,134,健康產業管理學系跨領域高齡智慧照顧組,醫藥衛生學群,健康照護學類,0411
134022,134,健康產業管理學系醫療機構管理組,管理學群,醫務管理學類,1610
134032,134,食品營養與保健生技學系食品營養組,醫藥衛生學群,食品營養保健學類,0410
134042,134,食品營養與保健生技學系藥用化粧品醫美組,醫藥衛生學群,化妝品學類,0412
134052,134,醫學檢驗暨生物技術學系醫事檢驗組,醫藥衛生學群,醫學檢驗暨生技學類,0407
134062,134,醫學檢驗暨生物技術學系生物技術組,生命科學學群,生物科技學類,0505
134072,134,心理學系心理師研修組,社會與心理學群,心理學類,1001
134082,134,心理學系諮商與臨床心理組,社會與心理學群,輔導與諮商學類,1006
134092,134,心理學系工商與社會心理組,社會與心理學群,心理學類,1001
134102,134,視光學系,醫藥衛生學群,視光學類,0415
134112,134,聽力暨語言治療學系,醫藥衛生學群,語言治療/聽力與語言學類,0416
134122,134,職能治療學系,醫藥衛生學群,職能治療學類,0405
134132,134,物理治療學系,醫藥衛生學群,物理治療學類,0404
134142,134,護理學系國際護理組,醫藥衛生學群,護理學類,0406
134152,134,護理學系智慧護理組,醫藥衛生學群,護理學類,0406
134162,134,護理學系臨床照護組,醫藥衛生學群,護理學類,0406
134172,134,長期照護學系,醫藥衛生學群,健康照護學類,0411
134182,134,生物資訊與醫學工程學系生醫資訊組,資訊學群,生物資訊學類,0102
134192,134,生物資訊與醫學工程學系醫學工程組,生命科學學群,生醫/醫學工程學類,0502
134202,134,資訊工程學系人工智慧與機器人組,資訊學群,資訊工程學類,0101
134212,134,資訊工程學系半導體資訊組,資訊學群,資訊工程學類,0101
134222,134,資訊工程學系(資安組),資訊學群,資訊工程學類,0101
134232,134,人工智慧學系,資訊學群,人工智慧學類,0105
134242,134,人工智慧學系(資安組),資訊學群,人工智慧學類,0105
134252,134,資訊傳播學系,大眾傳播學群,資訊傳播學類,1101
134262,134,半導體學士學位學程,工程學群,電子工程學類,0203
134272,134,經營管理學系,管理學群,企業管理學類,1601
134282,134,會計與資訊學系,管理學群,會計學類,1702
134292,134,財務金融學系智能投資組,財經學群,財務金融學類,1701
134302,134,財務金融學系金融科技組,財經學群,財務金融學類,1701
134312,134,財經法律學系,法政學群,財經法律學類,1502
134322,134,社會工作學系家庭與司法保護社工組,社會與心理學群,社會工作學類,1003
134332,134,社會工作學系醫務與心衛社工組,社會與心理學群,社會工作學類,1003
134342,134,幼兒教育學系,教育學群,幼兒教育學類,1408
134352,134,數位媒體設計學系,藝術學群,多媒體與動畫學類,0904
134362,134,創意商品設計學系,建築與設計學群,工業設計學類,0805
134372,134,時尚設計學系,藝術學群,時尚與服裝設計學類,0909
134382,134,室內設計學系,建築與設計學群,空間設計學類,0802
150012,150,外國語文學系,外語學群,英語文學類,1201
150022,150,應用經濟與管理學系,財經學群,經濟學類,1707
150032,150,休閒產業與健康促進學系,遊憩與運動學群,休閒管理學類,1803
150042,150,土木工程學系,工程學群,土木工程學類,0208
150052,150,機械與機電工程學系,工程學群,機械工程學類,0206
150062,150,化學工程與材料工程學系,工程學群,化學工程學類,0209
150072,150,環境工程學系,地球與環境學群,環境工程學類,0702
150082,150,生物機電工程學系,工程學群,生醫/醫學工程學類,0205
150092,150,食品科學系,生命科學學群,食品生技學類,0508
150102,150,生物技術與動物科學系,生命科學學群,動物科學學類,0506
150112,150,森林暨自然資源學系,生物資源學群,森林學類,0607
150122,150,園藝學系,生物資源學群,園藝學類,0603
150132,150,電機工程學系,工程學群,電機工程學類,0201
150142,150,電子工程學系,工程學群,電子工程學類,0203
150152,150,電子工程學系(APCS組),工程學群,電子工程學類,0203
150162,150,資訊工程學系,資訊學群,資訊工程學類,0101
150172,150,資訊工程學系(APCS組),資訊學群,資訊工程學類,0101
150182,150,資訊工程學系(資安組),資訊學群,資訊工程學類,0101
151012,151,機械工程學系,工程學群,機械工程學類,0206
151022,151,化學工程學系,工程學群,化學工程學類,0209
151032,151,土木與防災工程學系,工程學群,土木工程學類,0208
151042,151,材料科學工程學系,工程學群,材料工程學類,0211
151052,151,環境與安全衛生工程學系,地球與環境學群,環境工程學類,0702
151062,151,能源工程學系,工程學群,工程科學學類,0204
151072,151,建築學系,建築與設計學群,建築學類,0801
151082,151,工業設計學系,建築與設計學群,工業設計學類,0805
151092,151,電機工程學系(A組),工程學群,電機工程學類,0201
151102,151,電機工程學系(B組),工程學群,電機工程學類,0201
151112,151,電子工程學系(A組),工程學群,電子工程學類,0203
151122,151,電子工程學系(B組),工程學群,電子工程學類,0203
151132,151,光電工程學系A組(光電半導體組),資訊學群,光電學類,0103
151142,151,光電工程學系B組(智慧光電應用組),資訊學群,光電學類,0103
151152,151,資訊工程學系,資訊學群,資訊工程學類,0101
151162,151,經營管理學系,管理學群,企業管理學類,1601
151172,151,資訊管理學系,資訊學群,資訊管理學類,0107
151182,151,資訊管理學系(APCS組),資訊學群,資訊管理學類,0107
151192,151,財務金融學系,財經學群,財務金融學類,1701
151202,151,臺灣語文與傳播學系,文史哲學群,臺灣語文學類,1307
151212,151,華語文學系,文史哲學群,中國語文學類,1304
151222,151,文化觀光產業學系,遊憩與運動學群,觀光事業學類,1801
151232,151,文化創意與數位行銷學系,管理學群,行銷經營學類,1604
152012,152,醫學系,醫藥衛生學群,醫學學類,0401
152022,152,護理學系,醫藥衛生學群,護理學類,0406
152032,152,聽力暨語言治療學系聽力組,醫藥衛生學群,語言治療/聽力與語言學類,0416
152042,152,聽力暨語言治療學系語言組,醫藥衛生學群,語言治療/聽力與語言學類,0416
152052,152,視光學系,醫藥衛生學群,視光學類,0415
152062,152,醫學檢驗暨再生醫學學系,醫藥衛生學群,醫學檢驗暨生技學類,0407
152072,152,醫學系(薪傳組),醫藥衛生學群,醫學學類,0401
152082,152,護理學系(薪傳組),醫藥衛生學群,護理學類,0406
152092,152,聽力暨語言治療學系聽力組(薪傳組),醫藥衛生學群,語言治療/聽力與語言學類,0416
152102,152,視光學系(薪傳組),醫藥衛生學群,視光學類,0415
152112,152,醫學檢驗暨再生醫學學系(薪傳組),醫藥衛生學群,醫學檢驗暨生技學類,0407
152122,152,護理學系(青年儲蓄帳戶組),醫藥衛生學群,護理學類,0406
153012,153,應用英語學系,外語學群,英語文學類,1201
153022,153,運動與休閒學系,遊憩與運動學群,運動健康科學學類,1804
153032,153,運動與休閒學系(青年儲蓄帳戶組),遊憩與運動學群,運動健康科學學類,1804
153042,153,企業管理學系,管理學群,企業管理學類,1601
153052,153,電機工程學系,工程學群,電機工程學類,0201
153062,153,電機工程學系(APCS組),工程學群,電機工程學類,0201
153072,153,食品科學系,生命科學學群,食品生技學類,0508
153082,153,食品科學系(青年儲蓄帳戶組),生命科學學群,食品生技學類,0508
153092,153,土木與工程管理學系,工程學群,土木工程學類,0208
153102,153,觀光管理學系,遊憩與運動學群,觀光事業學類,1801
153112,153,觀光管理學系(青年儲蓄帳戶組),遊憩與運動學群,觀光事業學類,1801
153122,153,資訊工程學系,資訊學群,資訊工程學類,0101
153132,153,資訊工程學系(APCS組),資訊學群,資訊工程學類,0101
153142,153,資訊工程學系(青年儲蓄帳戶組),資訊學群,資訊工程學類,0101
153152,153,建築學系,建築與設計學群,建築學類,0801
153162,153,國際暨大陸事務學系,法政學群,政治學類,1504
153172,153,華語文學系,文史哲學群,中國語文學類,1304
153182,153,海洋與邊境管理學系,地球與環境學群,海洋科學學類,0704
153192,153,海洋與邊境管理學系(青年儲蓄帳戶組),地球與環境學群,海洋科學學類,0704
153202,153,工業工程與管理學系,工程學群,工業工程與管理學類,0212
153212,153,護理學系(A組),醫藥衛生學群,護理學類,0406
153222,153,護理學系(B組),醫藥衛生學群,護理學類,0406
153232,153,長期照護學系,醫藥衛生學群,健康照護學類,0411
153242,153,社會工作學系,社會與心理學群,社會工作學類,1003
153252,153,都市計畫與景觀學系,建築與設計學群,都市規劃學類,0803
